# Fix print output for fix def1
-1.28441967840085e-15 -0.0293687681149612
9.8999999998719e-05 0.0194348397334096
0.000198999999998734 0.0798266408821547
0.00029899999999875 0.145965951888342
0.000398999999998765 0.180350720726613
0.00049899999999878 0.224379626636476
0.000598999999998794 0.269518840123658
0.00069899999999881 0.302789893666678
0.000798999999998826 0.344750965595422
0.000898999999998843 0.402719809923209
0.000998999999998853 0.41774573928052
0.00109899999999873 0.464738423311475
0.00119899999999875 0.507129761845863
0.00129899999999876 0.532916854516412
0.00139899999999877 0.588557049937118
0.00149899999999865 0.613435742202842
0.00159899999999866 0.64843101237425
0.00169899999999867 0.709899943477073
0.00179899999999869 0.746593041724673
0.00189899999999871 0.776267167797125
0.00199899999999872 0.822194737110329
0.00209899999999873 0.851876970466818
0.00219899999999875 0.898127082337876
0.00229899999999877 0.93564657126532
0.00239899999999878 0.986660879004217
0.0024989999999988 1.03299293173275
0.00259899999999881 1.06651188141556
0.00269899999999883 1.11063325463207
0.00279899999999884 1.14902922755886
0.00289899999999872 1.19828923767005
0.00299899999999873 1.23305861662269
0.00309899999999874 1.26356343538165
0.00319899999999876 1.30284452346793
0.00329899999999878 1.34194113035557
0.00339899999999865 1.39710859303759
0.00349899999999866 1.41650043841595
0.00359899999999868 1.47526670612504
0.00369899999999869 1.50753295786876
0.00379899999999871 1.54464250494397
0.00389899999999872 1.57588128078074
0.00399899999999874 1.62800642520327
0.00409899999999875 1.64606752189247
0.00419899999999877 1.68226220664535
0.00429899999999879 1.72721853672438
0.0043989999999988 1.77470062182002
0.00449899999999881 1.81495923249796
0.00459899999999883 1.86558950750286
0.00469899999999885 1.90605514739053
0.00479899999999872 1.93006432744225
0.00489899999999873 1.98574400728124
0.00499899999999875 2.00087980859228
0.00509899999999878 2.03623691182394
0.00519899999999864 2.06395749348855
0.00529899999999865 2.10799978358044
0.00539899999999865 2.14385908258562
0.00549899999999866 2.20114366929995
0.00559899999999871 2.23749429983843
0.00569899999999872 2.27964216510492
0.00579899999999873 2.32264359911411
0.00589899999999873 2.37790448756372
0.00599899999999874 2.39184833188022
0.00609899999999879 2.44691936638573
0.0061989999999988 2.46127756640074
0.00629899999999881 2.50494809191514
0.00639899999999881 2.54294509950497
0.00649899999999882 2.59985153533601
0.00659899999999882 2.61484435281262
0.00669899999999873 2.64864400623655
0.00679899999999874 2.67365907859519
0.00689899999999874 2.70156221546997
0.00699899999999875 2.73016397024601
0.00709899999999865 2.80228942984254
0.00719899999999866 2.84636228009066
0.00729899999999867 2.89071258646127
0.00739899999999867 2.9530128363341
0.00749899999999868 2.98183739483256
0.00759899999999873 3.02181674531859
0.00769899999999874 3.06544175623866
0.00779899999999875 3.09620335808764
0.00789899999999875 3.12535904216548
0.00799899999999876 3.16726622118774
0.00809899999999876 3.20413238192909
0.00819899999999882 3.23470997522255
0.00829899999999883 3.27338565456744
0.00839899999999883 3.29485191057959
0.00849899999999884 3.33780079629675
0.00859899999999874 3.38081279376827
0.00869899999999875 3.42624050395827
0.00879899999999876 3.45685900667483
0.00889899999999876 3.51165860226869
0.00899899999999862 3.53814326487203
0.00909899999999867 3.55914800736661
0.00919899999999868 3.63013394093802
0.00929899999999869 3.66886603531298
0.00939899999999869 3.70011558541509
0.0094989999999987 3.71597030041333
0.00959899999999875 3.74670846638891
0.00969899999999876 3.77058203017167
0.00979899999999877 3.80867035400243
0.00989899999999877 3.8477486492823
0.00999899999999878 3.89375464438936
0.0100989999999988 3.95235833451575
0.0101989999999988 3.97046266695852
0.0102989999999988 4.00522105479536
0.0103989999999987 4.04871496368121
0.0104989999999987 4.10017608495977
0.0105989999999987 4.12146511013462
0.0106989999999988 4.16539076878601
0.0107989999999986 4.19896231840325
0.0108989999999986 4.23880376491165
0.0109989999999986 4.27291549877985
0.0110989999999987 4.30409159909223
0.0111989999999987 4.33823998568399
0.0112989999999987 4.3751611271046
0.0113989999999987 4.43085091489203
0.0114989999999987 4.45551099902033
0.0115989999999987 4.48745868065742
0.0116989999999988 4.51917166968844
0.0117989999999988 4.56352598897225
0.0118989999999988 4.62059588483562
0.0119989999999988 4.65429432713607
0.0120989999999988 4.69216816847375
0.0121989999999989 4.72006261103593
0.0122989999999987 4.74883239449653
0.0123989999999987 4.7539295245746
0.0124989999999987 4.8228620842599
0.0125989999999987 4.86379334418352
0.0126989999999986 4.88795621023889
0.0127989999999986 4.92563862333283
0.0128989999999987 4.95731804448605
0.0129989999999987 4.98811985663124
0.0130989999999987 5.04436443792846
0.0131989999999987 5.06181551154032
0.0132989999999987 5.09623454286358
0.0133989999999987 5.1337111491632
0.0134989999999987 5.16738320617215
0.0135989999999987 5.21990019073432
0.0136989999999988 5.23441264145728
0.0137989999999988 5.27019384777358
0.0138989999999988 5.30714192088186
0.0139989999999988 5.35488319157812
0.0140989999999988 5.40343502569317
0.0141989999999987 5.43601468687578
0.0142989999999987 5.48100050694121
0.0143989999999987 5.52019031459132
0.0144989999999987 5.53768029219742
0.0145989999999987 5.57940197397247
0.0146989999999987 5.60674466625352
0.0147989999999987 5.64890036831714
0.0148989999999987 5.66784895986414
0.0149989999999987 5.71342998577473
0.0150989999999987 5.73006406113944
0.0151989999999987 5.76472575797764
0.0152989999999987 5.78960206112873
0.0153989999999988 5.82864551004926
0.0154989999999988 5.87676847948844
0.0155989999999988 5.93163121537337
0.0156989999999988 5.94692276676321
0.0157989999999988 5.99913228402654
0.0158989999999988 6.03435507920877
0.0159989999999987 6.04692154477269
0.0160989999999987 6.09577335415068
0.0161989999999987 6.1354031614331
0.0162989999999988 6.16551911515539
0.0163989999999988 6.21002631045855
0.0164989999999986 6.25484488396852
0.0165989999999986 6.28121018622059
0.0166989999999987 6.30308041500855
0.0167989999999987 6.34967189463288
0.0168989999999987 6.37553001929927
0.0169989999999987 6.4117390355191
0.0170989999999987 6.45964935182848
0.0171989999999988 6.50675944554958
0.0172989999999988 6.52514085003621
0.0173989999999988 6.55795571371964
0.0174989999999988 6.59200227729453
0.0175989999999988 6.62701535313868
0.0176989999999988 6.65644323819757
0.0177989999999988 6.6906169040676
0.0178989999999987 6.73254305578511
0.0179989999999987 6.76575999503524
0.0180989999999987 6.80050563345872
0.0181989999999988 6.83065464607012
0.0182989999999986 6.87438237897843
0.0183989999999986 6.89992295683969
0.0184989999999986 6.92642923715582
0.0185989999999986 6.95787914383469
0.0186989999999987 7.00134976783209
0.0187989999999987 7.02838950728527
0.0188989999999987 7.06571749149888
0.0189989999999987 7.09350076589771
0.0190989999999987 7.13452694514555
0.0191989999999988 7.16061679155502
0.0192989999999988 7.20618691764921
0.0193989999999988 7.23660633395279
0.0194989999999988 7.2672711908048
0.0195989999999988 7.29977891856907
0.0196989999999988 7.33753989093087
0.0197989999999987 7.37236745243167
0.0198989999999987 7.40160792113822
0.0199989999999987 7.42932362165495
0.0200989999999987 7.47114564726841
0.0201989999999986 7.49669845999833
0.0202989999999986 7.53783882796309
0.0203989999999987 7.56562038984421
0.0204989999999987 7.60112498400286
0.0205989999999987 7.64116002389812
0.0206989999999987 7.66975901654961
0.0207989999999987 7.7023315502932
0.0208989999999987 7.69881193782323
0.0209989999999987 7.75372729317081
0.0210989999999987 7.76934036243992
0.0211989999999988 7.81120632362636
0.0212989999999988 7.85380993674009
0.0213989999999988 7.88989191181464
0.0214989999999988 7.93546683024065
0.0215989999999988 7.94215440295549
0.0216989999999987 8.00361153986454
0.0217989999999987 8.02752212824718
0.0218989999999987 8.06432221033863
0.0219989999999987 8.08492332977283
0.0220989999999986 8.11108540331954
0.0221989999999987 8.14559749370618
0.0222989999999987 8.17907938448057
0.0223989999999987 8.21366749210233
0.0224989999999987 8.23174848310871
0.0225989999999987 8.26687462892443
0.0226989999999987 8.30865183331753
0.0227989999999987 8.33424827023065
0.0228989999999988 8.37225860851524
0.0229989999999988 8.40839775691588
0.0230989999999988 8.42769161937129
0.0231989999999988 8.46243490817219
0.0232989999999988 8.49832679594602
0.0233989999999988 8.53175511568652
0.0234989999999987 8.56417869696417
0.0235989999999987 8.61044562928668
0.0236989999999987 8.63590189611921
0.0237989999999988 8.67841841931502
0.0238989999999988 8.72596138612782
0.0239989999999986 8.74451302552847
0.0240989999999986 8.78136997270065
0.0241989999999987 8.80706085363074
0.0242989999999987 8.85052614227745
0.0243989999999987 8.88807041406642
0.0244989999999987 8.89858992472754
0.0245989999999987 8.93250013120887
0.0246989999999987 8.94896227386699
0.0247989999999988 8.97647169858608
0.0248989999999988 8.99749087528667
0.0249989999999988 9.0231654620324
0.0250989999999988 9.07075972833888
0.0251989999999988 9.09120096255677
0.0252989999999988 9.12964542118172
0.0253989999999987 9.17103774089702
0.0254989999999987 9.18768346505432
0.0255989999999987 9.22257191038442
0.0256989999999987 9.23161275203808
0.0257989999999986 9.27376128482956
0.0258989999999986 9.30884327687912
0.0259989999999986 9.33101836219227
0.0260989999999986 9.36422082248246
0.0261989999999987 9.39150822912051
0.0262989999999987 9.42350666003934
0.0263989999999987 9.43497910322163
0.0264989999999987 9.47256790678398
0.0265989999999987 9.50407168208916
0.0266989999999987 9.52924423437799
0.0267989999999988 9.56287718070558
0.0268989999999988 9.59454820409379
0.0269989999999988 9.62937446018862
0.0270989999999988 9.63894368559995
0.0271989999999988 9.68465875416323
0.0272989999999987 9.71358091930239
0.0273989999999987 9.74543990637934
0.0274989999999987 9.78347936728967
0.0275989999999987 9.80556310983676
0.0276989999999986 9.83620948937688
0.0277989999999986 9.86381895923247
0.0278989999999987 9.9182072196854
0.0279989999999987 9.93368632692095
0.0280989999999987 9.96466823881286
0.0281989999999987 9.98652398851878
0.0282989999999987 10.0163187665972
0.0283989999999987 10.0258153831277
0.0284989999999987 10.072414955424
0.0285989999999987 10.0924057576337
0.0286989999999987 10.1243930505113
0.0287989999999988 10.1476672882599
0.0288989999999988 10.1864555921704
0.0289989999999988 10.2127989899461
0.0290989999999988 10.2421058794909
0.0291989999999987 10.2785369030824
0.0292989999999987 10.2903745677868
0.0293989999999987 10.3147613920611
0.0294989999999987 10.3432406432143
0.0295989999999986 10.3662830865946
0.0296989999999986 10.3958926053083
0.0297989999999987 10.41626884538
0.0298989999999987 10.4348343962911
0.0299989999999987 10.4652857170757
0.0300989999999987 10.4921848533043
0.0301989999999987 10.5259975059848
0.0302989999999987 10.5542441630999
0.0303989999999987 10.5668430311541
0.0304989999999988 10.6053364312722
0.0305989999999988 10.6308384852789
0.0306989999999988 10.6494890079758
0.0307989999999988 10.6871544260107
0.0308989999999988 10.7092068641166
0.0309989999999987 10.748510233158
0.0310989999999987 10.7630269605484
0.0311989999999987 10.7898337037918
0.0312989999999988 10.813454787917
0.0313989999999988 10.8289026377712
0.0314989999999986 10.8611479100084
0.0315989999999986 10.864927467646
0.0316989999999986 10.9088970794985
0.0317989999999987 10.9232312137942
0.0318989999999987 10.9440261622933
0.0319989999999987 10.9792157830591
0.0320989999999987 10.997046274803
0.0321989999999987 11.0534332064629
0.0322989999999987 11.0886385997313
0.0323989999999988 11.1236723436668
0.0324989999999988 11.1482941732427
0.0325989999999988 11.1959480076423
0.0326989999999988 11.2113548437956
0.0327989999999988 11.2423539770283
0.0328989999999987 11.2462699928715
0.0329989999999987 11.2806437141361
0.0330989999999987 11.2900985473441
0.0331989999999987 11.3158615659418
0.0332989999999986 11.3480470368343
0.0333989999999986 11.3860646811996
0.0334989999999986 11.4090296462193
0.0335989999999986 11.4320170117809
0.0336989999999986 11.4628297921849
0.0337989999999987 11.4971383282251
0.0338989999999987 11.52362083454
0.0339989999999987 11.5510119384387
0.0340989999999987 11.5832815796202
0.0341989999999987 11.6143414836821
0.0342989999999987 11.6287689461129
0.0343989999999988 11.6678883144531
0.0344989999999988 11.672362057483
0.0345989999999988 11.700580630367
0.0346989999999988 11.7270954142419
0.0347989999999987 11.7533728123615
0.0348989999999987 11.7749899060238
0.0349989999999987 11.7883252912287
0.0350989999999987 11.8070516841186
0.0351989999999986 11.8445514690615
0.0352989999999986 11.877241574242
0.0353989999999986 11.8937974883443
0.0354989999999987 11.923237221916
0.0355989999999987 11.9441590334972
0.0356989999999987 11.970632032267
0.0357989999999987 11.9871686039213
0.0358989999999987 12.0080923318906
0.0359989999999987 12.0407520403824
0.0360989999999987 12.0650060448191
0.0361989999999987 12.0911827837579
0.0362989999999988 12.1105328589565
0.0363989999999988 12.1376156556016
0.0364989999999988 12.1641846110436
0.0365989999999987 12.2040918981141
0.0366989999999987 12.2140951173963
0.0367989999999987 12.2464459154644
0.0368989999999987 12.255060053875
0.0369989999999986 12.2898562500105
0.0370989999999986 12.3051446743801
0.0371989999999986 12.3368759056927
0.0372989999999986 12.3473807616487
0.0373989999999987 12.3723450675889
0.0374989999999987 12.4160034328453
0.0375989999999987 12.4337710054831
0.0376989999999987 12.4578414472401
0.0377989999999987 12.4836471559664
0.0378989999999988 12.5155113135951
0.0379989999999988 12.5290914553711
0.0380989999999988 12.5473718213432
0.0381989999999988 12.5820309918115
0.0382989999999988 12.590482092344
0.0383989999999988 12.619130768062
0.0384989999999987 12.6192832181848
0.0385989999999987 12.6457085722235
0.0386989999999987 12.6653212956737
0.0387989999999987 12.6933570813187
0.0388989999999986 12.7181359564215
0.0389989999999986 12.7398331538509
0.0390989999999986 12.7739715676611
0.0391989999999986 12.8019225979254
0.0392989999999986 12.8214582741969
0.0393989999999987 12.8451552179519
0.0394989999999987 12.8560875190318
0.0395989999999987 12.8783773398062
0.0396989999999987 12.8936783573382
0.0397989999999987 12.9255201734245
0.0398989999999988 12.9450285610266
0.0399989999999988 12.9670959359381
0.0400989999999988 13.0027032805265
0.0401989999999988 13.0195292250303
0.0402989999999988 13.0480006012046
0.0403989999999987 13.0821633356212
0.0404989999999987 13.1077417260149
0.0405989999999987 13.1239400193725
0.0406989999999987 13.1425995690934
0.0407989999999986 13.1490748683778
0.0408989999999986 13.1656545021315
0.0409989999999986 13.1936439472636
0.0410989999999986 13.2184602963141
0.0411989999999986 13.249878547653
0.0412989999999987 13.2704493720641
0.0413989999999987 13.2923540087277
0.0414989999999987 13.3135220368565
0.0415989999999987 13.3338160368289
0.0416989999999987 13.3545284318954
0.0417989999999987 13.3701915368054
0.0418989999999987 13.3785844373647
0.0419989999999988 13.3942164191561
0.0420989999999988 13.4100226862831
0.0421989999999988 13.4223005911204
0.0422989999999987 13.4400831236677
0.0423989999999987 13.4501319326344
0.0424989999999987 13.4929765447891
0.0425989999999987 13.5007094148653
0.0426989999999986 13.5079369755385
0.0427989999999986 13.5206531078928
0.0428989999999986 13.5367483911325
0.0429989999999987 13.5462521393056
0.0430989999999987 13.5679927543144
0.0431989999999987 13.5829228506017
0.0432989999999987 13.6049676234933
0.0433989999999987 13.6202702072994
0.0434989999999987 13.6280456648908
0.0435989999999987 13.6628953310993
0.0436989999999988 13.6880086969988
0.0437989999999988 13.6988952244818
0.0438989999999988 13.722917485839
0.0439989999999988 13.7394231804254
0.0440989999999987 13.7597145403011
0.0441989999999987 13.7915545484461
0.0442989999999987 13.7937537622594
0.0443989999999987 13.8106818359563
0.0444989999999986 13.8258645205385
0.0445989999999986 13.84797727038
0.0446989999999986 13.8512384867061
0.0447989999999986 13.855157121448
0.0448989999999987 13.8749841841357
0.0449989999999987 13.9005719166046
0.0450989999999987 13.9175681182199
0.0451989999999987 13.9275723206221
0.0452989999999987 13.941827895973
0.0453989999999987 13.9521285856187
0.0454989999999988 13.9738401698127
0.0455989999999988 13.9977482450555
0.0456989999999988 14.0264245723478
0.0457989999999988 14.0313586769652
0.0458989999999988 14.0303054972175
0.0459989999999987 14.0472889776423
0.0460989999999987 14.0668747681019
0.0461989999999987 14.0842133224667
0.0462989999999987 14.0998380747375
0.0463989999999986 14.0998261700886
0.0464989999999986 14.1129904456169
0.0465989999999986 14.1256459153476
0.0466989999999986 14.1358585190491
0.0467989999999986 14.1635762737861
0.0468989999999986 14.1679227635206
0.0469989999999987 14.176740327633
0.0470989999999987 14.1737306688947
0.0471989999999987 14.2076533349615
0.0472989999999987 14.2137462190459
0.0473989999999987 14.2240045947865
0.0474989999999988 14.2405525604704
0.0475989999999988 14.2605822764634
0.0476989999999988 14.2851671744578
0.0477989999999988 14.303329065231
0.0478989999999986 14.3015399485749
0.0479989999999987 14.3181791655942
0.0480989999999987 14.3444376378175
0.0481989999999987 14.3503325136056
0.0482989999999986 14.375085009215
0.0483989999999986 14.3594755019496
0.0484989999999986 14.3889604483491
0.0485989999999986 14.3959033121305
0.0486989999999987 14.4011772301279
0.0487989999999987 14.4309161145279
0.0488989999999987 14.4320861252136
0.0489989999999987 14.4369634815892
0.0490989999999987 14.4475353730922
0.0491989999999987 14.4774774225915
0.0492989999999987 14.4875761998233
0.0493989999999987 14.510233707374
0.0494989999999988 14.5326013358888
0.0495989999999988 14.5403288985648
0.0496989999999988 14.5567599837343
0.0497989999999987 14.5576325328978
0.0498989999999987 14.568082912501
0.0499989999999987 14.5836914310783
0.0500989999999987 14.5810545366455
0.0501989999999986 14.5920586712994
0.0502989999999985 14.6096132630909
0.0503989999999986 14.6029946848337
0.0504989999999988 14.6099239174026
0.0505989999999985 14.6348288071907
0.0506989999999986 14.6347324100741
0.0507989999999988 14.6132932404088
0.0508989999999989 14.622565999902
0.0509989999999986 14.640490950209
0.0510989999999987 14.6443029316731
0.0511989999999989 14.6378448263795
0.0512989999999986 14.6345455747525
0.0513989999999987 14.6412815779088
0.0514989999999989 14.6385241782011
0.0515989999999985 14.6447111971912
0.0516989999999987 14.6204017450234
0.0517989999999988 14.6193175648489
0.0518989999999985 14.6130688456713
0.0519989999999986 14.6142342188649
0.0520989999999988 14.6071838855448
0.0521989999999985 14.5982416898644
0.0522989999999986 14.5821507215917
0.0523989999999988 14.5684345059175
0.0524989999999984 14.5450877167598
0.0525989999999986 14.5174705858054
0.0526989999999987 14.4753822027504
0.0527989999999989 14.4599157195484
0.0528989999999985 14.4274095158145
0.0529989999999987 14.3942145437275
0.0530989999999989 14.3576907396642
0.0531989999999985 14.3267504983043
0.0532989999999987 14.2832393298038
0.0533989999999988 14.2411091095907
0.0534989999999985 14.1884317117689
0.0535989999999986 14.1409654638257
0.0536989999999988 14.1024704077939
0.053798999999999 14.0520467488987
0.0538989999999986 13.98365394755
0.0539989999999988 13.9481446724466
0.0540989999999984 13.8938755479612
0.0541989999999986 13.8400387055327
0.0542989999999987 13.7764882888246
0.0543989999999989 13.734961274699
0.0544989999999985 13.6825075208446
0.0545989999999987 13.6309766522518
0.0546989999999989 13.5903243367834
0.0547989999999985 13.5385549646855
0.0548989999999987 13.4615592741786
0.0549989999999988 13.4240604170637
0.055098999999999 13.3709573325082
0.0551989999999986 13.3198362716441
0.0552989999999988 13.285672877903
0.0553989999999984 13.2375096810116
0.0554989999999986 13.191768697203
0.0555989999999988 13.1778037947496
0.0556989999999989 13.132601644066
0.0557989999999986 13.122896597106
0.0558989999999987 13.1021369274437
0.0559989999999984 13.062902147641
0.0560989999999985 13.0356234682298
0.0561989999999987 12.9957604345141
0.0562989999999989 12.9446128851274
0.0563989999999985 12.9050421908488
0.0564989999999987 12.8654351453812
0.0565989999999988 12.850616108414
0.0566989999999985 12.8168685159135
0.0567989999999986 12.7641615191303
0.0568989999999988 12.727992535537
0.0569989999999989 12.6987976165943
0.0570989999999986 12.6413043758243
0.0571989999999988 12.6040179190988
0.0572989999999989 12.55665894772
0.0573989999999986 12.517482154739
0.0574989999999987 12.48550747597
0.0575989999999984 12.4425841751246
0.0576989999999985 12.3922641147085
0.0577989999999987 12.3354944474201
0.0578989999999988 12.2974059120642
0.0579989999999985 12.2271996736385
0.0580989999999987 12.1592333901872
0.0581989999999988 12.0898340637835
0.0582989999999985 12.0249748728421
0.0583989999999986 11.952948983918
0.0584989999999988 11.8990649001646
0.0585989999999989 11.8327858702943
0.0586989999999986 11.7443828573112
0.0587989999999987 11.6688369602982
0.0588989999999989 11.5842438814223
0.0589989999999986 11.4966511922431
0.0590989999999987 11.3887247827024
0.0591989999999989 11.2938226130506
0.0592989999999985 11.1905295945064
0.0593989999999987 11.0754791285841
0.0594989999999983 10.9667845223888
0.0595989999999985 10.8773400041516
0.0596989999999987 10.771175624649
0.0597989999999988 10.6633664734465
0.0598989999999985 10.5635032198273
0.0599989999999986 10.4572109152305
0.0600989999999988 10.3574656989315
0.0601989999999984 10.2403679826957
0.0602989999999986 10.1391121334917
0.0603989999999988 10.0298238260111
0.0604989999999989 9.9254859544643
0.0605989999999986 9.79561467450447
0.0606989999999987 9.65800023199335
0.0607989999999989 9.52577561720737
0.060898999999999 9.39057389938225
0.0609989999999987 9.25351669363512
0.0610989999999988 9.09073201530695
0.0611989999999985 8.9173815424284
0.0612989999999987 8.74962143543205
0.0613989999999988 8.58590703406345
0.0614989999999985 8.41388802048388
0.0615989999999986 8.21939844727373
0.0616989999999988 8.0334969370589
0.0617989999999984 7.8801073708447
0.0618989999999986 7.69559427838399
0.0619989999999987 7.50980779606154
0.0620989999999989 7.32860416208334
0.0621989999999986 7.16951205158355
0.0622989999999987 6.99343066015347
0.0623989999999989 6.80750879868902
0.0624989999999985 6.64746473817068
0.0625989999999987 6.50398102153946
0.0626989999999988 6.39806913741054
0.0627989999999985 6.24882010706746
0.0628989999999987 6.1487413198437
0.0629989999999988 6.05384890075684
0.0630989999999985 5.94552035673216
0.0631989999999986 5.86127084621784
0.0632989999999988 5.78735900825517
0.0633989999999984 5.69835974023661
0.0634989999999986 5.64492878614374
0.0635989999999987 5.60690209118323
0.0636989999999984 5.56074007854105
0.0637989999999986 5.50891130551761
0.0638989999999987 5.45316655748194
0.0639989999999989 5.41696815464602
0.0640989999999985 5.36915148722705
0.0641989999999987 5.33613819218866
0.0642989999999988 5.286015203728
0.064398999999999 5.25251755084095
0.0644989999999986 5.20959569205515
0.0645989999999988 5.15914143616767
0.064698999999999 5.10981091945132
0.0647989999999986 5.06149979520563
0.0648989999999988 5.02762171414373
0.0649989999999989 5.00766513295072
0.0650989999999986 4.95460957832345
0.0651989999999987 4.89486437618631
0.0652989999999984 4.83627760637538
0.0653989999999985 4.76782675338554
0.0654989999999987 4.71832622605771
0.0655989999999989 4.66734495234995
0.0656989999999985 4.6045638202429
0.0657989999999987 4.56068202600865
0.0658989999999988 4.52483166561281
0.0659989999999985 4.47791663963149
0.0660989999999986 4.41868523185995
0.0661989999999988 4.35867963313904
0.0662989999999989 4.28794076854361
0.0663989999999986 4.22336091701683
0.0664989999999988 4.18287012896134
0.0665989999999984 4.10511234666585
0.0666989999999986 4.04297366447839
0.0667989999999987 3.97961714589345
0.0668989999999989 3.91560180341431
0.0669989999999985 3.85297007687008
0.0670989999999987 3.80304420967183
0.0671989999999984 3.77022749698601
0.0672989999999985 3.7312872633221
0.0673989999999987 3.68267031205402
0.0674989999999988 3.62026532186811
0.0675989999999985 3.58060132710703
0.0676989999999986 3.52621699855463
0.0677989999999988 3.50003609923556
0.0678989999999989 3.47926723904384
0.0679989999999986 3.43170243491688
0.0680989999999988 3.41751220843237
0.0681989999999989 3.40152017911843
0.0682989999999986 3.3841351524249
0.0683989999999987 3.38089511714598
0.0684989999999989 3.34430330080601
0.0685989999999985 3.33349360922926
0.0686989999999987 3.31227517423138
0.0687989999999989 3.28190677488822
0.0688989999999985 3.26697001783538
0.0689989999999987 3.23470692821215
0.0690989999999988 3.22929443656397
0.0691989999999985 3.23401949769887
0.0692989999999986 3.20307784443151
0.0693989999999988 3.16826595400467
0.0694989999999984 3.17423619424983
0.0695989999999986 3.16909504580626
0.0696989999999988 3.15734869626659
0.0697989999999989 3.11708494459975
0.0698989999999986 3.12508686273259
0.0699989999999987 3.10865450349053
0.0700989999999989 3.0962885368125
0.0701989999999985 3.07587516225604
0.0702989999999987 3.0695740154376
0.0703989999999989 3.08413025581275
0.0704989999999985 3.05453187255706
0.0705989999999987 3.06140395690851
0.0706989999999983 3.06505477841218
0.0707989999999985 3.06914940210753
0.0708989999999986 3.06748022492193
0.0709989999999988 3.07200254220357
0.0710989999999984 3.0533884597978
0.0711989999999986 3.02824555743095
0.0712989999999988 3.01296456550649
0.0713989999999989 2.98686462370503
0.0714989999999986 2.97933110416927
0.0715989999999987 2.99508984010153
0.0716989999999989 2.94284153084342
0.0717989999999985 2.93340143056218
0.0718989999999987 2.91266497862547
0.0719989999999988 2.87776096675067
0.072098999999999 2.84940482318874
0.0721989999999987 2.82522992740237
0.0722989999999988 2.78954302130384
0.0723989999999985 2.776946147073
0.0724989999999986 2.74777013244334
0.0725989999999988 2.72141345145357
0.0726989999999984 2.68466425649068
0.0727989999999986 2.64167645822358
0.0728989999999988 2.58562346999858
0.0729989999999984 2.5539952429066
0.0730989999999986 2.49028683520076
0.0731989999999987 2.48436432191503
0.0732989999999989 2.42669266126446
0.0733989999999985 2.38810497972758
0.0734989999999987 2.34797523880131
0.0735989999999988 2.30598597765824
0.0736989999999985 2.27884481411613
0.0737989999999986 2.23537430471938
0.0738989999999988 2.18555134623897
0.073998999999999 2.12049503467215
0.0740989999999986 2.08864914246287
0.0741989999999988 2.0422629888393
0.0742989999999984 1.99667810560604
0.0743989999999986 1.94712702821572
0.0744989999999987 1.9037989932828
0.0745989999999984 1.8479017098632
0.0746989999999986 1.81821461967038
0.0747989999999987 1.75641139548686
0.0748989999999989 1.70923042513795
0.0749989999999985 1.67798278722436
0.0750989999999987 1.6386756491367
0.0751989999999988 1.61812352104918
0.0752989999999985 1.57385578357085
0.0753989999999986 1.52909040437452
0.0754989999999988 1.48110789159959
0.075598999999999 1.45391837846038
0.0756989999999986 1.40911006783965
0.0757989999999988 1.37957254189676
0.0758989999999984 1.35247831738669
0.0759989999999986 1.3475708391942
0.0760989999999987 1.314007379562
0.0761989999999989 1.30729718373336
0.0762989999999985 1.29359911696092
0.0763989999999987 1.26748632280968
0.0764989999999984 1.25325976742377
0.0765989999999985 1.23443396982797
0.0766989999999987 1.2060215487118
0.0767989999999988 1.1905296360731
0.0768989999999985 1.17296683550952
0.0769989999999986 1.14322082123891
0.0770989999999988 1.09954428870327
0.0771989999999985 1.08235084064842
0.0772989999999986 1.05687654010968
0.0773989999999988 1.04395617245184
0.0774989999999989 1.02634676874084
0.0775989999999986 1.01522156227477
0.0776989999999987 0.975372259598691
0.0777989999999984 0.945558995951337
0.0778989999999985 0.913894520796573
0.0779989999999987 0.87686240726722
0.0780989999999989 0.854866810178508
0.0781989999999985 0.823689587179622
0.0782989999999987 0.800465848083952
0.0783989999999983 0.788225668722836
0.0784989999999985 0.76485660338823
0.0785989999999986 0.782206274511188
0.0786989999999988 0.774036667072298
0.0787989999999985 0.749987326024166
0.0788989999999986 0.740430594508353
0.0789989999999988 0.716263130721219
0.0790989999999989 0.712651723822103
0.0791989999999986 0.706232418870482
0.0792989999999987 0.684828604513629
0.0793989999999989 0.650747417190725
0.0794989999999985 0.619875289855574
0.0795989999999987 0.610831809990362
0.0796989999999989 0.575331462424995
0.0797989999999985 0.535765118354068
0.0798989999999987 0.512291748127691
0.0799989999999988 0.492551442235516
0.0800989999999985 0.490311096709961
0.0801989999999986 0.462484543544597
0.0802989999999988 0.479535898540488
0.0803989999999984 0.47099446631553
0.0804989999999986 0.455088442715862
0.0805989999999988 0.456856477272831
0.0806989999999984 0.44371208623222
0.0807989999999986 0.44122869338499
0.0808989999999987 0.413630343412376
0.0809989999999989 0.42690479267477
0.0810989999999985 0.403207061275454
0.0811989999999987 0.375046438832211
0.0812989999999989 0.363719002239364
0.0813989999999985 0.346925506642902
0.0814989999999987 0.324333215022366
0.0815989999999988 0.318931178307211
0.0816989999999985 0.306326385926615
0.0817989999999986 0.295419576966917
0.0818989999999988 0.267136087650784
0.0819989999999984 0.267474247464412
0.0820989999999986 0.263056501588321
0.0821989999999988 0.26634853161799
0.0822989999999984 0.276970742524632
0.0823989999999986 0.264801851577196
0.0824989999999987 0.278615109372565
0.0825989999999989 0.274287795775121
0.0826989999999985 0.289677324405362
0.0827989999999987 0.290472558122812
0.0828989999999988 0.297991087022826
0.0829989999999985 0.323729464023802
0.0830989999999987 0.347569211858995
0.0831989999999988 0.348206733932287
0.083298999999999 0.363763784910526
0.0833989999999986 0.361416599552569
0.0834989999999988 0.375783433298927
0.0835989999999984 0.38826237972913
0.0836989999999986 0.389880342059393
0.0837989999999987 0.386931590528801
0.0838989999999984 0.39188987006787
0.0839989999999986 0.401926773561209
0.0840989999999987 0.400764356043045
0.0841989999999984 0.400372552258018
0.0842989999999985 0.398427314494433
0.0843989999999987 0.39223775036662
0.0844989999999988 0.378627753459879
0.0845989999999985 0.376235057326233
0.0846989999999987 0.381260237137643
0.0847989999999988 0.370276189061803
0.0848989999999985 0.370020973395113
0.0849989999999986 0.350452827075388
0.0850989999999988 0.336980460863387
0.0851989999999989 0.308077373607305
0.0852989999999986 0.296477525994272
0.0853989999999987 0.288352478120543
0.0854989999999984 0.275940332207475
0.0855989999999986 0.235627860496153
0.0856989999999987 0.232394548325684
0.0857989999999984 0.209265469543335
0.0858989999999985 0.206072224705113
0.0859989999999987 0.21192137600307
0.0860989999999988 0.202083994656755
0.0861989999999985 0.163736561978617
0.0862989999999986 0.161561946387806
0.0863989999999988 0.152353491425937
0.0864989999999985 0.118652627432227
0.0865989999999986 0.113823768838848
0.0866989999999988 0.116219260577062
0.0867989999999989 0.0721710354550422
0.0868989999999986 0.058696483777243
0.0869989999999987 0.0440629545772205
0.0870989999999989 0.0531530371830326
0.0871989999999986 0.0314646975570492
0.0872989999999987 0.0141091920941798
0.0873989999999989 -0.0013879236104126
0.0874989999999985 -0.0140061847112354
0.0875989999999987 -0.0514619858286456
0.0876989999999983 -0.0510888508214953
0.0877989999999985 -0.0632994939899151
0.0878989999999986 -0.0769507563681922
0.0879989999999988 -0.0744611603624254
0.0880989999999985 -0.0956355586362433
0.0881989999999986 -0.111576351761066
0.0882989999999988 -0.123307762000647
0.0883989999999984 -0.133894396670815
0.0884989999999986 -0.133683698105755
0.0885989999999987 -0.15432516778859
0.0886989999999989 -0.146375870955968
0.0887989999999985 -0.14343910983471
0.0888989999999987 -0.138872893135394
0.0889989999999984 -0.128939400303681
0.0890989999999985 -0.134107525394935
0.0891989999999987 -0.147230718691929
0.0892989999999988 -0.147382898137145
0.0893989999999985 -0.140394503838132
0.0894989999999986 -0.141209468132419
0.0895989999999988 -0.143080777497932
0.0896989999999984 -0.13987917724566
0.0897989999999986 -0.13376697116206
0.0898989999999988 -0.129422851607285
0.0899989999999984 -0.109862090236155
0.0900989999999986 -0.117756405249616
0.0901989999999987 -0.104560466815769
0.0902989999999989 -0.0886846021248434
0.0903989999999985 -0.0939150510904986
0.0904989999999987 -0.0643473638116631
0.0905989999999988 -0.071786073334202
0.0906989999999985 -0.0668277243282525
0.0907989999999987 -0.0320439933331171
0.0908989999999988 -0.0228539303583344
0.0909989999999985 -0.00688418569041296
0.0910989999999986 0.0192756444027225
0.0911989999999988 0.0129696452200551
0.0912989999999985 0.0312566966761096
0.0913989999999986 0.0527057286879007
0.0914989999999988 0.068491655291303
0.0915989999999984 0.0790194096347096
0.0916989999999986 0.105881634350354
0.0917989999999987 0.135993414140258
0.0918989999999984 0.151505670220507
0.0919989999999985 0.178986033422872
0.0920989999999987 0.210971603059176
0.0921989999999989 0.2227243872184
0.0922989999999985 0.249469551112546
0.0923989999999987 0.270375063893083
0.0924989999999988 0.273776755687274
0.0925989999999985 0.287640151432619
0.0926989999999986 0.32183393368447
0.0927989999999988 0.317592821074645
0.0928989999999985 0.325608715039279
0.0929989999999986 0.309871059715332
0.0930989999999988 0.330956438201385
0.0931989999999989 0.3131659603112
0.0932989999999986 0.340995192312349
0.0933989999999987 0.351576655113029
0.0934989999999984 0.365930733797544
0.0935989999999985 0.35496232383762
0.0936989999999987 0.387427758522023
0.0937989999999989 0.369248714430031
0.0938989999999985 0.379512951561836
0.0939989999999987 0.37590005560755
0.0940989999999988 0.377678470685334
0.0941989999999985 0.378081305016004
0.0942989999999986 0.381260629364118
0.0943989999999988 0.374793315838338
0.0944989999999989 0.369960969779337
0.0945989999999986 0.361369292176958
0.0946989999999988 0.358804075821741
0.0947989999999984 0.377168330164559
0.0948989999999986 0.350538251849307
0.0949989999999987 0.351845618541033
0.0950989999999984 0.335305084942962
0.0951989999999985 0.313952167836633
0.0952989999999987 0.30594653933751
0.0953989999999983 0.312603655284703
0.0954989999999985 0.309091054498885
0.0955989999999987 0.307977655873986
0.0956989999999988 0.292594525078271
0.0957989999999985 0.273388779953634
0.0958989999999986 0.260891685067543
0.0959989999999988 0.255400828362464
0.0960989999999984 0.225416530296272
0.0961989999999986 0.205685273311501
0.0962989999999987 0.199498762380759
0.0963989999999989 0.178336338755224
0.0964989999999986 0.191322862198732
0.0965989999999987 0.199211912712983
0.0966989999999989 0.186430114730357
0.0967989999999985 0.176159678102896
0.0968989999999987 0.159654334170924
0.0969989999999983 0.139530125814331
0.0970989999999985 0.107631047581893
0.0971989999999987 0.0816020665104377
0.0972989999999988 0.0920054185020572
0.0973989999999985 0.0586788498616833
0.0974989999999986 0.0340896482335496
0.0975989999999988 0.0317829985760057
0.0976989999999984 0.00331653188919051
0.0977989999999986 -0.0213367034454899
0.0978989999999987 -0.0164326696934857
0.0979989999999989 -0.0304651646583907
0.0980989999999986 -0.050119766036459
0.0981989999999987 -0.0816544282556262
0.0982989999999989 -0.116442962345026
0.0983989999999985 -0.15490479222824
0.0984989999999987 -0.168091242014586
0.0985989999999988 -0.160335651881715
0.0986989999999985 -0.163732563053935
0.0987989999999987 -0.172776439790166
0.0988989999999983 -0.190858738467343
0.0989989999999985 -0.190669555920864
0.0990989999999986 -0.182887179100978
0.0991989999999988 -0.20587418960983
0.0992989999999984 -0.198454102921773
0.0993989999999986 -0.210628937814795
0.0994989999999987 -0.225776709565331
0.0995989999999984 -0.211761024163463
0.0996989999999986 -0.216267650481997
0.0997989999999987 -0.199083643564714
0.0998989999999989 -0.202105488954544
0.0999989999999985 -0.197864929222146
0.100098999999999 -0.204319565414035
0.100198999999999 -0.209910425728531
0.100298999999998 -0.2041736271787
0.100398999999999 -0.177894369770003
0.100498999999999 -0.178505364579726
0.100598999999998 -0.172582093052404
0.100698999999999 -0.171254368406522
0.100798999999999 -0.14706256560634
0.100898999999998 -0.122059932206558
0.100998999999999 -0.0931595596775786
0.101098999999999 -0.105245888140027
0.101198999999998 -0.0895764280183549
0.101298999999999 -0.0726976464281375
0.101398999999999 -0.0434253328437311
0.101498999999999 -0.0170248762268727
0.101598999999999 0.0195527865368693
0.101698999999999 0.0253552316759278
0.101798999999999 0.0602062961520227
0.101898999999998 0.0808945882877736
0.101998999999999 0.0869741698697598
0.102098999999999 0.113011934255233
0.102198999999998 0.126890829524196
0.102298999999999 0.133512656186138
0.102398999999999 0.148371682819925
0.102498999999998 0.207606886483559
0.102598999999999 0.206759227536151
0.102698999999999 0.201851261232974
0.102798999999998 0.233201958655478
0.102898999999999 0.252918266281253
0.102998999999999 0.246251340161218
0.103098999999998 0.240039918960336
0.103198999999999 0.262568448984447
0.103298999999999 0.287590175794778
0.103398999999999 0.272062166385084
0.103498999999998 0.298053519383056
0.103598999999999 0.303134503837052
0.103698999999999 0.296114126763098
0.103798999999999 0.318326059820289
0.103898999999999 0.305727466753947
0.103998999999999 0.305595840898296
0.104098999999998 0.320417946203074
0.104198999999999 0.313684136526389
0.104298999999999 0.318036844729725
0.104398999999999 0.316901351172662
0.104498999999999 0.329061310975267
0.104598999999999 0.331339029051842
0.104698999999998 0.313716525339329
0.104798999999999 0.306855429454484
0.104898999999999 0.30939281778085
0.104998999999999 0.299871614328112
0.105098999999998 0.255977892223355
0.105198999999999 0.239734669828508
0.105298999999999 0.242712683853659
0.105398999999998 0.221359868923589
0.105498999999999 0.207060857739825
0.105598999999999 0.184366043985528
0.105698999999999 0.158044603782959
0.105798999999999 0.147400558915944
0.105898999999999 0.112696149188923
0.105998999999998 0.0739932725194277
0.106098999999999 0.0530929493266219
0.106198999999999 0.0413983469733287
0.106298999999999 0.025677683680382
0.106398999999999 0.0029584079810138
0.106498999999999 -0.003265087804025
0.106598999999998 -0.0366035545647108
0.106698999999998 -0.0467961545803258
0.106798999999999 -0.0861474756077883
0.106898999999999 -0.111083294179988
0.106998999999998 -0.119859175007492
0.107098999999999 -0.13719044637066
0.107198999999999 -0.158195974526762
0.107298999999999 -0.164590019583179
0.107398999999999 -0.164256948961077
0.107498999999999 -0.182061472623747
0.107598999999999 -0.189327162534106
0.107698999999999 -0.206892379679195
0.107798999999999 -0.208012407827143
0.107898999999999 -0.201483949823253
0.107998999999998 -0.198638197248959
0.108098999999999 -0.225191145522165
0.108198999999998 -0.239656328140964
0.108298999999998 -0.215375014544044
0.108398999999999 -0.242494151078472
0.108498999999999 -0.228023784537952
0.108598999999998 -0.231267808416603
0.108698999999999 -0.228783986265519
0.108798999999999 -0.228895616991907
0.108898999999998 -0.210732621559595
0.108998999999999 -0.223466049229693
0.109098999999999 -0.211294751432762
0.109198999999999 -0.182196374884263
0.109298999999999 -0.178533892656021
0.109398999999999 -0.183996805613703
0.109498999999999 -0.157672800720452
0.109598999999999 -0.139281448888275
0.109698999999999 -0.124498601200511
0.109798999999999 -0.104115231898348
0.109898999999998 -0.0867132253037205
0.109998999999999 -0.0691540990188297
0.110098999999998 -0.0676723706864009
0.110198999999998 -0.015052449655506
0.110298999999999 -0.0109642498357756
0.110398999999999 0.007102620677274
0.110498999999998 0.0195759265229558
0.110598999999999 0.042050090719826
0.110698999999999 0.0412566631838821
0.110798999999999 0.0576010359424242
0.110898999999999 0.0723897580251078
0.110998999999999 0.086037028419261
0.111098999999999 0.122367245161923
0.111198999999998 0.138725565108851
0.111298999999999 0.160281650396883
0.111398999999999 0.172581998265799
0.111498999999999 0.17971620256559
0.111598999999999 0.194500753733603
0.111698999999999 0.208081813836181
0.111798999999998 0.214921854772347
0.111898999999999 0.217547866353751
0.111998999999999 0.233974686743329
0.112098999999998 0.248497618015958
0.112198999999999 0.24875032192043
0.112298999999999 0.265253829555935
0.112398999999998 0.272351919132987
0.112498999999999 0.296441486652232
0.112598999999999 0.304598331690054
0.112698999999999 0.268525192525827
0.112798999999998 0.271838508865571
0.112898999999999 0.254273260104108
0.112998999999999 0.248620367764217
0.113098999999998 0.259553177090602
0.113198999999999 0.248989960420899
0.113298999999999 0.252047466813874
0.113398999999998 0.2491841681459
0.113498999999999 0.242526967790533
0.113598999999999 0.232663963919941
0.113698999999998 0.230175156189688
0.113798999999999 0.217057867574157
0.113898999999999 0.206970017242903
0.113998999999998 0.205774948410609
0.114098999999999 0.216780415538399
0.114198999999999 0.194721652082394
0.114298999999999 0.192604744965326
0.114398999999998 0.189463177385307
0.114498999999999 0.174421792945203
0.114598999999999 0.170781372579467
0.114698999999998 0.142884255998294
0.114798999999999 0.124459639948155
0.114898999999999 0.117313037927813
0.114998999999999 0.106525669619376
0.115098999999999 0.0750814915436057
0.115198999999999 0.0739112151666065
0.115298999999998 0.045762317170453
0.115398999999999 0.0306916445384663
0.115498999999999 0.00551192840561299
0.115598999999998 -0.00651900968969319
0.115698999999999 -0.0134260158905402
0.115798999999999 -0.0244824128651904
0.115898999999998 -0.0420668690282764
0.115998999999998 -0.075810361946804
0.116098999999999 -0.0955762828625077
0.116198999999999 -0.113748319655078
0.116298999999998 -0.107457911173153
0.116398999999999 -0.104869737409661
0.116498999999999 -0.113140376448981
0.116598999999998 -0.124235367787961
0.116698999999999 -0.126187125437549
0.116798999999999 -0.138084800754496
0.116898999999999 -0.158639386602796
0.116998999999999 -0.163356812815666
0.117098999999999 -0.186189270479035
0.117198999999998 -0.183226339570957
0.117298999999999 -0.183941793463107
0.117398999999999 -0.171860704635351
0.117498999999999 -0.192455279055138
0.117598999999998 -0.187041063836461
0.117698999999999 -0.195013768616696
0.117798999999999 -0.188756136566401
0.117898999999998 -0.186043658680961
0.117998999999999 -0.170952785259599
0.118098999999999 -0.163677084219841
0.118198999999998 -0.164766348215564
0.118298999999999 -0.164791110200618
0.118398999999999 -0.166402904450608
0.118498999999999 -0.16055017588855
0.118598999999999 -0.150479750495085
0.118698999999999 -0.136668611094687
0.118798999999999 -0.144607587268085
0.118898999999999 -0.151581051863647
0.118998999999999 -0.154837526214444
0.119098999999999 -0.141521528438373
0.119198999999998 -0.127779358935836
0.119298999999999 -0.127022397354343
0.119398999999999 -0.0754212495605135
0.119498999999998 -0.0813735878932158
0.119598999999999 -0.0669353824394961
0.119698999999999 -0.0502685260588491
0.119798999999998 -0.0433139752316833
0.119898999999999 -0.043707584160471
0.119998999999999 -0.0421983397820614
0.120098999999998 -0.0352202700523169
0.120198999999999 -0.00588394382308984
0.120298999999999 0.00941604235990794
0.120398999999999 0.025374905361391
0.120498999999999 0.0318838031080882
0.120598999999999 0.0283677433216046
0.120698999999999 0.0457943902475539
0.120798999999998 0.0587698378569872
0.120898999999999 0.0716303002607985
0.120998999999999 0.0539851856853759
0.121098999999998 0.0765889645125357
0.121198999999999 0.0613147339516392
0.121298999999999 0.0849503770746935
0.121398999999998 0.100905944842173
0.121498999999999 0.105748243317888
0.121598999999999 0.117935896105772
0.121698999999998 0.12973663905148
0.121798999999999 0.148911975905479
0.121898999999999 0.149639823595642
0.121998999999999 0.147986246606578
0.122098999999999 0.14974651902151
0.122198999999999 0.160258208932719
0.122298999999999 0.144175434925079
0.122398999999998 0.154471039811892
0.122498999999999 0.160305021897714
0.122598999999999 0.162386526799821
0.122698999999999 0.159723303932772
0.122798999999999 0.141709842611478
0.122898999999999 0.123811298227715
0.122998999999998 0.133755199567352
0.123098999999999 0.134092628106803
0.123198999999999 0.127550643791391
0.123298999999998 0.126580653870398
0.123398999999999 0.0995002035469479
0.123498999999999 0.101520408820939
0.123598999999998 0.0944912765516561
0.123698999999998 0.0845186930806452
0.123798999999999 0.0953387911015761
0.123898999999999 0.0929280914588671
0.123998999999998 0.0923992668156228
0.124098999999999 0.0735277871007954
0.124198999999999 0.0858309008812771
0.124298999999998 0.0755021368356579
0.124398999999999 0.0478562678922908
0.124498999999999 0.0409372405332118
0.124598999999999 0.0479532428705175
0.124698999999999 0.0441344622636107
0.124798999999999 0.0357024816962974
0.124898999999999 0.0307211085079954
0.124998999999999 0.050436515171468
0.125098999999999 0.0271025804447897
0.125198999999998 0.0259658667832058
0.125298999999998 -0.00574315649516347
0.125398999999999 0.0138979421742413
0.125498999999999 -0.00109080843182314
0.125598999999998 0.00691406785082497
0.125698999999999 0.0152347506775051
0.125798999999999 0.00651605761214674
0.125898999999998 -0.0213924804839353
0.125998999999999 -0.0176733036111969
0.126098999999999 -0.00213821735758072
0.126198999999999 -0.0166610420565441
0.126298999999999 -0.0184599032599179
0.126398999999999 -0.0183398022096911
0.126498999999998 -0.0107226739486701
0.126598999999999 -0.00787949946696349
0.126698999999999 -0.0218328310220018
0.126798999999999 -0.0111903438800282
0.126898999999998 0.00717391269424259
0.126998999999999 -0.00551615410777937
0.127098999999998 0.024747113624879
0.127198999999998 0.0164047297725471
0.127298999999999 -0.00147800985011241
0.127398999999999 0.00558576167782616
0.127498999999998 0.017629180938249
0.127598999999999 0.0162223195106649
0.127698999999999 0.0198935455288899
0.127798999999998 -0.00607269894703375
0.127898999999999 0.00429680686200544
0.127998999999999 0.0189623249616388
0.128098999999999 0.0272291306754839
0.128198999999999 0.0106358454389824
0.128298999999999 0.000718015712993054
0.128398999999999 0.000824453940693894
0.128498999999998 -0.0112364989164866
0.128598999999999 0.00428165034613765
0.128698999999999 -0.0231563033997453
0.128798999999998 -0.00660873659861298
0.128898999999999 -0.0313573964914364
0.128998999999999 -0.0400071785186391
0.129098999999998 -0.0501319667399244
0.129198999999999 -0.0526591441165778
0.129298999999999 -0.0601098860587948
0.129398999999998 -0.0574167157518812
0.129498999999999 -0.0607637197379042
0.129598999999999 -0.0688767366665886
0.129698999999999 -0.0549436566608012
0.129798999999998 -0.0507443253315018
0.129898999999999 -0.0519715265230037
0.129998999999999 -0.0507684963411208
0.130098999999998 -0.0580293935455851
0.130198999999999 -0.0509727152681398
0.130298999999999 -0.0381090145108224
0.130398999999998 -0.0501631569728384
0.130498999999999 -0.036683070695836
0.130598999999998 -0.0520717416465497
0.130698999999998 -0.0537578615129719
0.130798999999999 -0.0556545377150065
0.130898999999999 -0.0526942330907627
0.130998999999998 -0.0378557636217819
0.131098999999999 -0.0443590052543785
0.131198999999999 -0.0585113545681853
0.131298999999998 -0.0412966916214333
0.131398999999999 -0.0362729969584428
0.131498999999999 -0.0240210542618651
0.131598999999999 -0.00784824204218755
0.131698999999998 -0.00282871210509334
0.131798999999999 0.0149348868617287
0.131898999999999 0.0220225757397016
0.131998999999999 0.0275179642657654
0.132098999999999 0.0202002463014798
0.132198999999999 0.0207076463560262
0.132298999999998 0.0142859499537869
0.132398999999999 0.0190966357678177
0.132498999999999 0.0358743300448775
0.132598999999998 0.0352552159087297
0.132698999999999 0.0507592196783806
0.132798999999999 0.069490331335086
0.132898999999998 0.0821928634250387
0.132998999999999 0.0861532702061703
0.133098999999999 0.0876051290643838
0.133198999999999 0.111808403367231
0.133298999999998 0.109045639641037
0.133398999999999 0.112185384533508
0.133498999999999 0.114252484259391
0.133598999999998 0.136130787758747
0.133698999999999 0.12998851362743
0.133798999999999 0.105363741467816
0.133898999999999 0.126144838104368
0.133998999999999 0.11767229428326
0.134098999999999 0.132757459385479
0.134198999999998 0.144428266333531
0.134298999999999 0.150376139125055
0.134398999999999 0.139309222295137
0.134498999999998 0.158145558727733
0.134598999999998 0.149802062175947
0.134698999999999 0.13138087976465
0.134798999999998 0.119227306506555
0.134898999999998 0.122936879444656
0.134998999999999 0.108817483455485
0.135098999999999 0.122745148356706
0.135198999999998 0.112774896171552
0.135298999999999 0.0794899672873553
0.135398999999999 0.0743668272401301
0.135498999999999 0.0697026517095704
0.135598999999999 0.0643492770081464
0.135698999999999 0.0723491038168577
0.135798999999999 0.0655880593763979
0.135898999999999 0.0382824438360328
0.135998999999999 0.0127635603971352
0.136098999999999 0.0289575420150359
0.136198999999998 0.0053883896079411
0.136298999999999 0.0041932916375724
0.136398999999998 -0.0113294774608372
0.136498999999998 -0.0317021917166217
0.136598999999999 -0.0513316327505065
0.136698999999999 -0.0484571217911779
0.136798999999998 -0.0668473970580395
0.136898999999999 -0.0846694264723961
0.136998999999999 -0.0850793063363125
0.137098999999998 -0.104491400328574
0.137198999999999 -0.0993111648277781
0.137298999999999 -0.10828113243901
0.137398999999999 -0.0973591576617302
0.137498999999999 -0.112764660544941
0.137598999999999 -0.13232398448215
0.137698999999998 -0.133969981478862
0.137798999999998 -0.14147310744411
0.137898999999999 -0.127291684084922
0.137998999999999 -0.138189403979759
0.138098999999998 -0.153480186032036
0.138198999999999 -0.14644531439086
0.138298999999998 -0.138784591586665
0.138398999999998 -0.157863200256788
0.138498999999999 -0.15633503796325
0.138598999999999 -0.154945889763986
0.138698999999998 -0.154534836865907
0.138798999999999 -0.152438679834815
0.138898999999999 -0.131458094584871
0.138998999999999 -0.139123316037792
0.139098999999999 -0.150539650173234
0.139198999999999 -0.147887431405594
0.139298999999999 -0.137497550331298
0.139398999999998 -0.130129499564659
0.139498999999999 -0.116427247843114
0.139598999999999 -0.124956857255729
0.139698999999998 -0.103305306185157
0.139798999999999 -0.0807715238007979
0.139898999999999 -0.066835107945565
0.139998999999998 -0.0516591160582699
0.140098999999999 -0.0460576051923262
0.140198999999999 -0.0309752041440989
0.140298999999998 -0.0108764442107962
0.140398999999999 -0.0233793576962622
0.140498999999999 -0.0134936199471858
0.140598999999998 0.0053180040671325
0.140698999999999 0.0102742074836987
0.140798999999999 0.0390096882296674
0.140898999999999 0.0489433880755391
0.140998999999998 0.074035379574911
0.141098999999999 0.0874832876337327
0.141198999999999 0.082252967066026
0.141298999999998 0.0922652071512815
0.141398999999999 0.109169510729174
0.141498999999999 0.113689240117346
0.141598999999998 0.111332526339947
0.141698999999999 0.136172194993852
0.141798999999999 0.127470606249716
0.141898999999998 0.138818448384596
0.141998999999999 0.157007387850224
0.142098999999999 0.163369084765227
0.142198999999998 0.164555640855051
0.142298999999999 0.157639991900708
0.142398999999999 0.173541057310255
0.142498999999998 0.187340916181034
0.142598999999998 0.177289715521207
0.142698999999999 0.168656307502282
0.142798999999999 0.167838398920737
0.142898999999998 0.16311697596514
0.142998999999999 0.169137782450171
0.143098999999999 0.170236457524628
0.143198999999999 0.171693619139197
0.143298999999999 0.164204671413371
0.143398999999999 0.14703287442476
0.143498999999998 0.138347227799327
0.143598999999999 0.14349245904855
0.143698999999999 0.135597551329619
0.143798999999998 0.137025417801304
0.143898999999999 0.147094518493315
0.143998999999999 0.154607804511832
0.144098999999998 0.148669995527619
0.144198999999998 0.140226031942656
0.144298999999999 0.132195818598153
0.144398999999999 0.12760509750859
0.144498999999998 0.13078069501883
0.144598999999999 0.111858372558439
0.144698999999999 0.103722087887002
0.144798999999998 0.0915936240595621
0.144898999999999 0.0889754828597622
0.144998999999999 0.0965828988262832
0.145098999999999 0.0653195946813388
0.145198999999999 0.0586016737081214
0.145298999999999 0.0394088468220091
0.145398999999998 0.0364082163753418
0.145498999999999 0.00759411981192721
0.145598999999999 0.00458118733078235
0.145698999999998 0.00137526754587564
0.145798999999998 -0.000866995106688223
0.145898999999999 0.00591214851229759
0.145998999999998 -0.00923906176810074
0.146098999999998 -0.0200866942730805
0.146198999999999 -0.0324698158753139
0.146298999999999 -0.0505863462294474
0.146398999999998 -0.0564121428745769
0.146498999999999 -0.0755215272561438
0.146598999999999 -0.0885803336837893
0.146698999999999 -0.0975334524398079
0.146798999999999 -0.0904105304934972
0.146898999999999 -0.100367571344867
0.146998999999999 -0.106836222692438
0.147098999999999 -0.11043377654814
0.147198999999999 -0.136170839747298
0.147298999999999 -0.143229606189033
0.147398999999998 -0.143239231183314
0.147498999999999 -0.141693118163276
0.147598999999998 -0.134624214184649
0.147698999999998 -0.135301189711581
0.147798999999999 -0.124392864124246
0.147898999999999 -0.138169726852581
0.147998999999998 -0.131980943561481
0.148098999999999 -0.156939512451332
0.148198999999999 -0.159156989963035
0.148298999999998 -0.151720872291181
0.148398999999999 -0.159780344828112
0.148498999999999 -0.170125930515222
0.148598999999999 -0.165377477589824
0.148698999999998 -0.155468737373989
0.148798999999999 -0.147508425648818
0.148898999999999 -0.139321613387485
0.148998999999998 -0.122102415972224
0.149098999999999 -0.11558937162939
0.149198999999999 -0.103167550540676
0.149298999999998 -0.120737821921938
0.149398999999999 -0.128490862862098
0.149498999999998 -0.137317299810738
0.149598999999998 -0.12737705570342
0.149698999999999 -0.116305570995691
0.149798999999999 -0.1035259473743
0.149898999999998 -0.0992158950424274
0.149998999999999 -0.0929062887665103
0.150098999999999 -0.08165513523613
0.150198999999999 -0.0559450719420572
0.150298999999998 -0.0307221856958339
0.150398999999999 -0.0083682093265283
0.150498999999999 0.0103167190469344
0.150598999999998 0.0110960225135618
0.150698999999999 0.0217102845248684
0.150798999999999 0.0158216712546483
0.150898999999998 0.0306101829639141
0.150998999999999 0.0445967903042755
0.151098999999999 0.0429284763222164
0.151198999999998 0.0504995121540731
0.151298999999999 0.0814617948202163
0.151398999999999 0.0920856861803313
0.151498999999998 0.0723610958075736
0.151598999999999 0.10162417640559
0.151698999999999 0.0963758313421907
0.151798999999998 0.118666912421926
0.151898999999998 0.120701789781343
0.151998999999999 0.13052814510832
0.152098999999999 0.153555416742616
0.152198999999998 0.146055146548372
0.152298999999999 0.139759173695392
0.152398999999999 0.143054829955205
0.152498999999998 0.137862882098484
0.152598999999999 0.144670605369226
0.152698999999999 0.148457309719773
0.152798999999998 0.130192086128134
0.152898999999999 0.155208895295066
0.152998999999999 0.155847844805302
0.153098999999998 0.153519454333421
0.153198999999999 0.169530448944965
0.153298999999999 0.146166269848697
0.153398999999998 0.156256177772743
0.153498999999998 0.155690716093621
0.153598999999999 0.162337833844714
0.153698999999999 0.143011019091631
0.153798999999998 0.144309393645788
0.153898999999999 0.132005622973671
0.153998999999999 0.131290272824919
0.154098999999998 0.118645375877035
0.154198999999999 0.0972593751589038
0.154298999999999 0.0989944012302639
0.154398999999999 0.094603188363278
0.154498999999999 0.0645104429210808
0.154598999999999 0.0515145124048358
0.154698999999998 0.0299394720383878
0.154798999999998 0.012171242286978
0.154898999999999 0.0234787211465332
0.154998999999998 0.027438892617351
0.155098999999998 0.00314680332360125
0.155198999999999 0.00417164083107927
0.155298999999998 -0.0208710730192881
0.155398999999998 -0.00897060114389578
0.155498999999999 -0.026274944860746
0.155598999999999 -0.0296965961442507
0.155698999999998 -0.033208116549865
0.155798999999999 -0.0484133532887764
0.155898999999999 -0.0508146812325692
0.155998999999998 -0.0652546238043828
0.156098999999999 -0.0782292860424235
0.156198999999999 -0.0902975028843998
0.156298999999999 -0.100155276711258
0.156398999999998 -0.12554650980621
0.156498999999999 -0.119557345658446
0.156598999999998 -0.123882397745224
0.156698999999998 -0.142049729199355
0.156798999999999 -0.143468751774626
0.156898999999998 -0.140982393419183
0.156998999999998 -0.127614259454895
0.157098999999999 -0.112258211452892
0.157198999999999 -0.114942226413552
0.157298999999998 -0.122778143063429
0.157398999999999 -0.112679498255615
0.157498999999999 -0.10551112175931
0.157598999999998 -0.121743888392311
0.157698999999999 -0.113890653508506
0.157798999999999 -0.114240681484844
0.157898999999999 -0.0844537101346049
0.157998999999999 -0.0884908122478011
0.158098999999999 -0.0784676632608166
0.158198999999999 -0.0831886593504592
0.158298999999998 -0.0726560326421831
0.158398999999999 -0.0670261237808266
0.158498999999999 -0.0859524937764851
0.158598999999998 -0.0715144614730674
0.158698999999999 -0.069543014682193
0.158798999999998 -0.0757559682745668
0.158898999999998 -0.0557670919796869
0.158998999999999 -0.0649800654978248
0.159098999999999 -0.0338121532002748
0.159198999999998 -0.0238970155281273
0.159298999999999 -0.0220556893868144
0.159398999999999 -0.0107212204487202
0.159498999999998 0.0118036000006602
0.159598999999998 0.0126748562479562
0.159698999999999 0.031679943339868
0.159798999999999 0.0253690891860604
0.159898999999998 0.0352694606607337
0.159998999999999 0.050879973378566
0.160098999999999 0.05968791849698
0.160198999999998 0.0746878852632031
0.160298999999999 0.0895068112006279
0.160398999999999 0.0899412259275785
0.160498999999998 0.0915319120014446
0.160598999999999 0.0939159304068079
0.160698999999999 0.102368522192361
0.160798999999998 0.101041910197825
0.160898999999999 0.102267388397632
0.160998999999999 0.11264922226487
0.161098999999998 0.0967219219382853
0.161198999999999 0.103995313453805
0.161298999999999 0.106739118477857
0.161398999999999 0.119157822866392
0.161498999999998 0.119709778762538
0.161598999999999 0.123333712591232
0.161698999999999 0.126497086214226
0.161798999999998 0.118553727974907
0.161898999999999 0.109156692732156
0.161998999999999 0.100749599129504
0.162098999999998 0.093443580055957
0.162198999999999 0.0982638503183342
0.162298999999999 0.11250572835155
0.162398999999998 0.109227165621048
0.162498999999999 0.105309918460974
0.162598999999999 0.0966087058572248
0.162698999999998 0.0838596100713294
0.162798999999999 0.0897761561027079
0.162898999999999 0.0838152930984022
0.162998999999998 0.0595237625683057
0.163098999999998 0.0526968335358458
0.163198999999999 0.0565709564851915
0.163298999999999 0.0347425898230953
0.163398999999998 0.0245737852550353
0.163498999999999 0.0424699434815002
0.163598999999999 0.0187045158165193
0.163698999999998 0.0117240519065886
0.163798999999999 0.0118944213329479
0.163898999999999 0.00323496418039892
0.163998999999998 -0.0108709510133219
0.164098999999999 -0.00936206937186897
0.164198999999999 -0.0170050988941064
0.164298999999998 -0.0174556743686598
0.164398999999998 -0.0193723174450779
0.164498999999999 -0.0383306387531379
0.164598999999998 -0.0645853883473847
0.164698999999998 -0.0643692195076746
0.164798999999999 -0.0576566177838112
0.164898999999999 -0.0731320534984175
0.164998999999998 -0.0740126532847748
0.165098999999999 -0.0663387206625874
0.165198999999999 -0.0720741612414505
0.165298999999998 -0.0763253675214247
0.165398999999999 -0.0773924265773746
0.165498999999999 -0.0806045348664382
0.165598999999999 -0.0799939303662625
0.165698999999999 -0.0776223482839671
0.165798999999999 -0.0833694302075104
0.165898999999998 -0.094085831739147
0.165998999999998 -0.102923575758147
0.166098999999999 -0.105956734858309
0.166198999999999 -0.113565216514186
0.166298999999998 -0.102944515936879
0.166398999999999 -0.0850867791538183
0.166498999999998 -0.109362608635819
0.166598999999998 -0.110794921925488
0.166698999999999 -0.110581276906879
0.166798999999999 -0.101759041080512
0.166898999999998 -0.108301593429036
0.166998999999999 -0.0958475533160578
0.167098999999999 -0.0923446124323033
0.167198999999998 -0.0948555873304085
0.167298999999999 -0.0961240198681704
0.167398999999999 -0.077087239636918
0.167498999999999 -0.0923616123149906
0.167598999999998 -0.0846319011577719
0.167698999999999 -0.0816989924219517
0.167798999999999 -0.0840670244791643
0.167898999999998 -0.0770916221373477
0.167998999999999 -0.0844760550486252
0.168098999999998 -0.0747991132940456
0.168198999999998 -0.056879038711649
0.168298999999999 -0.0804348184174548
0.168398999999999 -0.0584305142207053
0.168498999999998 -0.0315696559140714
0.168598999999999 -0.0267250574859599
0.168698999999999 -0.0227909986163483
0.168798999999998 -0.00224785955193891
0.168898999999998 -0.0132528086134258
0.168998999999999 -0.0123667150272486
0.169098999999999 -0.00889294965754565
0.169198999999998 0.00488908846994723
0.169298999999999 -0.00103254506531128
0.169398999999999 0.0245537532113339
0.169498999999998 0.0118188675912611
0.169598999999999 0.0143643098477988
0.169698999999999 0.0353221172602027
0.169798999999998 0.020048712963214
0.169898999999999 0.0328368818757927
0.169998999999999 0.0454205871962896
0.170098999999998 0.0177987615968892
0.170198999999999 0.029177609592764
0.170298999999999 0.033306657568764
0.170398999999998 0.0233115870293522
0.170498999999998 0.0247980330689064
0.170598999999999 0.0396840056650209
0.170698999999998 0.0522051660021074
0.170798999999998 0.0598643724384539
0.170898999999999 0.0587961726615759
0.170998999999999 0.0523967154562437
0.171098999999998 0.0381936595833597
0.171198999999999 0.056538836376462
0.171298999999999 0.0612754966040551
0.171398999999998 0.0632699002386707
0.171498999999999 0.0695239398944256
0.171598999999999 0.0794733628658035
0.171698999999998 0.0675359361263821
0.171798999999999 0.0787249785841497
0.171898999999999 0.08330724666535
0.171998999999998 0.100713771799551
0.172098999999998 0.10676288034843
0.172198999999999 0.10815696034812
0.172298999999998 0.0922798596014182
0.172398999999998 0.100812002497757
0.172498999999999 0.0779275076870974
0.172598999999999 0.0896095202551978
0.172698999999998 0.0687929164414353
0.172798999999999 0.0764949717428616
0.172898999999999 0.0756079279047381
0.172998999999998 0.0651698390712749
0.173098999999999 0.0687360412140968
0.173198999999999 0.0507382931031089
0.173298999999999 0.0571793074668301
0.173398999999999 0.0631518955641496
0.173498999999999 0.0372086762864976
0.173598999999998 0.0538541991357409
0.173698999999998 0.03985801131496
0.173798999999999 0.054303919540715
0.173898999999998 0.061129193635926
0.173998999999998 0.0433985196765398
0.174098999999999 0.0504922563758619
0.174198999999998 0.0514284822352337
0.174298999999998 0.0550533261758584
0.174398999999999 0.0306111271348742
0.174498999999999 0.0247697603826083
0.174598999999998 0.0343053671615076
0.174698999999999 0.0365358154919833
0.174798999999999 0.0211173573190693
0.174898999999999 0.0171769132715893
0.174998999999999 -0.00115098353682504
0.175098999999999 0.00356586910122276
0.175198999999998 0.00485628042806948
0.175298999999999 0.00902854746953826
0.175398999999999 0.010900423638233
0.175498999999998 -0.00236999754015546
0.175598999999998 -0.0238897002754505
0.175698999999999 -0.029761470963695
0.175798999999998 -0.0286244975857342
0.175898999999998 -0.0207888087810066
0.175998999999999 -0.0304144858917408
0.176098999999999 -0.00883189036774533
0.176198999999998 -0.0227618482096713
0.176298999999999 -0.0335484571506712
0.176398999999999 -0.0444082810792212
0.176498999999998 -0.0540003929487801
0.176598999999999 -0.060732640573865
0.176698999999999 -0.0569702737974069
0.176798999999999 -0.0690062316894027
0.176898999999999 -0.0775094302423918
0.176998999999999 -0.0852754288269137
0.177098999999998 -0.0793346517646744
0.177198999999998 -0.0746827856337332
0.177298999999999 -0.0650501998855662
0.177398999999999 -0.0537923025485404
0.177498999999998 -0.0574438321102728
0.177598999999999 -0.0698754522212118
0.177698999999998 -0.0876574597974404
0.177798999999998 -0.08507654106794
0.177898999999999 -0.0971376262415498
0.177998999999999 -0.0664105364392368
0.178098999999998 -0.0888313978295539
0.178198999999998 -0.0731512542043511
0.178298999999999 -0.0801158545488486
0.178398999999999 -0.10114363966941
0.178498999999998 -0.102308061722186
0.178598999999999 -0.0888453685588929
0.178698999999999 -0.0982543514804291
0.178798999999998 -0.0786949183673973
0.178898999999999 -0.0995778825326437
0.178998999999999 -0.103029738467721
0.179098999999998 -0.0835142148696177
0.179198999999999 -0.0820596706679922
0.179298999999998 -0.0862656664677919
0.179398999999998 -0.0903100994427624
0.179498999999999 -0.0713768947577463
0.179598999999999 -0.0715497673337584
0.179698999999998 -0.0633704890216903
0.179798999999999 -0.045796338827991
0.179898999999999 -0.0426146894985512
0.179998999999998 -0.0414591748803589
0.180098999999998 -0.0271600324018646
0.180198999999999 -0.0319403578534647
0.180298999999999 -0.0189219679398101
0.180398999999998 -0.0103586469779294
0.180498999999999 -0.00820363989867612
0.180598999999999 -0.000609301059126334
0.180698999999998 -0.00847041138436572
0.180798999999999 0.00364991616950269
0.180898999999999 0.00948455295710095
0.180998999999998 0.0277787535321124
0.181098999999999 0.0187973769266411
0.181198999999998 0.0298031674145999
0.181298999999998 0.0361879683157935
0.181398999999999 0.0410691389746183
0.181498999999999 0.0412129722373296
0.181598999999998 0.0503580132964174
0.181698999999998 0.0554395928368946
0.181798999999999 0.062310787616043
0.181898999999999 0.0810515591583396
0.181998999999998 0.10776163451348
0.182098999999999 0.116707427488244
0.182198999999999 0.123680047038324
0.182298999999998 0.114093315002289
0.182398999999999 0.116013373967329
0.182498999999999 0.1233249369982
0.182598999999999 0.107613787751851
0.182698999999999 0.109977739645002
0.182798999999999 0.105975646159813
0.182898999999998 0.109730136906424
0.182998999999998 0.100979158725348
0.183098999999999 0.107072298546742
0.183198999999998 0.117386849617911
0.183298999999998 0.106637112899604
0.183398999999999 0.101607857516072
0.183498999999998 0.104771591416555
0.183598999999998 0.0957819124697979
0.183698999999999 0.0971672299639699
0.183798999999999 0.0822824725523387
0.183898999999998 0.0885683794813801
0.183998999999999 0.0726993035954468
0.184098999999999 0.051443181544375
0.184198999999998 0.0392588919438962
0.184298999999999 0.026673928946383
0.184398999999999 0.0351383861452592
0.184498999999999 0.0539317924463595
0.184598999999998 0.035168344260743
0.184698999999999 0.0207796372692087
0.184798999999998 0.00281170494054704
0.184898999999998 -0.0132598639596795
0.184998999999999 -0.0200958713721385
0.185098999999998 -0.0189249586621013
0.185198999999998 -0.0256641040958851
0.185298999999999 -0.015625838296671
0.185398999999999 -0.0270626032006556
0.185498999999998 -0.0317115189754386
0.185598999999999 -0.0527724839559058
0.185698999999999 -0.0532438856037933
0.185798999999998 -0.0678611080498197
0.185898999999999 -0.0707879487426205
0.185998999999999 -0.0772792984485426
0.186098999999999 -0.0806527775222589
0.186198999999998 -0.0976504897993085
0.186298999999999 -0.0976548216131578
0.186398999999999 -0.104517215944925
0.186498999999998 -0.0935613547247544
0.186598999999999 -0.110189675091989
0.186698999999999 -0.0975356169040544
0.186798999999998 -0.100210506743063
0.186898999999999 -0.112223498392451
0.186998999999998 -0.119623487421633
0.187098999999998 -0.12029133098299
0.187198999999999 -0.118213738615617
0.187298999999999 -0.133286152799744
0.187398999999998 -0.129346590352306
0.187498999999999 -0.120098948777189
0.187598999999999 -0.118403701747246
0.187698999999998 -0.101588624675022
0.187798999999998 -0.0869802935398804
0.187898999999999 -0.0820985526428721
0.187998999999999 -0.091321233791089
0.188098999999998 -0.0823419931086911
0.188198999999999 -0.0809258212603716
0.188298999999998 -0.0734778221410635
0.188398999999998 -0.0797239252210866
0.188498999999999 -0.0654662375708457
0.188598999999998 -0.0611247494199179
0.188698999999998 -0.0606599207927745
0.188798999999999 -0.0365463598321773
0.188898999999999 -0.0232206003042794
0.188998999999998 -0.0337743026210055
0.189098999999999 -0.0166578521132737
0.189198999999999 -0.0125550480140938
0.189298999999998 -0.0153701807255368
0.189398999999998 -0.00170641433101813
0.189498999999999 0.0088175612862832
0.189598999999999 0.00561749425337358
0.189698999999998 0.0052223146592279
0.189798999999999 0.0138658879936855
0.189898999999999 0.044761122301326
0.189998999999998 0.0448148609250476
0.190098999999999 0.0726743640622657
0.190198999999999 0.06752365318382
0.190298999999998 0.0858731424312803
0.190398999999999 0.0908807213751762
0.190498999999999 0.0870803045618354
0.190598999999998 0.102561411954965
0.190698999999999 0.115374373787245
0.190798999999999 0.127768894991923
0.190898999999998 0.138902987279435
0.190998999999998 0.126659224919444
0.191098999999999 0.125628177456245
0.191198999999998 0.121595268903783
0.191298999999998 0.118505879137419
0.191398999999999 0.132185549083195
0.191498999999999 0.131194879477557
0.191598999999998 0.108783283658328
0.191698999999999 0.116898414174238
0.191798999999999 0.116361572664666
0.191898999999998 0.114404325393303
0.191998999999999 0.099918322573309
0.192098999999999 0.119438589855882
0.192198999999998 0.099149557860792
0.192298999999998 0.111444280077627
0.192398999999999 0.0903661079613087
0.192498999999998 0.0874796947439198
0.192598999999998 0.0849626057275969
0.192698999999999 0.0911558325035372
0.192798999999998 0.0742474143014038
0.192898999999998 0.0684099592332526
0.192998999999999 0.0652519388244496
0.193098999999999 0.091193494691466
0.193198999999998 0.082110968389897
0.193298999999999 0.0773666817655354
0.193398999999999 0.0635142292705515
0.193498999999998 0.0695923938139163
0.193598999999999 0.0629705937051718
0.193698999999999 0.0376878061613328
0.193798999999999 0.0463606974333462
0.193898999999998 0.0246401402891111
0.193998999999999 0.025476161300321
0.194098999999998 0.0115993615590236
0.194198999999998 0.0183148060564063
0.194298999999999 -0.00036075775657324
0.194398999999998 -0.00111678505799426
0.194498999999998 -0.00319841149883958
0.194598999999999 -0.00935571152848637
0.194698999999998 -0.0303103751232255
0.194798999999998 -0.0202583760951823
0.194898999999999 -0.0222971061610492
0.194998999999999 -0.0410061627505373
0.195098999999998 -0.0549289800979318
0.195198999999999 -0.0753750110380875
0.195298999999999 -0.0706186561231981
0.195398999999998 -0.0924340474796348
0.195498999999998 -0.0985837559466125
0.195598999999999 -0.115864355244624
0.195698999999999 -0.120910714566541
0.195798999999998 -0.113751950954041
0.195898999999999 -0.123755507461347
0.195998999999999 -0.130582588666984
0.196098999999998 -0.136457945477229
0.196198999999999 -0.132904592483887
0.196298999999998 -0.133635846824003
0.196398999999998 -0.131484936359058
0.196498999999999 -0.135615856438713
0.196598999999999 -0.131582482485405
0.196698999999998 -0.124030475629237
0.196798999999999 -0.121060825911628
0.196898999999999 -0.132528713026947
0.196998999999998 -0.128653920409797
0.197098999999998 -0.123410426161877
0.197198999999999 -0.126117742544753
0.197298999999999 -0.136897187179829
0.197398999999998 -0.136312730638442
0.197498999999999 -0.127996551681186
0.197598999999999 -0.130750018611074
0.197698999999998 -0.142330433445718
0.197798999999999 -0.124501339965746
0.197898999999999 -0.113914837954656
0.197998999999998 -0.108832683333768
0.198098999999999 -0.100883789194691
0.198198999999998 -0.0882079993560403
0.198298999999998 -0.0848688931925043
0.198398999999999 -0.0701481567624721
0.198498999999999 -0.069630570663567
0.198598999999998 -0.0535581460405942
0.198698999999998 -0.0461200816215613
0.198798999999999 -0.037669087043451
0.198898999999998 -0.0360801381802954
0.198998999999998 -0.025505653021771
0.199098999999999 -0.0114640376085595
0.199198999999999 -0.0192280219393278
0.199298999999998 -0.00454246405776905
0.199398999999999 0.00817701117643316
0.199498999999999 0.0144832281425618
0.199598999999998 0.0175180882608749
0.199698999999999 0.0304379506262726
0.199798999999999 0.0345219939873402
0.199898999999998 0.0550309471193012
0.199998999999999 0.0693867179074623
0.200098999999999 0.0778330986810558
0.200198999999998 0.0644759443173486
0.200298999999999 0.076151359120928
0.200398999999999 0.0712944713071193
0.200498999999998 0.0922074965592022
0.200598999999998 0.0994625304118286
0.200698999999999 0.12472113258867
0.200798999999999 0.123893707523203
0.200898999999998 0.111334523927438
0.200998999999999 0.138981638796039
0.201098999999999 0.129999018346731
0.201198999999998 0.107708581914517
0.201298999999999 0.117823101909929
0.201398999999999 0.114658222667916
0.201498999999998 0.125491715961718
0.201598999999999 0.134561052153691
0.201698999999998 0.126708007579615
0.201798999999998 0.129709146029828
0.201898999999998 0.125976868205403
0.201998999999999 0.131750474579514
0.202098999999998 0.138191630878931
0.202198999999998 0.125703779808651
0.202298999999999 0.119313471884214
0.202398999999998 0.1060974808476
0.202498999999998 0.101907208531266
0.202598999999999 0.0889750686851174
0.202698999999999 0.0985115229822855
0.202798999999998 0.0854100894245107
0.202898999999999 0.0874318290727455
0.202998999999999 0.0882092155991873
0.203098999999998 0.0969795754794875
0.203198999999999 0.0695682971333426
0.203298999999999 0.0599989380171568
0.203398999999998 0.0575561292906085
0.203498999999998 0.0409211193490591
0.203598999999999 0.0200636634934027
0.203698999999998 0.0079337175679414
0.203798999999998 -0.00103796649131762
0.203898999999999 0.00854971208513679
0.203998999999998 -0.000916787877749214
0.204098999999998 -0.00608727567377538
0.204198999999999 -0.00580089498656549
0.204298999999999 -0.00321864122671834
0.204398999999998 -0.0218902575589736
0.204498999999999 -0.0336299501108327
0.204598999999999 -0.0459078262806436
0.204698999999998 -0.0577912453942903
0.204798999999999 -0.0753775161961438
0.204898999999999 -0.0784854377650147
0.204998999999999 -0.0772863485626029
0.205098999999998 -0.0941364644621504
0.205198999999999 -0.0838193619515343
0.205298999999998 -0.0967331421030312
0.205398999999998 -0.103848829842038
0.205498999999999 -0.0898611120322344
0.205598999999998 -0.102379243681567
0.205698999999998 -0.106615902019464
0.205798999999999 -0.107674628452704
0.205898999999998 -0.123195565856185
0.205998999999998 -0.120593056184889
0.206098999999999 -0.0946481031817766
0.206198999999999 -0.0994917807872005
0.206298999999998 -0.114394173559445
0.206398999999999 -0.10326320991293
0.206498999999999 -0.110865494239147
0.206598999999998 -0.100648013660054
0.206698999999998 -0.0906768356916802
0.206798999999999 -0.099965138970583
0.206898999999999 -0.0999329992692057
0.206998999999998 -0.0762508491294708
0.207098999999999 -0.0812075763772647
0.207198999999999 -0.0580545689409797
0.207298999999998 -0.0708825673823531
0.207398999999999 -0.0867556436288351
0.207498999999998 -0.0696039585128767
0.207598999999998 -0.0578637166926729
0.207698999999999 -0.0441616158717554
0.207798999999999 -0.0440853214988759
0.207898999999998 -0.0380810362597378
0.207998999999998 -0.0225442406625605
0.208098999999999 -0.0145843189917521
0.208198999999998 -0.00114308425131141
0.208298999999998 -0.00239702800840865
0.208398999999999 0.0153201375881046
0.208498999999999 0.0238357983818564
0.208598999999998 0.0176817044760676
0.208698999999999 -0.000343997954731789
0.208798999999999 0.0139412251253999
0.208898999999998 0.0154346188923786
0.208998999999999 0.0371229188408025
0.209098999999999 0.0421675792168148
0.209198999999998 0.0512414439628133
0.209298999999999 0.0394013888943036
0.209398999999998 0.051661525398003
0.209498999999998 0.0562615911667738
0.209598999999998 0.0637233796410974
0.209698999999999 0.0598754270145224
0.209798999999998 0.0572966731940796
0.209898999999998 0.0572414585721359
0.209998999999999 0.0717044073283003
0.210098999999998 0.0759189968818022
0.210198999999998 0.0808990243416763
0.210298999999999 0.0779893818493923
0.210398999999999 0.0805716148979998
0.210498999999998 0.0888321724945632
0.210598999999999 0.078622293230194
0.210698999999999 0.0781442446484239
0.210798999999998 0.0834500309985254
0.210898999999999 0.0754032761789615
0.210998999999999 0.077421762267286
0.211098999999998 0.0847736994696489
0.211198999999998 0.0836256002956519
0.211298999999999 0.0751044302830088
0.211398999999998 0.073667656525207
0.211498999999998 0.0614627414841971
0.211598999999999 0.0537140474589476
0.211698999999998 0.0617066382833859
0.211798999999998 0.0401655357601289
0.211898999999999 0.0467116491200953
0.211998999999999 0.0632884031851529
0.212098999999998 0.0547122558219982
0.212198999999999 0.0588122243866526
0.212298999999999 0.0510746538541638
0.212398999999998 0.0494903664361744
0.212498999999999 0.0368806516922918
0.212598999999999 0.0349385614275975
0.212698999999998 0.0181586913343256
0.212798999999998 0.0163747009919681
0.212898999999999 0.0205893621836488
0.212998999999998 0.00298851099751921
0.213098999999998 -0.00421864967183022
0.213198999999999 -0.00761776777265036
0.213298999999998 -0.0250951719890751
0.213398999999998 -0.0419259949460426
0.213498999999999 -0.0286375165227798
0.213598999999998 -0.0306824304816443
0.213698999999998 -0.0465327742935592
0.213798999999999 -0.032032794241348
0.213898999999999 -0.0414227327350361
0.213998999999998 -0.0354679933224015
0.214098999999999 -0.0600670415003176
0.214198999999999 -0.0634224910904885
0.214298999999999 -0.0820947765769675
0.214398999999998 -0.0746059958566294
0.214498999999999 -0.0502334116890065
0.214598999999998 -0.0586639177651395
0.214698999999998 -0.0503717726968152
0.214798999999999 -0.0614399509187889
0.214898999999998 -0.0658333184876556
0.214998999999998 -0.0681250790369331
0.215098999999999 -0.0683451239836663
0.215198999999998 -0.075929266864449
0.215298999999998 -0.0810367136416602
0.215398999999999 -0.0910484240316602
0.215498999999999 -0.0728429716942317
0.215598999999998 -0.086865666960843
0.215698999999999 -0.0666841102967378
0.215798999999999 -0.0745157823113995
0.215898999999998 -0.076589236075354
0.215998999999998 -0.086736342349794
0.216098999999999 -0.0902002882104748
0.216198999999999 -0.0833820843516027
0.216298999999998 -0.0836065794448561
0.216398999999999 -0.0682670423757296
0.216498999999998 -0.0862981278984437
0.216598999999998 -0.0693889966977597
0.216698999999999 -0.0653036573904805
0.216798999999998 -0.0531927809499682
0.216898999999998 -0.0528890920563257
0.216998999999999 -0.0511831360741015
0.217098999999998 -0.0364012713953463
0.217198999999998 -0.0348306912848843
0.217298999999998 -0.0282667032755621
0.217398999999999 -0.0357955748270598
0.217498999999998 -0.0228268073606635
0.217598999999998 -0.0167707443020341
0.217698999999999 -0.00874300531417342
0.217798999999999 -0.00523087337590332
0.217898999999998 -0.00506108502969092
0.217998999999999 -0.0131963842334849
0.218098999999999 -0.00642732485671299
0.218198999999998 -0.00574661867763259
0.218298999999999 0.0171548101828852
0.218398999999999 0.00131627866484515
0.218498999999998 0.0288913828213494
0.218598999999999 0.0529424923765236
0.218698999999998 0.0309635858857025
0.218798999999998 0.0338676086157181
0.218898999999998 0.0264117110751466
0.218998999999999 0.0306308251850965
0.219098999999998 0.0304376051394129
0.219198999999998 0.0418863902579864
0.219298999999999 0.0389282246824308
0.219398999999998 0.0597397676016505
0.219498999999998 0.0638100200424211
0.219598999999999 0.0782165198533108
0.219698999999999 0.0807775094969971
0.219798999999998 0.0675654602396513
0.219898999999999 0.0800886318286911
0.219998999999999 0.0789563932684264
0.220098999999998 0.0744286794572417
0.220198999999999 0.0696710270424672
0.220298999999999 0.0679451347202712
0.220398999999998 0.0725781630228207
0.220498999999998 0.0656939183676861
0.220598999999998 0.0692064856607929
0.220698999999998 0.0749873054786394
0.220798999999998 0.0808044535242419
0.220898999999999 0.0909507813530758
0.220998999999998 0.0830358715215999
0.221098999999998 0.0718119763076113
0.221198999999999 0.0562706427974697
0.221298999999999 0.0824524227844209
0.221398999999998 0.0750574204154163
0.221498999999999 0.084571855379162
0.221598999999999 0.0736394342796009
0.221698999999998 0.101464458208411
0.221798999999998 0.0930226468649413
0.221898999999999 0.0691761782601092
0.221998999999998 0.0689371112640544
0.222098999999998 0.0737875452553251
0.222198999999999 0.0590938502723259
0.222298999999998 0.0477013985480148
0.222398999999998 0.0291084979669559
0.222498999999999 0.0285875594307525
0.222598999999998 0.0291908688237455
0.222698999999998 0.0328021194708265
0.222798999999999 0.0410021270381006
0.222898999999998 0.0352040085602252
0.222998999999998 0.0206017100271495
0.223098999999999 0.0188433880191684
0.223198999999999 0.0105899444864589
0.223298999999998 0.0098476281924871
0.223398999999999 0.0150861381202951
0.223498999999999 0.00444230282379708
0.223598999999998 0.00747185602760329
0.223698999999998 0.00957706495519596
0.223798999999999 0.00364048253425328
0.223898999999998 0.00949907716396219
0.223998999999998 0.00131901519691752
0.224098999999999 -0.0190000242757806
0.224198999999998 -0.0363222342017684
0.224298999999998 -0.045337490458653
0.224398999999999 -0.0380093708752618
0.224498999999998 -0.0428368094222163
0.224598999999998 -0.04499893476612
0.224698999999999 -0.0669213982806352
0.224798999999999 -0.0709702008727652
0.224898999999998 -0.0826342775938659
0.224998999999999 -0.0940950717908569
0.225098999999999 -0.0896645941572808
0.225198999999998 -0.0841364493447681
0.225298999999999 -0.097262050002499
0.225398999999999 -0.0978893029814086
0.225498999999999 -0.0946717743187455
0.225598999999998 -0.0879350998986725
0.225698999999999 -0.095529779976307
0.225798999999998 -0.0967915947756317
0.225898999999998 -0.0934755708545428
0.225998999999999 -0.0937932867303723
0.226098999999998 -0.0858944944619212
0.226198999999998 -0.0991298955731733
0.226298999999999 -0.10062690568105
0.226398999999998 -0.0958937599503351
0.226498999999998 -0.0831549124667056
0.226598999999999 -0.0799538468586464
0.226698999999999 -0.0934077175306356
0.226798999999998 -0.087965521736832
0.226898999999998 -0.0724086366300439
0.226998999999999 -0.0879296253498903
0.227098999999998 -0.0877091227657614
0.227198999999998 -0.0893436102059914
0.227298999999999 -0.0763975716008181
0.227398999999999 -0.0913787152834805
0.227498999999998 -0.0748360968374219
0.227598999999999 -0.0564036418379583
0.227698999999998 -0.0572273256784976
0.227798999999998 -0.0456679704093784
0.227898999999999 -0.0360908636822932
0.227998999999998 -0.051225102444099
0.228098999999998 -0.0285582771419934
0.228198999999999 -0.0142417468314813
0.228298999999999 -0.00626572281427017
0.228398999999998 -0.000580967900266519
0.228498999999998 -0.00133240124054818
0.228598999999999 0.0235748992119332
0.228698999999998 0.0102189683342244
0.228798999999998 0.0147076025958211
0.228898999999999 0.00953908979744054
0.228998999999999 0.0239692178835222
0.229098999999998 0.0297318129720038
0.229198999999999 0.0350526318174696
0.229298999999999 0.0469867928889782
0.229398999999998 0.0643303376842977
0.229498999999999 0.0688519101108038
0.229598999999999 0.0727505353050388
0.229698999999998 0.0769888485323218
0.229798999999999 0.0734074701588561
0.229898999999998 0.0884575820415357
0.229998999999998 0.0917129905441075
0.230098999999998 0.0889496186462418
0.230198999999999 0.104145444079424
0.230298999999998 0.101114219733738
0.230398999999998 0.0960100670758278
0.230498999999999 0.11876436265592
0.230598999999998 0.118662494252249
0.230698999999998 0.105721903455733
0.230798999999999 0.0922803529251358
0.230898999999999 0.0865288994526063
0.230998999999998 0.0739811363942672
0.231098999999999 0.0851970353648479
0.231198999999999 0.0949598570168124
0.231298999999998 0.0813154404258798
0.231398999999998 0.0665002583089333
0.231498999999999 0.0685422092123875
0.231598999999998 0.0689206451420979
0.231698999999998 0.0755786049968335
0.231798999999999 0.0733346974386763
0.231898999999998 0.0655208448300226
0.231998999999998 0.0605653684898069
0.232098999999999 0.0310415264301131
0.232198999999998 0.0329740925386886
0.232298999999998 0.0291516132059709
0.232398999999999 0.0459442179737233
0.232498999999999 0.0479656907391108
0.232598999999998 0.0322510090401359
0.232698999999999 0.0180250645573809
0.232798999999999 0.0102647739701491
0.232898999999998 0.00704584682216107
0.232998999999998 0.00427908052393796
0.233098999999999 -0.019143542266584
0.233198999999998 -0.0213189230368535
0.233298999999998 -0.0244329067213528
0.233398999999999 -0.0145417859613819
0.233498999999998 -0.0254057054015984
0.233598999999998 -0.0203413954194268
0.233698999999999 -0.0380805166084837
0.233798999999998 -0.0396818446132646
0.233898999999998 -0.0551090025515191
0.233998999999999 -0.0560295368591034
0.234098999999998 -0.060471017721481
0.234198999999998 -0.0717805288509697
0.234298999999999 -0.0683157341605505
0.234398999999999 -0.0804237547364957
0.234498999999998 -0.0676676684751053
0.234598999999998 -0.0731703022263988
0.234698999999999 -0.078026926572689
0.234798999999998 -0.0719705834065835
0.234898999999998 -0.0772726926564785
0.234998999999999 -0.0748011390935078
0.235098999999999 -0.0738849201696541
0.235198999999998 -0.0805462511823921
0.235298999999999 -0.0695555600751639
0.235398999999999 -0.08144573948221
0.235498999999998 -0.0668816339947913
0.235598999999999 -0.0743054184188819
0.235698999999998 -0.067179161648082
0.235798999999998 -0.0587032796329462
0.235898999999999 -0.0383325774253989
0.235998999999999 -0.0725258683259036
0.236098999999998 -0.0794409533737865
0.236198999999998 -0.0752825559121755
0.236298999999999 -0.0606336006121434
0.236398999999998 -0.0680691852281149
0.236498999999998 -0.057710280183263
0.236598999999999 -0.0461361662134668
0.236698999999999 -0.0423871346680709
0.236798999999998 -0.0397943439017059
0.236898999999999 -0.0094886201838764
0.236998999999998 -0.021712236681267
0.237098999999998 -0.0229633271983056
0.237198999999999 -0.00403045156042197
0.237298999999999 -0.0166903092350799
0.237398999999998 -0.0165746545290959
0.237498999999999 -0.00835510444351428
0.237598999999998 -0.014168081989998
0.237698999999998 0.0138108942396436
0.237798999999998 0.0137674731787564
0.237898999999999 0.0244763253371757
0.237998999999998 0.0392131851101522
0.238098999999998 0.0401823963632593
0.238198999999999 0.0459471915325348
0.238298999999998 0.035982464470991
0.238398999999998 0.0457775829329193
0.238498999999999 0.0366125514527635
0.238598999999999 0.0518156639069983
0.238698999999998 0.0442625533418523
0.238798999999999 0.0368980813502379
0.238898999999999 0.071536505510285
0.238998999999998 0.0539896656017641
0.239098999999999 0.0677469788448339
0.239198999999998 0.0782665873835401
0.239298999999998 0.0835625745983908
0.239398999999999 0.0819022845507171
0.239498999999999 0.0798814547395406
0.239598999999998 0.0827239376735318
0.239698999999998 0.0877680467114232
0.239798999999999 0.0845216630123869
0.239898999999998 0.0847752182491571
0.239998999999998 0.0857630562955282
0.240098999999999 0.0908202394095306
0.240198999999999 0.0702116502776244
0.240298999999998 0.0757067296617264
0.240398999999999 0.0803665718201792
0.240498999999999 0.0712410626970225
0.240598999999998 0.0786551163221846
0.240698999999998 0.0781137134562781
0.240798999999999 0.0679726375773339
0.240898999999998 0.0576559760332978
0.240998999999998 0.043444262881914
0.241098999999998 0.0260755861170413
0.241198999999998 0.0531257829183896
0.241298999999998 0.0302240886046879
0.241398999999999 0.0399691878705506
0.241498999999998 0.043497459474739
0.241598999999998 0.0365773990526505
0.241698999999999 0.0263453711800996
0.241798999999998 0.0255896218459492
0.241898999999998 0.0296120911442401
0.241998999999999 0.0205518792338209
0.242098999999999 0.0197106825403446
0.242198999999998 0.0108574215903564
0.242298999999999 -0.0161941541698667
0.242398999999999 -0.0137858537596467
0.242498999999999 -0.0225502277312849
0.242598999999998 -0.0387549695785517
0.242698999999999 -0.0321197755240742
0.242798999999998 -0.0391393167496088
0.242898999999998 -0.041992742068884
0.242998999999999 -0.0410783871949613
0.243098999999998 -0.0461951208548655
0.243198999999998 -0.0573650233199117
0.243298999999999 -0.0638327750329447
0.243398999999998 -0.0802870025921498
0.243498999999998 -0.0632483897324022
0.243598999999999 -0.0573441216935641
0.243698999999999 -0.076656113051769
0.243798999999998 -0.0740627846749143
0.243898999999999 -0.0673585742493898
0.243998999999999 -0.0610084081442976
0.244098999999998 -0.0572964247205094
0.244198999999998 -0.0713365318945571
0.244298999999999 -0.0814554406936222
0.244398999999999 -0.0791097879217354
0.244498999999998 -0.0888320436960736
0.244598999999999 -0.0816470149892399
0.244698999999998 -0.0901455013848819
0.244798999999998 -0.0917368218342323
0.244898999999999 -0.0856055177587059
0.244998999999998 -0.0763405705272585
0.245098999999998 -0.0652277245535293
0.245198999999999 -0.0746671171141562
0.245298999999998 -0.0705148696620037
0.245398999999998 -0.100671193049655
0.245498999999998 -0.0976961703033265
0.245598999999999 -0.0943766068661692
0.245698999999998 -0.0829489508394771
0.245798999999998 -0.0923913609416928
0.245898999999999 -0.0958350238649082
0.245998999999999 -0.0660157350553131
0.246098999999998 -0.0546252844355536
0.246198999999999 -0.0429034611444118
0.246298999999998 -0.0417737101769433
0.246398999999998 -0.0312723689509804
0.246498999999999 -0.0408086632590324
0.246598999999999 -0.0456917744952013
0.246698999999998 -0.0284939491050688
0.246798999999998 -0.0319669451476366
0.246898999999998 -0.0232338623719115
0.246998999999998 -0.0311652112042379
0.247098999999998 -0.0321964079463335
0.247198999999999 -0.023925286189682
0.247298999999998 -0.0230857442176047
0.247398999999998 0.000514722240774933
0.247498999999999 0.00671935958706566
0.247598999999998 0.0242341059923617
0.247698999999998 0.0199145191641663
0.247798999999999 0.0270075121027343
0.247898999999999 0.0311264638836998
0.247998999999998 0.0519609700566757
0.248098999999999 0.0522389270220872
0.248198999999999 0.0506611790366303
0.248298999999998 0.0625592087107532
0.248398999999999 0.052045302054467
0.248498999999999 0.0625623282703235
0.248598999999998 0.0725916999892394
0.248698999999998 0.0610366756519075
0.248798999999998 0.067047858569108
0.248898999999998 0.0726982785975404
0.248998999999998 0.0582178455405115
0.249098999999999 0.0799712666857312
0.249198999999998 0.077322167749813
0.249298999999998 0.0901929096686265
0.249398999999999 0.0943548036811456
0.249498999999999 0.0875962151318233
0.249598999999998 0.0764135765798747
0.249698999999999 0.0845202251888679
0.249798999999999 0.0711398994099538
0.249898999999998 0.0825231762909206
0.249998999999999 0.0776115861340535
0.250098999999999 0.0894417905471371
0.250198999999998 0.0709500767043136
0.250298999999998 0.0740219646096953
0.250398999999998 0.078102211494989
0.250498999999998 0.0698358607035586
0.250598999999998 0.0659543498704026
0.250698999999999 0.0734341412348692
0.250798999999998 0.0695027162144513
0.250898999999998 0.0838388744546612
0.250998999999999 0.0667709441307595
0.251098999999998 0.083080123138075
0.251198999999998 0.0620716428479617
0.251298999999999 0.0621446533199715
0.251398999999999 0.0524844645348601
0.251498999999998 0.0495706903712924
0.251598999999999 0.0261352659553555
0.251698999999999 0.0337532765071126
0.251798999999998 0.0320567288820323
0.251898999999998 0.0212938911759295
0.251998999999999 0.00750506160801574
0.252098999999998 0.0044531597213034
0.252198999999998 0.0200226177291767
0.252298999999998 0.0274026403009307
0.252398999999998 -0.0010154331504716
0.252498999999998 -0.00521963455376498
0.252598999999999 -6.54970062072458e-05
0.252698999999998 -0.00877149333939798
0.252798999999998 -0.00864494279627638
0.252898999999999 -0.0168178924039473
0.252998999999999 -0.0268834807261462
0.253098999999998 -0.022284922322926
0.253198999999999 -0.0141925846670612
0.253298999999999 -0.00125208329750044
0.253398999999998 -0.0059086041483276
0.253498999999998 -0.0340231714871339
0.253598999999999 -0.0448628508659787
0.253698999999999 -0.0438443551223114
0.253798999999998 -0.0450267917042354
0.253898999999999 -0.0521192845246375
0.253998999999998 -0.0391328874955456
0.254098999999998 -0.0652370454276248
0.254198999999999 -0.0590622541023435
0.254298999999998 -0.0514667100300994
0.254398999999998 -0.0357967622348644
0.254498999999999 -0.0599800064546016
0.254598999999998 -0.059682197809253
0.254698999999998 -0.0759595571712507
0.254798999999998 -0.0685617210396283
0.254898999999999 -0.0702861132711864
0.254998999999998 -0.0502644414602717
0.255098999999998 -0.0686197465959024
0.255198999999999 -0.079353960184274
0.255298999999998 -0.0626340978779154
0.255398999999998 -0.0601188792410834
0.255498999999999 -0.0621217972121305
0.255598999999999 -0.0636430648352338
0.255698999999998 -0.0546731978290483
0.255798999999999 -0.0589421433649978
0.255898999999998 -0.0571362849858789
0.255998999999998 -0.0623839350964808
0.256098999999999 -0.0602189971332432
0.256198999999998 -0.0420094189475348
0.256298999999998 -0.0429901293829887
0.256398999999998 -0.0461651150589956
0.256498999999999 -0.0393691102512208
0.256598999999998 -0.0255897951642453
0.256698999999998 -0.0351647867599093
0.256798999999999 -0.0292746406278406
0.256898999999998 -0.00896777823944148
0.256998999999998 -0.00993617803357968
0.257098999999999 -0.00373940310751085
0.257198999999999 -0.000655102083620531
0.257298999999998 0.00105868555749098
0.257398999999999 0.0100591083261721
0.257498999999998 0.0155328342240992
0.257598999999998 0.00821490611683547
0.257698999999999 -0.000167835648869951
0.257798999999999 0.0181214288975531
0.257898999999998 0.0116695249926378
0.257998999999998 0.0221173081067443
0.258098999999998 0.020691986605066
0.258198999999998 0.0227699329655456
0.258298999999998 0.0241687365367804
0.258398999999999 0.0261870844735368
0.258498999999998 0.0428001787921701
0.258598999999998 0.036960865012242
0.258698999999999 0.0317328838818352
0.258798999999998 0.0251184979625202
0.258898999999998 0.0370646377377482
0.258998999999999 0.0352805531165351
0.259098999999999 0.0521798384789844
0.259198999999998 0.0532881668707749
0.259298999999999 0.0446875816200538
0.259398999999998 0.0410137102740988
0.259498999999998 0.0454803328971054
0.259598999999998 0.0417970773800062
0.259698999999999 0.0475750376477066
0.259798999999998 0.0474789932063283
0.259898999999998 0.0363382783636477
0.259998999999998 0.069006561330128
0.260098999999998 0.0551492937290741
0.260198999999998 0.0564407792254367
0.260298999999999 0.0462364886116846
0.260398999999998 0.0559699742386033
0.260498999999998 0.0442230920141008
0.260598999999999 0.0330788020005038
0.260698999999999 0.0384949771976516
0.260798999999998 0.0131872449742272
0.260898999999999 0.00212067377594881
0.260998999999999 -0.000869926776369923
0.261098999999998 -0.00367624250831301
0.261198999999998 0.00806731592589369
0.261298999999999 0.00279655346078374
0.261398999999998 0.0171401863465393
0.261498999999998 0.0192606490784874
0.261598999999999 0.00437137050478085
0.261698999999998 0.0131997715317367
0.261798999999998 -0.000729348372049811
0.261898999999999 -0.000797467874858993
0.261998999999998 0.0147253346182534
0.262098999999998 0.010643321360298
0.262198999999999 -0.000198222519650062
0.262298999999998 -0.0163335484713747
0.262398999999998 -0.0184978060172113
0.262498999999999 -0.00557392257120642
0.262598999999999 -0.0172443532337505
0.262698999999998 -0.0262715317558969
0.262798999999998 -0.0303329632319735
0.262898999999999 -0.0289618201542725
0.262998999999998 -0.0245680153305143
0.263098999999998 -0.0375173081428503
0.263198999999999 -0.025783894853482
0.263298999999998 -0.0361359872889385
0.263398999999998 -0.0343988996559594
0.263498999999998 -0.015382929753278
0.263598999999998 -0.0264342668697267
0.263698999999998 -0.033406732856066
0.263798999999999 -0.0522711621979018
0.263898999999998 -0.0445318104686494
0.263998999999998 -0.0450726255839365
0.264098999999999 -0.0563110835647758
0.264198999999999 -0.0455883061557273
0.264298999999998 -0.0538915728055519
0.264398999999998 -0.0417732265637123
0.264498999999999 -0.0427762596877937
0.264598999999998 -0.0463751391245322
0.264698999999998 -0.053612957957917
0.264798999999999 -0.0383205388681567
0.264898999999999 -0.0520081139906724
0.264998999999998 -0.0447035510320551
0.265098999999999 -0.0595644713656723
0.265198999999998 -0.0447419027820147
0.265298999999998 -0.0366126167839267
0.265398999999999 -0.0382278643901543
0.265498999999998 -0.0364588736673709
0.265598999999998 -0.0253763815907389
0.265698999999999 -0.0440573554246765
0.265798999999998 -0.0345765579607309
0.265898999999998 -0.0331088343775197
0.265998999999998 -0.0463729084844759
0.266098999999999 -0.0253800707424473
0.266198999999998 -0.0129969319466907
0.266298999999998 -0.02352408007885
0.266398999999999 -0.0190776385066188
0.266498999999998 -0.0156328753522019
0.266598999999998 -0.0166673369491038
0.266698999999999 -0.013927021766822
0.266798999999999 -0.00874253664330599
0.266898999999998 0.013028631971782
0.266998999999999 0.0265129829156768
0.267098999999998 0.00830802667412361
0.267198999999998 0.0287636318910229
0.267298999999999 0.0223807399619815
0.267398999999998 0.0368081327961793
0.267498999999998 0.0305651184322345
0.267598999999998 0.0492234444259255
0.267698999999999 0.0566066113883231
0.267798999999998 0.0517965523343846
0.267898999999998 0.0507319344991024
0.267998999999999 0.04052607413219
0.268098999999998 0.0430496845655369
0.268198999999998 0.0660965053719678
0.268298999999999 0.0585029499010474
0.268398999999999 0.0683073591059291
0.268498999999998 0.0733765776963723
0.268598999999999 0.0627276144227979
0.268698999999999 0.0438966827343849
0.268798999999998 0.0539869012124648
0.268898999999999 0.057964143262747
0.268998999999999 0.0428381612815787
0.269098999999998 0.0539323233666081
0.269198999999998 0.0425419930999323
0.269298999999998 0.0488798413906968
0.269398999999998 0.0260649033629145
0.269498999999998 0.0448302735010375
0.269598999999999 0.0464420639440202
0.269698999999998 0.0422198781624538
0.269798999999998 0.0599650396904325
0.269898999999999 0.065473638439503
0.269998999999998 0.0626123081906333
0.270098999999998 0.0588441830689754
0.270198999999999 0.0419348662487347
0.270298999999999 0.0426839103265324
0.270398999999998 0.0287453545013957
0.270498999999998 0.0241977077696649
0.270598999999998 0.0339955414161867
0.270698999999998 0.0196049177352974
0.270798999999998 0.0301131602483167
0.270898999999999 0.036464738871848
0.270998999999998 0.0149290675524604
0.271098999999998 0.0191180034418462
0.271198999999999 0.0115656305467503
0.271298999999998 0.0187193683408273
0.271398999999998 0.0242400688931952
0.271498999999999 0.0130072827644594
0.271598999999998 0.00370814112518396
0.271698999999998 0.0121060943429936
0.271798999999999 0.0115569423672126
0.271898999999999 -0.00256132310568468
0.271998999999998 -0.016287406372586
0.272098999999998 -0.00641595556283126
0.272198999999999 -0.0168069917722809
0.272298999999998 -0.0291234506959855
0.272398999999998 -0.0265660743892028
0.272498999999999 -0.0311050990992067
0.272598999999998 -0.0370387292686697
0.272698999999998 -0.0115084740759435
0.272798999999999 -0.0313255946962887
0.272898999999998 -0.0370062662834885
0.272998999999998 -0.0291562704167951
0.273098999999999 -0.0337074652852064
0.273198999999998 -0.0322259391465149
0.273298999999998 -0.0461412309176051
0.273398999999999 -0.0488875301723189
0.273498999999998 -0.0435939018434215
0.273598999999998 -0.0456476156614741
0.273698999999998 -0.0330652622934843
0.273798999999999 -0.0597887808253175
0.273898999999998 -0.053218031291789
0.273998999999998 -0.0501521602496433
0.274098999999999 -0.0611420048971756
0.274198999999998 -0.0552716831620131
0.274298999999998 -0.0409258038208883
0.274398999999999 -0.0851679113127553
0.274498999999998 -0.0580981314482052
0.274598999999998 -0.0546942700364959
0.274698999999999 -0.0539659016330998
0.274798999999999 -0.0563203947168463
0.274898999999998 -0.0533736270259213
0.274998999999999 -0.0536864422014211
0.275098999999998 -0.043586090617264
0.275198999999998 -0.0495822287773639
0.275298999999998 -0.0388442196124653
0.275398999999999 -0.0442903299000008
0.275498999999998 -0.0562372642540146
0.275598999999998 -0.0509340727327493
0.275698999999999 -0.0484994035516578
0.275798999999998 -0.04536945748609
0.275898999999998 -0.0645132958612722
0.275998999999999 -0.0442134136998021
0.276098999999999 -0.0511017872901575
0.276198999999998 -0.0354964758322583
0.276298999999999 -0.0386585272998618
0.276398999999998 -0.0327319963055754
0.276498999999998 -0.0224628193904505
0.276598999999999 -0.0256249914586073
0.276698999999998 -0.022287364237753
0.276798999999998 -0.0321201996048228
0.276898999999999 -0.0189768225787176
0.276998999999998 -0.0178385921033407
0.277098999999998 -0.00887565620112317
0.277198999999998 0.000695426334386924
0.277298999999999 -0.00130144104193106
0.277398999999998 0.0131531302687511
0.277498999999998 0.0123376418345612
0.277598999999999 0.0211488836523603
0.277698999999998 0.0198178064086779
0.277798999999998 0.0397845251960938
0.277898999999999 0.0309506922348943
0.277998999999999 0.0352861492315656
0.278098999999998 0.0390109808270829
0.278198999999999 0.0433630350976703
0.278298999999999 0.0394902395416792
0.278398999999998 0.0471039176581185
0.278498999999998 0.0469295392994619
0.278598999999998 0.0534513962552626
0.278698999999998 0.0467089894786188
0.278798999999998 0.0507665644031285
0.278898999999999 0.0414216938249352
0.278998999999998 0.0461241845749046
0.279098999999998 0.0433375037060273
0.279198999999999 0.0336983564469527
0.279298999999998 0.0331646192997441
0.279398999999998 0.0377349718665262
0.279498999999999 0.0407750634931315
0.279598999999999 0.0657941833844253
0.279698999999998 0.0569220681202376
0.279798999999999 0.0679092328456645
0.279898999999999 0.0560123848251869
0.279998999999998 0.0519744631332932
0.280098999999998 0.060265930176873
0.280198999999998 0.0677192107888022
0.280298999999998 0.0665433374742769
0.280398999999998 0.0788361676854428
0.280498999999998 0.0729102074061662
0.280598999999998 0.0521264763580575
0.280698999999998 0.0549971321044736
0.280798999999999 0.0407475909470926
0.280898999999998 0.0532898832692447
0.280998999999998 0.050990954699242
0.281098999999999 0.031526780849202
0.281198999999998 0.041385382719394
0.281298999999998 0.0333404642085726
0.281398999999999 0.0159998552649133
0.281498999999999 -0.00159425813377027
0.281598999999998 0.0055122859655434
0.281698999999998 -0.0152830145347618
0.281798999999999 -0.0195866274882724
0.281898999999999 -0.0025807469084883
0.281998999999998 -0.00740007872892164
0.282098999999999 -0.0123143480121146
0.282198999999998 -0.0118935116238651
0.282298999999998 -0.012173135058169
0.282398999999999 -0.024159026617037
0.282498999999998 -0.0200478467228671
0.282598999999998 -0.030311418046766
0.282698999999999 -0.0333338013437136
0.282798999999998 -0.0237709867076194
0.282898999999998 -0.0218478881709405
0.282998999999999 -0.0315472040239535
0.283098999999999 -0.0221829303748752
0.283198999999998 -0.0176238575935455
0.283298999999998 -0.0294087430474379
0.283398999999999 -0.0236495850791651
0.283498999999998 -0.0353003161325942
0.283598999999998 -0.0358849051534383
0.283698999999999 -0.045706147478741
0.283798999999999 -0.0323927880015518
0.283898999999998 -0.0180153567701583
0.283998999999999 -0.0379735417947152
0.284098999999998 -0.0466463091508915
0.284198999999998 -0.0438072567833979
0.284298999999999 -0.0514478566949902
0.284398999999998 -0.053225971461281
0.284498999999998 -0.0326214859012095
0.284598999999998 -0.0316512386848408
0.284698999999998 -0.0511164984448625
0.284798999999998 -0.0328539167504785
0.284898999999998 -0.0439979030427067
0.284998999999999 -0.0389146836110209
0.285098999999998 -0.0337716628905255
0.285198999999998 -0.0286468415112396
0.285298999999999 -0.01852708374048
0.285398999999999 -0.0303211026000955
0.285498999999998 -0.0365967048729062
0.285598999999999 -0.0331559244179078
0.285698999999998 -0.0342201127858945
0.285798999999998 -0.0342562797974999
0.285898999999999 -0.0135749216532026
0.285998999999999 -0.00702008069518975
0.286098999999998 0.00421963254355389
0.286198999999998 0.00123104406668454
0.286298999999999 -0.0143823643898024
0.286398999999998 -0.0178104908365913
0.286498999999998 -0.0201030070801944
0.286598999999999 -0.013589263817902
0.286698999999999 -0.00543328853526791
0.286798999999998 -0.0152242578556719
0.286898999999999 -0.00257722753428886
0.286998999999998 0.00301618382446848
0.287098999999998 -0.000272211733969742
0.287198999999999 0.017088499993183
0.287298999999998 0.0144084255178653
0.287398999999998 0.0125533215025623
0.287498999999999 0.0198112355112923
0.287598999999998 0.00826746555273159
0.287698999999998 0.0197342896877412
0.287798999999998 0.0183073510282637
0.287898999999999 0.0221383304409195
0.287998999999998 0.0199127134113898
0.288098999999998 0.0232795465625006
0.288198999999999 0.0370017113016828
0.288298999999998 0.035004138333244
0.288398999999998 0.0393113324246435
0.288498999999999 0.0165779155587914
0.288598999999998 0.0353735079717646
0.288698999999998 0.0277093488092935
0.288798999999999 0.0277476255549936
0.288898999999998 0.0421983834973677
0.288998999999998 0.0428514670481891
0.289098999999998 0.0266282291188476
0.289198999999998 0.03674164571868
0.289298999999998 0.0377359039035223
0.289398999999999 0.0246213840664888
0.289498999999999 0.00946333096542554
0.289598999999998 0.00558566340534279
0.289698999999998 0.00811618983094333
0.289798999999999 0.00755197436327713
0.289898999999998 0.0192557569808141
0.289998999999998 0.0264114221952075
0.290098999999999 0.0270457658760372
0.290198999999999 0.0332020405410394
0.290298999999998 0.0369450621037153
0.290398999999999 0.0307382820984189
0.290498999999999 0.0318334772608663
0.290598999999998 0.0127584753435805
0.290698999999998 0.00618404020039934
0.290798999999998 0.00792300995992159
0.290898999999998 -0.00419948452854729
0.290998999999999 -0.00580482706514799
0.291098999999998 -0.00705556193045108
0.291198999999998 -0.0113539162203871
0.291298999999998 -0.00903914231554172
0.291398999999999 3.6940816420109e-05
0.291498999999998 -0.0144363303248221
0.291598999999998 -0.0208415920650896
0.291698999999999 -0.021000237790151
0.291798999999998 -0.0275314750231207
0.291898999999998 -0.0126941369826378
0.291998999999999 -0.02228460046966
0.292098999999999 -0.0362296247697292
0.292198999999998 -0.0320745254819279
0.292298999999998 -0.0284907795676754
0.292398999999998 -0.0323133349883485
0.292498999999998 -0.0169717873606964
0.292598999999998 -0.0284114559058569
0.292698999999998 -0.0344498369026643
0.292798999999998 -0.0227271278837359
0.292898999999998 -0.0144755106737002
0.292998999999999 -0.0209455834039566
0.293098999999998 -0.0241919888116011
0.293198999999998 -0.017569383262981
0.293298999999999 -0.035971182796136
0.293398999999998 -0.0418716878108018
0.293498999999998 -0.0373195230576757
0.293598999999999 -0.0547210327882289
0.293698999999999 -0.0498722495959639
0.293798999999998 -0.0464167565028935
0.293898999999999 -0.0418583544339313
0.293998999999999 -0.0397891490621559
0.294098999999998 -0.0323124621947886
0.294198999999998 -0.0441181369715473
0.294298999999998 -0.0295154070833642
0.294398999999999 -0.0256544462000903
0.294498999999998 -0.0374209730622528
0.294598999999998 -0.0426753028081497
0.294698999999998 -0.0471940173610796
0.294798999999998 -0.04346957403109
0.294898999999999 -0.0423478876799744
0.294998999999998 -0.0581809506886984
0.295098999999998 -0.0426201768517534
0.295198999999998 -0.0364762333660797
0.295298999999998 -0.0317843990476789
0.295398999999998 -0.0217523249973086
0.295498999999999 -0.02735874718814
0.295598999999999 -0.0252223984923397
0.295698999999998 -0.0223972914856842
0.295798999999998 -0.0142111107797739
0.295898999999999 -0.0203850002182307
0.295998999999999 -0.0148428737027991
0.296098999999998 -0.000632748809590823
0.296198999999998 0.00530928473828133
0.296298999999998 0.00917951173578669
0.296398999999998 0.00954848517356516
0.296498999999999 0.0163532626005425
0.296598999999998 0.0131844036297276
0.296698999999998 -0.000481247669013583
0.296798999999998 -0.00461126345768227
0.296898999999998 0.00798793540962605
0.296998999999998 0.00992419617504244
0.297098999999999 0.00865723202745472
0.297198999999999 0.0225375152529152
0.297298999999998 0.0319385820944359
0.297398999999998 0.0249646708730923
0.297498999999999 0.0201415982972395
0.297598999999998 0.00927324137233458
0.297698999999998 0.0186434877910328
0.297798999999999 0.0170266798304232
0.297898999999999 0.0245480237769941
0.297998999999998 0.0343691820542627
0.298098999999999 0.0243353956857928
0.298198999999998 0.0372502126065462
0.298298999999998 0.032695595992674
0.298398999999998 0.0212534631094376
0.298498999999998 0.0391288767207002
0.298598999999998 0.0466390743904909
0.298698999999998 0.050558001877824
0.298798999999998 0.0595742300966824
0.298898999999998 0.049805175525373
0.298998999999998 0.0556384718353562
0.299098999999999 0.0385808339875573
0.299198999999998 0.0531681697078012
0.299298999999998 0.0625383028784771
0.299398999999999 0.056477836248862
0.299498999999999 0.069632991501224
0.299598999999998 0.0679702173304799
0.299698999999998 0.0615685105729754
0.299798999999998 0.0618426109833892
0.299898999999998 0.0461942141043017
0.299998999999999 0.0472199374636314
0.300098999999998 0.0434692568342397
0.300198999999998 0.0527577235573964
0.300298999999998 0.0422252695558706
0.300398999999998 0.0289931318464844
0.300498999999998 0.0298641815809472
0.300598999999998 0.0277693084748813
0.300698999999999 0.0234442215842783
0.300798999999998 0.0321051893373826
0.300898999999998 0.0244715891049767
0.300998999999999 0.0323982389931523
0.301098999999998 0.0316715279003818
0.301198999999998 0.0305166675694965
0.301298999999999 0.0287844494756208
0.301398999999999 0.0240021166910213
0.301498999999998 0.0157675524643393
0.301598999999999 0.00510091131579505
0.301698999999999 0.00752134687314402
0.301798999999998 -0.00900494579642225
0.301898999999998 -0.0134543968183644
0.301998999999998 -0.00206932969994696
0.302098999999998 -0.0164475565562086
0.302198999999998 -0.0144889536241485
0.302298999999998 -0.0290885823683345
0.302398999999998 -0.0307153971013553
0.302498999999998 -0.0277699255486751
0.302598999999999 -0.0346905973515064
0.302698999999998 -0.0317248530624033
0.302798999999998 -0.0297266724398082
0.302898999999999 -0.0317526468834586
0.302998999999999 -0.0384511060044921
0.303098999999998 -0.0252063417228142
0.303198999999998 -0.0624569065885807
0.303298999999999 -0.0547522115812668
0.303398999999998 -0.057347316491237
0.303498999999998 -0.0438052983072982
0.303598999999998 -0.0588923406261308
0.303698999999998 -0.0688692791738077
0.303798999999998 -0.0613824490694734
0.303898999999998 -0.0751734521911796
0.303998999999998 -0.0546134910499182
0.304098999999998 -0.0706370348209975
0.304198999999999 -0.0731260962941807
0.304298999999998 -0.0636269787617705
0.304398999999998 -0.0652660104736807
0.304498999999999 -0.0685530025867931
0.304598999999998 -0.061494233697865
0.304698999999998 -0.0554151842877598
0.304798999999998 -0.0543557338997391
0.304898999999999 -0.0519307345374055
0.304998999999998 -0.0503001819022927
0.305098999999998 -0.0316488662016939
0.305198999999999 -0.0389445624905676
0.305298999999998 -0.0437891036639752
0.305398999999998 -0.0423504344170223
0.305498999999999 -0.0419987547655681
0.305598999999999 -0.0330164723770531
0.305698999999998 -0.0396352742001145
0.305798999999998 -0.0343706428196008
0.305898999999998 -0.0312206560531278
0.305998999999998 -0.016675115707917
0.306098999999999 -0.0256939067142623
0.306198999999998 -0.00934208693569951
0.306298999999998 0.00020322362920764
0.306398999999998 -0.0178823200930898
0.306498999999999 0.0116995911330361
0.306598999999998 0.0157152509218996
0.306698999999998 0.00675314312876196
0.306798999999999 -0.0037146932783774
0.306898999999998 0.0150960522446738
0.306998999999998 0.0027431477033492
0.307098999999999 0.00517207962005448
0.307198999999999 0.00976106446635333
0.307298999999998 0.020267723937792
0.307398999999998 0.0119158888526499
0.307498999999998 0.0182030018410069
0.307598999999998 0.0384787986344746
0.307698999999999 0.0367204004923983
0.307798999999998 0.0162275143817695
0.307898999999998 0.0309123599319187
0.307998999999998 0.0437594741927938
0.308098999999998 0.0279565725940041
0.308198999999998 0.0348899253367765
0.308298999999998 0.0311694460734549
0.308398999999999 0.0299735635014931
0.308498999999998 0.0228872859997181
0.308598999999998 0.0412220948105225
0.308698999999999 0.0553926020242318
0.308798999999998 0.0510239756530668
0.308898999999998 0.045442333161992
0.308998999999999 0.0533590807275366
0.309098999999999 0.0420349082628542
0.309198999999998 0.0533006799077677
0.309298999999998 0.0465796741827841
0.309398999999998 0.0554444798410645
0.309498999999998 0.0549831328040942
0.309598999999998 0.0683521054808037
0.309698999999998 0.0467786707066943
0.309798999999998 0.0535422806712161
0.309898999999998 0.0379035523073072
0.309998999999999 0.0355620338289879
0.310098999999998 0.0279127715989825
0.310198999999998 0.019883152597583
0.310298999999999 0.00992990178538482
0.310398999999998 0.00702109808135888
0.310498999999998 0.0159488624034398
0.310598999999999 0.00361809037553633
0.310698999999999 0.00563330529218566
0.310798999999998 0.000812203124603811
0.310898999999998 0.0120538606584884
0.310998999999999 0.00579783589926752
0.311098999999998 0.00678336467045391
0.311198999999998 0.00695018181869854
0.311298999999998 0.000298824791148035
0.311398999999998 -0.00418843775377204
0.311498999999998 -0.00970095311393657
0.311598999999998 -0.0115879608382103
0.311698999999998 -0.0113912384903417
0.311798999999998 -0.0170058913274403
0.311898999999999 -0.0151639893714228
0.311998999999998 -0.0262345534260189
0.312098999999998 -0.0456318024033352
0.312198999999999 -0.0414310023485423
0.312298999999998 -0.0497759810494241
0.312398999999998 -0.0422780422628136
0.312498999999999 -0.0368785798584564
0.312598999999999 -0.0340396758183266
0.312698999999998 -0.0347175463718511
0.312798999999998 -0.0322608716786155
0.312898999999999 -0.0447630809073588
0.312998999999998 -0.0360531354461802
0.313098999999998 -0.0253787630373062
0.313198999999998 -0.0445521223710323
0.313298999999998 -0.0577003612996439
0.313398999999998 -0.0293094672602025
0.313498999999999 -0.0244639340296755
0.313598999999998 -0.0538199512435002
0.313698999999998 -0.049563089964848
0.313798999999999 -0.0477909005953384
0.313898999999998 -0.040819599213305
0.313998999999998 -0.0353400553730284
0.314098999999999 -0.0226460409317516
0.314198999999999 -0.0227042806163896
0.314298999999998 -0.0168736062915492
0.314398999999998 -0.00456920286891589
0.314498999999999 -0.0213943240712998
0.314598999999998 0.00017811921036051
0.314698999999998 -0.000717712492918475
0.314798999999998 -0.0149360161855659
0.314898999999998 -0.0130806400670399
0.314998999999998 -0.0124340704553867
0.315098999999998 -0.0196483811713272
0.315198999999998 -0.0124272163361694
0.315298999999998 -0.0107564852692413
0.315398999999999 -0.00692904480324025
0.315498999999998 -0.00955958931447952
0.315598999999998 -0.0164139799567668
0.315698999999999 0.00566918607513624
0.315798999999998 0.00292741455144302
0.315898999999998 0.00699982722419312
0.315998999999998 0.0109092005548022
0.316098999999999 -0.0098389241694112
0.316198999999998 -0.000724555569384899
0.316298999999998 0.0115893140635815
0.316398999999999 0.0157253083239293
0.316498999999998 0.0393262957591943
0.316598999999998 0.0487229858990327
0.316698999999999 0.0307165585709448
0.316798999999998 0.0593969282775501
0.316898999999998 0.0301804651212115
0.316998999999999 0.0301215708986712
0.317098999999998 0.0234054135552391
0.317198999999998 0.03602483283435
0.317298999999998 0.0113489786413523
0.317398999999998 0.0276114040476785
0.317498999999998 0.0330192379623617
0.317598999999998 0.0513539281554338
0.317698999999999 0.0532722317310063
0.317798999999998 0.0572390503972243
0.317898999999998 0.0594729384207041
0.317998999999999 0.0196321791748985
0.318098999999998 0.0342726535794444
0.318198999999998 0.0327885087655949
0.318298999999999 0.0181486595467325
0.318398999999998 0.0234562690296007
0.318498999999998 0.0441092892884531
0.318598999999998 0.0355079002182334
0.318698999999998 0.0454502337857135
0.318798999999998 0.0416634063472746
0.318898999999998 0.0455062676737485
0.318998999999998 0.031689993178093
0.319098999999998 0.0302770449001149
0.319198999999998 0.0236444022686745
0.319298999999998 0.02272060552229
0.319398999999998 0.0095733962111904
0.319498999999998 0.00625108071435979
0.319598999999999 0.00740026658903867
0.319698999999998 0.0036686342474409
0.319798999999998 0.00909344704287338
0.319898999999999 0.0163509389401338
0.319998999999998 0.00737727700912317
0.320098999999998 0.0112082668301567
0.320198999999999 0.00903292792254083
0.320298999999999 0.0148443067107972
0.320398999999998 0.00827424943936993
0.320498999999998 0.0166145496099451
0.320598999999999 0.0308548100759123
0.320698999999998 0.0267471413421296
0.320798999999998 0.00649614399758886
0.320898999999998 0.0103659156665013
0.320998999999998 -0.00509049846993813
0.321098999999998 0.00395042197352257
0.321198999999999 -0.0120937298162519
0.321298999999998 -0.0233258066511848
0.321398999999998 -0.0295578236879235
0.321498999999999 -0.0257708355250745
0.321598999999998 -0.0328723442532528
0.321698999999998 -0.0379398256758906
0.321798999999999 -0.0429345542289236
0.321898999999999 -0.051121695974992
0.321998999999998 -0.051869354604564
0.322098999999998 -0.0520740803885044
0.322198999999999 -0.0581537535166099
0.322298999999998 -0.0464119735520492
0.322398999999998 -0.0469109122403033
0.322498999999998 -0.0705992854724492
0.322598999999998 -0.0754524053139704
0.322698999999998 -0.07576017108524
0.322798999999998 -0.0613427780407366
0.322898999999998 -0.0679766470396573
0.322998999999998 -0.0475377347346784
0.323098999999999 -0.0499798061867243
0.323198999999998 -0.0459938866717854
0.323298999999998 -0.029973447144371
0.323398999999999 -0.0479494394048137
0.323498999999998 -0.047924826256487
0.323598999999998 -0.0445246169459752
0.323698999999999 -0.0556216752196335
0.323798999999999 -0.0401724256550802
0.323898999999998 -0.041143711057527
0.323998999999998 -0.0324710331911934
0.324098999999999 -0.0438246337493558
0.324198999999999 -0.0560907069366616
0.324298999999998 -0.0373037144685075
0.324398999999998 -0.0416639427663832
0.324498999999998 -0.0366457933987105
0.324598999999998 -0.0312411526909812
0.324698999999999 -0.0228069973493003
0.324798999999998 -0.0206972864124503
0.324898999999998 -0.0167355660379185
0.324998999999998 -0.0234454054753624
0.325098999999998 -0.0125447335655829
0.325198999999998 -0.0093234218503402
0.325298999999998 -0.00715603442607397
0.325398999999999 -0.000682972356368754
0.325498999999998 0.00458919347595863
0.325598999999998 0.013699581133591
0.325698999999999 0.0145673558670228
0.325798999999998 0.0244207269237382
0.325898999999998 0.0321883037733563
0.325998999999998 0.0410790031559083
0.326098999999998 0.0340655242309003
0.326198999999998 0.0405086387509479
0.326298999999998 0.042837673164352
0.326398999999998 0.038435115531844
0.326498999999998 0.0348797358428504
0.326598999999999 0.0293612360146174
0.326698999999998 0.033880317347067
0.326798999999998 0.036222631402815
0.326898999999998 0.0260506437513736
0.326998999999998 0.0360965723594785
0.327098999999998 0.0403161666849581
0.327198999999998 0.0387384252542805
0.327298999999999 0.0517966243792308
0.327398999999998 0.0224994499338894
0.327498999999998 0.0304736192698006
0.327598999999999 0.0288248435843044
0.327698999999998 0.0554687465337238
0.327798999999998 0.0472244655134558
0.327898999999998 0.0419674887844742
0.327998999999999 0.0259040925947791
0.328098999999998 0.0371497883375965
0.328198999999998 0.042919015789492
0.328298999999998 0.0447482397519772
0.328398999999998 0.0403507221289808
0.328498999999998 0.0441832221634417
0.328598999999998 0.0583717033629854
0.328698999999998 0.0379847904199019
0.328798999999998 0.0316609112465554
0.328898999999999 0.0358210293199663
0.328998999999998 0.03631375993669
0.329098999999998 0.0267660211414067
0.329198999999999 0.0100972801762773
0.329298999999998 0.0266923028928153
0.329398999999998 0.00270751236547216
0.329498999999998 0.0109483707847551
0.329598999999998 -0.01104497235234
0.329698999999998 0.0052225685193143
0.329798999999998 0.00898980279752691
0.329898999999998 0.0138277222666076
0.329998999999998 0.0155547580953806
0.330098999999998 0.0137139595474201
0.330198999999998 0.00566876783808506
0.330298999999998 0.0109205870945393
0.330398999999998 0.0155058257647386
0.330498999999998 0.00222294759202285
0.330598999999998 0.00119234940384567
0.330698999999998 0.0040808039588142
0.330798999999999 0.00243345268472257
0.330898999999998 0.000318635875413097
0.330998999999998 -0.0117661151043992
0.331098999999999 -0.0206569613794366
0.331198999999998 -0.0327930844046331
0.331298999999998 -0.0301349902272624
0.331398999999998 -0.0358613686768637
0.331498999999999 -0.0312197571289494
0.331598999999998 -0.0186912580000569
0.331698999999998 -0.0214040193375112
0.331798999999999 -0.022751548747282
0.331898999999998 -0.0163448662594498
0.331998999999998 -0.0132882218808397
0.332098999999998 -0.0162710194896923
0.332198999999998 -0.0222001168187866
0.332298999999998 -0.0100592798411268
0.332398999999999 -0.0123984183719222
0.332498999999998 -0.00745630661151785
0.332598999999998 -0.00164917145635657
0.332698999999999 -0.0146005723766158
0.332798999999998 7.44046659890107e-05
0.332898999999998 -0.0064885473688614
0.332998999999998 -0.00599696634063003
0.333098999999999 -0.014057486903489
0.333198999999998 -0.00781557800549312
0.333298999999998 -0.0194018801206576
0.333398999999998 -0.0146012381477099
0.333498999999998 -0.0153280189727938
0.333598999999998 -0.0276066030000646
0.333698999999998 -0.0272385599622781
0.333798999999998 -0.0240513687016334
0.333898999999998 -0.0200707086413608
0.333998999999998 -0.031430075877213
0.334098999999998 -0.0163185422833646
0.334198999999998 -0.00437766241109302
0.334298999999999 -0.0138595020036815
0.334398999999998 -0.00675528576373887
0.334498999999998 -0.0172178111714286
0.334598999999999 -0.0272367365853521
0.334698999999998 -0.041936425779611
0.334798999999998 -0.0442844969009649
0.334898999999998 -0.0316940878605992
0.334998999999999 -0.022578918643442
0.335098999999998 -0.0148115976999819
0.335198999999998 -0.000267633996182361
0.335298999999999 -0.00681981204672831
0.335398999999999 0.00166388247749698
0.335498999999998 0.0114061601901553
0.335598999999998 -0.00892794679072032
0.335698999999999 -0.0182023544008862
0.335798999999998 -0.00157327724205825
0.335898999999999 -2.33942620313571e-05
0.335998999999998 -0.00893524927353127
0.336098999999998 -0.016291912002913
0.336198999999998 0.00318072606016602
0.336298999999998 0.0054059893169948
0.336398999999998 0.00722633006311132
0.336498999999998 0.018579012087078
0.336598999999999 0.0206987913044722
0.336698999999998 0.00631969798352929
0.336798999999998 0.00992721894527889
0.336898999999999 0.0149129298762926
0.336998999999998 0.00482199831932168
0.337098999999998 0.0116762349986649
0.337198999999999 4.6761234238718e-05
0.337298999999998 0.013944260874067
0.337398999999998 0.0216181215198349
0.337498999999998 0.0193077739205793
0.337598999999998 0.0152641272763672
0.337698999999998 0.0167616108461927
0.337798999999999 0.0244972875878391
0.337898999999998 0.0249887298733486
0.337998999999998 0.0252056333381733
0.338098999999998 0.0327212561536897
0.338198999999998 0.0360450228846231
0.338298999999998 0.0322745984465543
0.338398999999998 0.0432822721991105
0.338498999999999 0.0461433707499046
0.338598999999998 0.0320189028463301
0.338698999999998 0.0304588171494062
0.338798999999999 0.0203203381058935
0.338898999999999 0.0114144753567949
0.338998999999998 0.00351735112379943
0.339098999999998 0.00892941782562571
0.339198999999998 0.00604272463084587
0.339298999999998 -0.00125323623287452
0.339398999999998 0.00335643993319219
0.339498999999998 0.0154072859523937
0.339598999999998 -0.000115908998144172
0.339698999999998 0.00506099076120312
0.339798999999998 0.000745986833123905
0.339898999999998 -0.00313136525883177
0.339998999999998 0.0100676487652078
0.340098999999999 -0.00364229339641594
0.340198999999998 0.0124136522656648
0.340298999999998 0.0172914151230517
0.340398999999999 0.0171606656928551
0.340498999999998 0.0100705662110859
0.340598999999998 0.0144570793395685
0.340698999999998 0.00280427781454533
0.340798999999999 0.00403002836848547
0.340898999999998 -0.00836907804501887
0.340998999999998 0.00353033171580853
0.341098999999998 -0.00672182791827996
0.341198999999998 0.00242970300955647
0.341298999999998 -0.000528787088681433
0.341398999999998 -0.0214426302300863
0.341498999999998 -0.0211532962306419
0.341598999999998 -0.0239634191706276
0.341698999999998 -0.0386373082518186
0.341798999999998 -0.0408299702196631
0.341898999999998 -0.0424350641258236
0.341998999999998 -0.0353563308172538
0.342098999999998 -0.0517882927023497
0.342198999999998 -0.0299744487441308
0.342298999999998 -0.0404389556526447
0.342398999999999 -0.0532782541246532
0.342498999999998 -0.0551237253708202
0.342598999999998 -0.04752329290422
0.342698999999999 -0.0465962129572674
0.342798999999998 -0.0436467612406918
0.342898999999998 -0.0335121427220619
0.342998999999999 -0.0476145906704143
0.343098999999998 -0.0343875950559436
0.343198999999998 -0.0182466510887347
0.343298999999998 -0.0398723036141568
0.343398999999998 -0.0399617983025972
0.343498999999998 -0.0355221969930175
0.343598999999999 -0.0371232707022733
0.343698999999998 -0.034039787166075
0.343798999999998 -0.0318240839442964
0.343898999999999 -0.00951257414902155
0.343998999999998 -0.0259474443160129
0.344098999999998 -0.0067474004099441
0.344198999999998 -0.0141582020719666
0.344298999999999 -0.0221716256108568
0.344398999999998 -0.0309015531913038
0.344498999999998 -0.0156656689545929
0.344598999999998 -0.0264330455813486
0.344698999999998 -0.0206952287651012
0.344798999999998 -0.0141722740328189
0.344898999999998 -0.00982818066076065
0.344998999999998 -0.014013785499204
0.345098999999998 -0.00497529196349132
0.345198999999998 -0.00782583544229604
0.345298999999998 -0.00726275857568156
0.345398999999998 0.0143574053078082
0.345498999999999 0.0134477802290166
0.345598999999998 0.0160580159061076
0.345698999999998 0.0336063216437297
0.345798999999998 0.0265070481231389
0.345898999999999 0.0290713318586354
0.345998999999998 0.0348577478396062
0.346098999999998 0.0404271686315887
0.346198999999999 0.0430540939625826
0.346298999999998 0.0370920146373495
0.346398999999998 0.0311756991728939
0.346498999999999 0.0363173609899994
0.346598999999999 0.0373868475658084
0.346698999999998 0.0334196109122686
0.346798999999999 0.0434747593954336
0.346898999999999 0.0626181004609152
0.346998999999998 0.0356560057044634
0.347098999999998 0.0504661850502385
0.347198999999998 0.0499269070643684
0.347298999999998 0.0538978962129039
0.347398999999998 0.0559302286816281
0.347498999999998 0.0708713249834356
0.347598999999998 0.0585739304867855
0.347698999999998 0.0552329316482621
0.347798999999999 0.0488105748919112
0.347898999999998 0.0493951427428578
0.347998999999998 0.0405504755834331
0.348098999999999 0.0432848730453115
0.348198999999998 0.0405313850077536
0.348298999999998 0.0416567612636928
0.348398999999998 0.0519401189948052
0.348498999999998 0.0532655369858158
0.348598999999998 0.0591733422892798
0.348698999999998 0.0425753325988517
0.348798999999998 0.0518292661645789
0.348898999999998 0.0515290903342384
0.348998999999999 0.0244060874264755
0.349098999999998 0.0323960737245536
0.349198999999998 0.0306028482458688
0.349298999999998 0.0265078972902135
0.349398999999999 0.0238472806755502
0.349498999999998 0.0263534873184382
0.349598999999998 0.0202746791383267
0.349698999999999 -0.00989946947787589
0.349798999999998 -0.00559194972554077
0.349898999999998 -0.00807683675500573
0.349998999999999 -0.0240311757014334
0.350098999999999 -0.0337282110356308
0.350198999999998 -0.0210363486289717
0.350298999999998 -0.0219119635190191
0.350398999999999 -0.0190666046597629
0.350498999999998 -0.0243944917552486
0.350598999999998 -0.0180079323102533
0.350698999999998 -0.0205651217243633
0.350798999999998 -0.0325676435464442
0.350898999999998 -0.0331241989226646
0.350998999999998 -0.0446549988660183
0.351098999999998 -0.0448570337297363
0.351198999999998 -0.0374834436037828
0.351298999999999 -0.0250822435263508
0.351398999999998 -0.016954796169761
0.351498999999998 -0.0327425927828754
0.351598999999998 -0.0470038861640698
0.351698999999998 -0.0469291681145126
0.351798999999998 -0.0384818376847302
0.351898999999999 -0.040523506808554
0.351998999999999 -0.0398685062290121
0.352098999999998 -0.0380322568933415
0.352198999999998 -0.0405438791580492
0.352298999999998 -0.0456405300033101
0.352398999999998 -0.0485252508467204
0.352498999999998 -0.0655299333039664
0.352598999999998 -0.0605253999131526
0.352698999999998 -0.0585225346945627
0.352798999999998 -0.0472134992972288
0.352898999999999 -0.052454731177455
0.352998999999998 -0.0404454464678456
0.353098999999998 -0.0398690369200083
0.353198999999998 -0.0427256520887995
0.353298999999998 -0.0325902742842011
0.353398999999998 -0.0276710031076853
0.353498999999998 -0.0177661344150762
0.353598999999999 -0.0303402256966232
0.353698999999998 -0.0293831174404814
0.353798999999998 -0.0138096268977695
0.353898999999999 -0.0228931822335765
0.353998999999998 -0.0227072512852137
0.354098999999998 -0.0240497505824236
0.354198999999999 -0.0127288287027186
0.354298999999998 -0.0174936900148374
0.354398999999998 -0.0228190219818599
0.354498999999998 -0.0227629954010181
0.354598999999998 -0.017871417155737
0.354698999999998 -0.0274225308815378
0.354798999999998 -0.0168982803336052
0.354898999999998 -0.0192450632466733
0.354998999999998 0.00545322441117524
0.355098999999998 0.00393680287225533
0.355198999999998 0.0140793523309622
0.355298999999998 0.0067387815676664
0.355398999999998 0.0124059298892089
0.355498999999999 0.0162151664330338
0.355598999999998 0.0207556351371665
0.355698999999998 0.0256564516356837
0.355798999999998 0.0135031627258696
0.355898999999998 0.0249707764825625
0.355998999999998 0.00811034261042115
0.356098999999998 0.0204108158410594
0.356198999999998 0.0193504788216359
0.356298999999998 0.0226017668682723
0.356398999999998 0.0214794797575708
0.356498999999998 0.00967525822454574
0.356598999999998 0.00486037067718292
0.356698999999998 0.0304677179399027
0.356798999999998 0.0361837352862067
0.356898999999998 0.0439932053317408
0.356998999999998 0.034607250083296
0.357098999999999 0.038001389881133
0.357198999999998 0.0351816033051286
0.357298999999998 0.0301971576060805
0.357398999999999 0.020691345758781
0.357498999999998 0.0215455833300833
0.357598999999998 0.0303529783220299
0.357698999999998 0.013615832845121
0.357798999999999 0.0280643840834569
0.357898999999998 0.0361387333199092
0.357998999999999 0.0422225284295158
0.358098999999998 0.0318658437583629
0.358198999999998 0.0337911217969705
0.358298999999998 0.0382548715373863
0.358398999999998 0.0302823362218431
0.358498999999998 0.0383193324876543
0.358598999999998 0.0403265112767033
0.358698999999998 0.0573713970453079
0.358798999999998 0.0558356274586194
0.358898999999998 0.069285480580832
0.358998999999999 0.055146911315238
0.359098999999998 0.0448580703305116
0.359198999999998 0.0374419335465238
0.359298999999999 0.0354966741230686
0.359398999999998 0.0393960474093684
0.359498999999998 0.0238140036523568
0.359598999999998 0.00274469763402101
0.359698999999998 -0.00578239281952668
0.359798999999998 -0.00676163016498452
0.359898999999998 -0.0102696218747475
0.359998999999998 -0.0222508436739688
0.360098999999998 -0.0225113682638239
0.360198999999998 -0.0158896622879154
0.360298999999998 -0.0269667025383872
0.360398999999998 -0.000901263395065195
0.360498999999998 -0.00798205748204758
0.360598999999999 -0.00566187687026687
0.360698999999998 -0.00568311348992785
0.360798999999998 -0.00659904150208578
0.360898999999998 -0.0025932184377735
0.360998999999998 -0.00625367425492932
0.361098999999998 -0.0196100856282796
0.361198999999998 -0.0104815325059669
0.361298999999999 0.00148277895608406
0.361398999999998 -0.0218012418300304
0.361498999999998 -0.0230275908633631
0.361598999999999 -0.0187693766289262
0.361698999999998 -0.0254305943690477
0.361798999999998 -0.0352052220888558
0.361898999999999 -0.0256995331639644
0.361998999999998 -0.0387286017656169
0.362098999999998 -0.0442384841429765
0.362198999999998 -0.0405050162277482
0.362298999999998 -0.0443978182410992
0.362398999999998 -0.053425811006403
0.362498999999999 -0.0481776243899565
0.362598999999998 -0.0525257156723862
0.362698999999998 -0.0373163812440579
0.362798999999998 -0.0467423423318524
0.362898999999998 -0.0416869771172771
0.362998999999998 -0.0450913159056766
0.363098999999998 -0.0520186635356116
0.363198999999998 -0.0361272403971269
0.363298999999998 -0.0230455671070744
0.363398999999998 -0.0326835336786617
0.363498999999998 -0.0259118681406251
0.363598999999998 -0.00905077549875507
0.363698999999998 -0.00685352340927658
0.363798999999998 -0.00290584349831887
0.363898999999998 -0.00103995003956375
0.363998999999998 -0.0103346504993655
0.364098999999999 -0.00568627947870792
0.364198999999998 -0.00817805623376946
0.364298999999998 0.00868678227176361
0.364398999999998 0.0039295458613603
0.364498999999998 0.00739153426868782
0.364598999999998 -0.00380432758130965
0.364698999999998 0.00380653439110307
0.364798999999999 0.0135138946588458
0.364898999999998 0.00543227951474436
0.364998999999998 0.00128301644354774
0.365098999999999 -0.00661956210164841
0.365198999999998 -0.00262433636519435
0.365298999999998 -8.50360554984005e-05
0.365398999999998 -0.000655410318273467
0.365498999999999 0.00217324746495818
0.365598999999998 0.0111675657139563
0.365698999999998 0.0217842147463667
0.365798999999998 0.0195208172573167
0.365898999999998 0.0330365093578928
0.365998999999998 0.0381261492709747
0.366098999999998 0.0372030588346585
0.366198999999998 0.0373662449640185
0.366298999999998 0.0424582103857276
0.366398999999998 0.0203221410281486
0.366498999999998 0.0236096257292359
0.366598999999998 0.0155531457318535
0.366698999999999 0.0107405500424175
0.366798999999998 0.0273920956104394
0.366898999999998 0.0331592415459187
0.366998999999998 0.0268542400394774
0.367098999999998 0.0515158516425989
0.367198999999998 0.0432296848459358
0.367298999999998 0.0420603569582233
0.367398999999998 0.0439975931937275
0.367498999999998 0.0418086906092448
0.367598999999998 0.04478461633429
0.367698999999998 0.0301509481478049
0.367798999999998 0.0315519418623221
0.367898999999998 0.0148381519695348
0.367998999999998 0.0146758802317743
0.368098999999998 0.00765166578049167
0.368198999999998 0.00605983737322969
0.368298999999999 -0.0133687905628289
0.368398999999998 -0.00590656793512991
0.368498999999998 -0.000534967244465461
0.368598999999999 0.00981621408547741
0.368698999999998 -0.000425819059196094
0.368798999999998 0.000502380814588307
0.368898999999998 0.0103905549001241
0.368998999999999 0.00210897514333094
0.369098999999998 -0.0042945241304242
0.369198999999998 0.011663815532532
0.369298999999998 0.00341833647635842
0.369398999999998 -0.0148412392608473
0.369498999999998 -0.0272981568399175
0.369598999999998 -0.00975863660275336
0.369698999999998 -0.0157784321644785
0.369798999999998 -0.00252173949899191
0.369898999999998 -0.0100902609873894
0.369998999999998 -0.0121911976202834
0.370098999999998 -0.0200742770987806
0.370198999999999 -0.0143383057432396
0.370298999999998 -0.0235760374884271
0.370398999999998 -0.0324324736048658
0.370498999999998 -0.0409463087133544
0.370598999999999 -0.0395910057832447
0.370698999999998 -0.0440715400433286
0.370798999999998 -0.0420515213465242
0.370898999999998 -0.044230960195137
0.370998999999998 -0.0401107477793788
0.371098999999998 -0.0310043756960465
0.371198999999998 -0.0349810514072097
0.371298999999998 -0.0535915260550667
0.371398999999998 -0.0494692989588608
0.371498999999998 -0.0529331050809153
0.371598999999998 -0.0449520642578458
0.371698999999998 -0.044126713503572
0.371798999999998 -0.0421156297781352
0.371898999999998 -0.0403421034576507
0.371998999999998 -0.0130348691414754
0.372098999999998 -0.0264908664870381
0.372198999999998 -0.0246188788555958
0.372298999999998 -0.0423907145696037
0.372398999999998 -0.0382124865099999
0.372498999999999 -0.0578128425320839
0.372598999999998 -0.0402667425824595
0.372698999999998 -0.0504299973689963
0.372798999999999 -0.0433145355065843
0.372898999999998 -0.0380269198619589
0.372998999999998 -0.0191742335607102
0.373098999999999 -0.0160935876502195
0.373198999999998 -0.0123368524623807
0.373298999999998 -0.0146029601338218
0.373398999999998 -0.00311316756493649
0.373498999999998 -0.0140383243194156
0.373598999999998 -0.0220856606284813
0.373698999999999 -0.00500675870623354
0.373798999999998 -0.0154700924037797
0.373898999999998 -0.00666838977686361
0.373998999999998 -0.0133696350525272
0.374098999999999 -0.0214886282931717
0.374198999999998 -0.0111411482081957
0.374298999999998 -0.00969546893814905
0.374398999999998 0.00339574203838305
0.374498999999998 0.0131761268062922
0.374598999999998 0.00869049483442179
0.374698999999998 0.01982415929807
0.374798999999998 0.0193506344739013
0.374898999999998 0.0236707344740375
0.374998999999998 0.0335251701529864
0.375098999999998 0.0325780032097189
0.375198999999998 0.0348037905231275
0.375298999999998 0.0406653914596318
0.375398999999998 0.0354701633803145
0.375498999999998 0.0428673205061552
0.375598999999998 0.0507755978001519
0.375698999999998 0.061629821914403
0.375798999999998 0.0505465210397084
0.375898999999998 0.058473071312545
0.375998999999999 0.0510939014726008
0.376098999999998 0.0480979882376418
0.376198999999998 0.0385213223992411
0.376298999999999 0.0458103272428265
0.376398999999998 0.0524957694562049
0.376498999999998 0.0506767545616748
0.376598999999999 0.0641878331354759
0.376698999999999 0.0504891156981604
0.376798999999998 0.0382429394763202
0.376898999999998 0.0337024127965122
0.376998999999998 0.0414739562065384
0.377098999999998 0.0346670219527795
0.377198999999998 0.0221486076822479
0.377298999999998 0.0192045057627258
0.377398999999998 0.0333119100509104
0.377498999999998 0.0058387724211899
0.377598999999999 0.0184879796381933
0.377698999999998 0.0278786048032396
0.377798999999998 0.0304030155344988
0.377898999999998 0.021560814093575
0.377998999999998 0.022428393356036
0.378098999999998 0.0244491474143573
0.378198999999998 0.00214471278159125
0.378298999999998 0.0181329002562095
0.378398999999998 0.0176840019535292
0.378498999999998 0.0103485911847351
0.378598999999998 0.00423913138169626
0.378698999999998 0.00137138575046493
0.378798999999998 0.00204058783170483
0.378898999999998 -0.00994511213882955
0.378998999999998 -0.0209116364355482
0.379098999999998 -0.0232962547303962
0.379198999999998 -0.0302423928424869
0.379298999999998 -0.0274153024592428
0.379398999999998 -0.0258826851820708
0.379498999999999 -0.0238348719658245
0.379598999999998 -0.0247775185369409
0.379698999999998 -0.0277839178242281
0.379798999999998 -0.0284979300454586
0.379898999999998 -0.0381564622344324
0.379998999999998 -0.0392946313783763
0.380098999999998 -0.0408386075810965
0.380198999999999 -0.0329201353690827
0.380298999999998 -0.0176932731564273
0.380398999999998 -0.0274792817383322
0.380498999999998 -0.0249958064842851
0.380598999999998 -0.023003228810803
0.380698999999998 -0.0239152215746555
0.380798999999998 -0.0117810863261388
0.380898999999998 -0.0265406524310106
0.380998999999998 -0.0330352468904593
0.381098999999999 -0.0133348660307264
0.381198999999998 -0.0170717502455869
0.381298999999998 -0.0031794369919301
0.381398999999998 -0.000272009314460431
0.381498999999998 -0.0243717040721614
0.381598999999998 -0.0067610413188893
0.381698999999998 -0.0207941808372051
0.381798999999999 -0.0176897822284593
0.381898999999998 -0.0230745082876996
0.381998999999998 -0.0132522853755072
0.382098999999998 -0.0187501473578881
0.382198999999998 -0.0124547684917909
0.382298999999998 -0.0215726286480016
0.382398999999998 -0.0364965251376777
0.382498999999998 -0.0214206543704573
0.382598999999998 -0.00278971876055567
0.382698999999998 -0.00991190982420702
0.382798999999998 -0.00524047393748327
0.382898999999998 -0.00881655895843821
0.382998999999998 -0.00689396182018319
0.383098999999998 0.00161687166126043
0.383198999999998 0.00248510607793491
0.383298999999998 0.0146124048758026
0.383398999999998 0.0104934875431725
0.383498999999998 -0.0114446250429269
0.383598999999998 -0.0111438306889672
0.383698999999999 -0.0166151615624756
0.383798999999998 -0.0110921129709416
0.383898999999998 -0.0171738616658335
0.383998999999999 -0.0242244241766582
0.384098999999998 -0.0105680611988367
0.384198999999998 -0.0167874497555416
0.384298999999998 -0.0122979178632262
0.384398999999998 -0.0207386056091218
0.384498999999998 0.00436363802845709
0.384598999999998 -0.0174407069169186
0.384698999999998 -0.00538851567542142
0.384798999999998 -0.00316140904611681
0.384898999999998 0.000962411583552239
0.384998999999998 0.00953403286849965
0.385098999999998 0.0171356773170114
0.385198999999998 0.00908484361570377
0.385298999999999 0.0209451447775816
0.385398999999998 0.00776451758017472
0.385498999999998 0.0313878361639992
0.385598999999999 0.017711897628683
0.385698999999998 0.020511779024703
0.385798999999998 0.0147908309651157
0.385898999999998 0.014457867284268
0.385998999999998 0.00385133603189547
0.386098999999998 0.0121344796174871
0.386198999999998 0.00797560831579586
0.386298999999998 0.0116817960302193
0.386398999999998 0.0114713997298916
0.386498999999998 0.0116425401876427
0.386598999999998 0.000162660306830131
0.386698999999998 0.00826256231840217
0.386798999999998 0.00571297786016984
0.386898999999998 0.0230720993658238
0.386998999999998 0.0320330220372145
0.387098999999998 0.0333825999821841
0.387198999999999 0.014471776300657
0.387298999999998 0.0138982896076065
0.387398999999998 0.0101675111261083
0.387498999999999 0.0165711550209718
0.387598999999998 0.00936749885769115
0.387698999999998 0.0100439337474592
0.387798999999999 0.0208436881363929
0.387898999999999 0.0267097378885966
0.387998999999998 0.00782258256207849
0.388098999999998 0.00809841232474375
0.388198999999998 0.0205854750744271
0.388298999999998 0.00419265991764984
0.388398999999998 0.00642213661562953
0.388498999999998 0.00707596576663574
0.388598999999998 0.00618447691231416
0.388698999999998 0.00255470919210352
0.388798999999999 0.00901655555617177
0.388898999999998 0.00838729184703521
0.388998999999998 0.00415683556587562
0.389098999999998 0.00124101026796853
0.389198999999998 -0.00660765465655743
0.389298999999998 -0.00535176789536679
0.389398999999998 -0.00366206306892691
0.389498999999998 -0.00339003440657586
0.389598999999998 -0.00396801770239327
0.389698999999998 -0.00621834250849389
0.389798999999998 -0.0189903037266712
0.389898999999998 -0.00432852460932292
0.389998999999998 -0.0105726654758689
0.390098999999998 -0.00157060876072168
0.390198999999998 -0.00600745077061262
0.390298999999998 -0.00633165306547105
0.390398999999998 -0.0101849382028854
0.390498999999998 -0.00579435505915595
0.390598999999998 -0.0311744520046991
0.390698999999999 -0.0141285261926504
0.390798999999998 -0.0132628061423042
0.390898999999998 -0.0259204050070023
0.390998999999998 -0.017881520667547
0.391098999999998 -0.0182388629837248
0.391198999999998 -0.0153918559041591
0.391298999999998 -0.0190672300905811
0.391398999999999 -0.0226941919407297
0.391498999999998 -0.02772722526244
0.391598999999998 -0.0208782331239969
0.391698999999999 -0.0223602719616938
0.391798999999998 -0.0184291179940252
0.391898999999998 -0.0164216140509813
0.391998999999998 -0.0155270144236183
0.392098999999998 -0.021290234305606
0.392198999999998 -0.0269120379952288
0.392298999999998 -0.0258573657528747
0.392398999999998 -0.017760951118466
0.392498999999998 -0.0219667982727662
0.392598999999998 -0.00684570419897827
0.392698999999998 -0.0126837484871235
0.392798999999998 0.000821667174648917
0.392898999999998 -0.00762873163897255
0.392998999999999 -0.0108132447707723
0.393098999999998 -0.0119727390450241
0.393198999999998 -0.0202988506558264
0.393298999999998 -0.0227419887295837
0.393398999999998 0.00475458652956824
0.393498999999998 0.0172455479945798
0.393598999999998 0.0120203067763471
0.393698999999998 0.00551723753387843
0.393798999999998 0.0105306667004113
0.393898999999998 0.000624077145263944
0.393998999999998 0.015035161397023
0.394098999999998 0.00282151040761572
0.394198999999998 0.00799969559563785
0.394298999999998 0.00974918203383338
0.394398999999998 0.0100744276952657
0.394498999999998 0.00460552320973361
0.394598999999998 0.0140797573620479
0.394698999999998 0.0165207709216876
0.394798999999998 0.0169899472414985
0.394898999999999 0.0227334706724406
0.394998999999998 0.0255325925107931
0.395098999999998 0.0326653290553827
0.395198999999999 0.0314598180896151
0.395298999999998 0.0331004967668234
0.395398999999998 0.0242117771484376
0.395498999999998 0.014631857594044
0.395598999999998 0.0169906881552264
0.395698999999998 0.0243846144426284
0.395798999999998 0.0116344417665993
0.395898999999998 0.0227534723750177
0.395998999999998 0.0283028309078648
0.396098999999998 0.0247625656232608
0.396198999999998 0.0251948117281973
0.396298999999998 0.0222586676775098
0.396398999999998 0.0289391753922406
0.396498999999999 0.0243431833194975
0.396598999999998 0.0271644386179566
0.396698999999998 0.024819165528325
0.396798999999999 0.0172859763654715
0.396898999999998 0.0275587356161937
0.396998999999998 0.0142067876498914
0.397098999999998 0.0247316266140349
0.397198999999998 0.014645701667896
0.397298999999998 0.00651237482242311
0.397398999999998 -0.0049215378145827
0.397498999999998 0.00933123684187047
0.397598999999998 0.0161870579103106
0.397698999999998 0.0201772999310902
0.397798999999998 0.00958864932519091
0.397898999999998 0.00913913242518232
0.397998999999998 0.00178096736269097
0.398098999999998 0.00237887257665388
0.398198999999998 0.00017385622830718
0.398298999999998 0.000198149199497129
0.398398999999999 -0.00630261496085151
0.398498999999998 -0.00170031394000446
0.398598999999998 0.0035388429117016
0.398698999999999 0.012009647039062
0.398798999999998 0.00256006253201375
0.398898999999998 0.00108029703687953
0.398998999999998 0.000678942660118116
0.399098999999999 0.00737201392104097
0.399198999999998 -0.00285551128262747
0.399298999999998 -0.00564400047619755
0.399398999999998 -0.0115964076973755
0.399498999999998 -0.0227377814190767
0.399598999999998 -0.0165567138564314
0.399698999999998 -0.0255226715334804
0.399798999999998 -0.0240860119964576
0.399898999999998 -0.0235283863247514
0.399998999999998 -0.0227871793760847
0.400098999999998 -0.0332954690744334
0.400198999999998 -0.0337769911167531
0.400298999999998 -0.0378371754615528
0.400398999999998 -0.0340020997318384
0.400498999999998 -0.0390804109431243
0.400598999999998 -0.0317179731917604
0.400698999999999 -0.0414888726455557
0.400798999999998 -0.0352406559807
0.400898999999998 -0.0419006765264157
0.400998999999998 -0.0427921184926576
0.401098999999998 -0.0482153550974256
0.401198999999998 -0.0215486686234774
0.401298999999998 -0.0291436284039692
0.401398999999998 -0.0209410182449988
0.401498999999998 -0.02353329040683
0.401598999999998 -0.0277993524599384
0.401698999999998 -0.0178706411269336
0.401798999999998 -0.0281974308463774
0.401898999999999 -0.0368407810742354
0.401998999999998 -0.038224464766598
0.402098999999998 -0.0386796531299817
0.402198999999998 -0.0464708787166729
0.402298999999998 -0.0449271342936005
0.402398999999998 -0.041848276242434
0.402498999999998 -0.040870004857546
0.402598999999999 -0.0257695826096165
0.402698999999998 -0.0279168746589931
0.402798999999998 -0.010530619649633
0.402898999999999 -0.0216297422652787
0.402998999999998 -0.0133551308123968
0.403098999999998 -0.0219251730601573
0.403198999999998 -0.0261776966162816
0.403298999999998 -0.0183229617876457
0.403398999999998 -0.0155355285617547
0.403498999999998 0.00150409726526288
0.403598999999998 -0.006020088485669
0.403698999999998 0.0146173221547677
0.403798999999998 0.0144777856566445
0.403898999999998 0.0165663573797451
0.403998999999998 0.023083413855729
0.404098999999998 0.0201251305292463
0.404198999999999 0.0131367772382755
0.404298999999998 0.0166078781949436
0.404398999999998 0.0125340366736692
0.404498999999998 0.0122179751922634
0.404598999999998 0.0191405046315125
0.404698999999998 0.0115352620993426
0.404798999999998 0.00774945545442487
0.404898999999998 0.016096507298865
0.404998999999998 0.0106350743857499
0.405098999999998 0.0279980388892879
0.405198999999998 0.0256797689596075
0.405298999999998 0.0351836615969885
0.405398999999998 0.0427598403636238
0.405498999999998 0.0366198229675876
0.405598999999998 0.0369420622117893
0.405698999999998 0.051589112726272
0.405798999999998 0.0706442630552646
0.405898999999998 0.0620128073574918
0.405998999999998 0.0551475957035384
0.406098999999998 0.0409903072495638
0.406198999999998 0.02956533065412
0.406298999999998 0.0200041065931191
0.406398999999998 0.0148641712781903
0.406498999999999 0.0129502256257615
0.406598999999998 0.0297840795468359
0.406698999999998 0.0189326959303165
0.406798999999999 0.0205357551120131
0.406898999999998 0.0300319032806182
0.406998999999998 0.0226118696640833
0.407098999999998 0.023964191546531
0.407198999999998 0.0176033712504914
0.407298999999998 0.0194638839226661
0.407398999999998 0.0332420465165674
0.407498999999998 0.0222850090871118
0.407598999999998 0.0254464597698624
0.407698999999999 0.01508712265792
0.407798999999998 0.0183728329756493
0.407898999999998 0.016249247843743
0.407998999999999 0.0124732205377345
0.408098999999998 0.0177761434990408
0.408198999999998 0.00357696888023675
0.408298999999998 0.00737051427300809
0.408398999999998 0.00432187878852467
0.408498999999998 -0.000772310558901688
0.408598999999998 0.00142332175441787
0.408698999999998 -0.0106270181334376
0.408798999999998 -0.00851732537351148
0.408898999999998 -0.00904817126682814
0.408998999999998 -0.0268091012083094
0.409098999999998 -0.0202660454970466
0.409198999999998 -0.0156400498213798
0.409298999999998 -0.017810060602703
0.409398999999998 -0.00986445776506567
0.409498999999998 -0.0220930180660016
0.409598999999998 -0.0292935091960893
0.409698999999998 -0.0258055138513983
0.409798999999998 -0.0430568111619738
0.409898999999998 -0.0310823691704726
0.409998999999999 -0.0073002693092582
0.410098999999998 -0.0268826471771476
0.410198999999998 -0.0269036613652084
0.410298999999999 -0.0380157580897982
0.410398999999998 -0.0298359307987678
0.410498999999998 -0.0353136266008205
0.410598999999998 -0.0209092072728225
0.410698999999998 -0.0170863890518035
0.410798999999998 -0.0210157977911661
0.410898999999998 -0.0279248640242467
0.410998999999998 -0.0345034726320694
0.411098999999998 -0.0325786989537521
0.411198999999998 -0.0378570048205717
0.411298999999998 -0.0422428070727606
0.411398999999998 -0.0416571785078808
0.411498999999998 -0.0335634039559962
0.411598999999998 -0.0225261369510488
0.411698999999998 -0.0179787763749141
0.411798999999998 -0.0323106832194831
0.411898999999999 -0.00802017843266417
0.411998999999998 -0.0146893666610412
0.412098999999998 -0.0153195533970786
0.412198999999998 -0.00675434570873776
0.412298999999998 -0.0172708198554506
0.412398999999998 -0.0211979710528502
0.412498999999998 -0.0238007549907465
0.412598999999998 -0.0249880101212799
0.412698999999998 -0.0131971711553466
0.412798999999998 -0.0130022726273278
0.412898999999998 -0.0103671261843063
0.412998999999998 -0.0161307757484849
0.413098999999998 -0.0112409518301209
0.413198999999998 0.0128535922320473
0.413298999999998 0.00390862384000479
0.413398999999998 0.0179598699105037
0.413498999999999 0.000642755662347538
0.413598999999998 0.0147882783100537
0.413698999999998 0.0151328307544011
0.413798999999999 0.0295222152907625
0.413898999999998 0.0188013615087544
0.413998999999998 0.0281657460878767
0.414098999999998 0.0318438960613389
0.414198999999998 0.0292989443246142
0.414298999999998 0.0329017511303096
0.414398999999998 0.0198462052626072
0.414498999999998 0.01824819290549
0.414598999999998 0.0216103603401005
0.414698999999998 0.0217565844917416
0.414798999999998 0.0288837743216948
0.414898999999998 0.0468571932215885
0.414998999999998 0.0377937635155792
0.415098999999998 0.0350436962867728
0.415198999999998 0.0302619972059325
0.415298999999998 0.026830711478381
0.415398999999999 0.0150393670710165
0.415498999999998 0.0190232248239759
0.415598999999998 0.00818577182372393
0.415698999999998 0.00849198669484282
0.415798999999998 0.0143862276816387
0.415898999999998 0.0203682600165293
0.415998999999998 0.0227682009344313
0.416098999999998 0.00834785382338614
0.416198999999998 0.000252073105990252
0.416298999999998 0.0142770642686483
0.416398999999998 0.00174997901616397
0.416498999999998 0.0226278142503311
0.416598999999998 0.0216337213031058
0.416698999999998 0.00519848950900292
0.416798999999998 0.0143820994443413
0.416898999999998 0.0087971189639727
0.416998999999999 0.00892938803822763
0.417098999999998 0.00649875271266965
0.417198999999998 0.0121960694775641
0.417298999999998 -0.00692731376662779
0.417398999999998 -0.0203779673035213
0.417498999999998 -0.00775449384861901
0.417598999999998 -0.016006604218256
0.417698999999999 -0.0201993877112257
0.417798999999998 -0.0322961221590091
0.417898999999998 -0.031392674198198
0.417998999999999 -0.0320128731154435
0.418098999999998 -0.0464296187446145
0.418198999999998 -0.0375318705404353
0.418298999999998 -0.0341706224735089
0.418398999999998 -0.0165158615918399
0.418498999999998 -0.0228769958245116
0.418598999999998 -0.0272776989109059
0.418698999999998 -0.0216278247128991
0.418798999999998 -0.0213677954041143
0.418898999999999 -0.0154577415232588
0.418998999999998 -0.00879349856854376
0.419098999999998 -0.0123809829326443
0.419198999999998 -0.0373318364475742
0.419298999999998 -0.0239999641595218
0.419398999999998 -0.025106366027153
0.419498999999998 -0.0232475303405284
0.419598999999998 -0.0244650404230363
0.419698999999998 -0.0255904634185026
0.419798999999998 -0.0211401846193421
0.419898999999998 -0.0216849039143378
0.419998999999998 -0.0212407343531449
0.420098999999998 -0.0243199576145634
0.420198999999998 -0.0277265367992054
0.420298999999998 -0.0318863872439725
0.420398999999998 -0.0150578042271993
0.420498999999998 -0.0148506980431026
0.420598999999998 -0.0228192147971376
0.420698999999998 -0.00992440677483991
0.420798999999998 0.00215682288032992
0.420898999999998 0.0097138581673845
0.420998999999998 0.000406125930143705
0.421098999999998 -0.00772984734737792
0.421198999999999 -0.00789276921406023
0.421298999999998 -0.000683584523542605
0.421398999999998 -0.010290115806877
0.421498999999999 -0.0215073906084826
0.421598999999998 -0.0214041728957465
0.421698999999998 -0.0159324346067536
0.421798999999998 -0.0164652607680623
0.421898999999998 -0.0215198352519658
0.421998999999998 -0.0116971448288453
0.422098999999998 -0.00215897853076678
0.422198999999998 -0.00665524250976659
0.422298999999998 0.0156579009808199
0.422398999999998 0.0129278537339411
0.422498999999998 0.0102284678866405
0.422598999999998 0.034085217022192
0.422698999999998 0.0285231168827123
0.422798999999998 0.0374220841824283
0.422898999999998 0.0221430284923788
0.422998999999998 0.0254530558444358
0.423098999999999 0.0295705979435474
0.423198999999998 0.0209783381199453
0.423298999999998 0.0261697602067711
0.423398999999998 0.0205514934496542
0.423498999999998 0.0350252275852079
0.423598999999998 0.0198643507488368
0.423698999999998 0.024065429057598
0.423798999999998 0.0190760218692947
0.423898999999998 0.0252661709266045
0.423998999999998 0.0350959482418147
0.424098999999998 0.0237179851081373
0.424198999999998 0.022538766203601
0.424298999999998 0.0138764061895844
0.424398999999998 0.00849884475804736
0.424498999999998 0.0214508441706496
0.424598999999998 0.00661029200335122
0.424698999999998 0.01565440671745
0.424798999999998 0.019712582148858
0.424898999999998 0.028284866718169
0.424998999999999 0.0243328384914481
0.425098999999998 0.0391406914753781
0.425198999999998 0.0300542375887632
0.425298999999998 0.0356397206468857
0.425398999999999 0.025734392830555
0.425498999999998 0.0220316554976631
0.425598999999998 0.0196030219745115
0.425698999999998 0.0274288362335516
0.425798999999998 0.0156983300442415
0.425898999999998 0.00690339049169545
0.425998999999998 0.011800154870434
0.426098999999998 0.00746265487352389
0.426198999999998 0.00226150719146271
0.426298999999998 -0.00656123135254384
0.426398999999998 0.002957164892576
0.426498999999998 0.00479004556951052
0.426598999999999 -0.00209957770865675
0.426698999999998 -0.00828454276998075
0.426798999999998 0.00235383518713953
0.426898999999998 -0.0119714455023832
0.426998999999998 -0.0193294836740658
0.427098999999998 -0.0150852154515158
0.427198999999998 -0.0116589155589938
0.427298999999998 -0.0138018207707954
0.427398999999998 -0.00639846614982897
0.427498999999998 -0.00570148478300338
0.427598999999998 0.00108757381740033
0.427698999999998 0.000799784666318498
0.427798999999998 0.00435880365526938
0.427898999999998 -0.00265044284905371
0.427998999999998 -0.0099625597475138
0.428098999999998 -0.0373561480222652
0.428198999999998 -0.0313669098002603
0.428298999999998 -0.0212713248053333
0.428398999999998 -0.0288684702656111
0.428498999999998 -0.0172902470265147
0.428598999999998 -0.0174010561251528
0.428698999999998 -0.017558311272626
0.428798999999998 -0.0181823794529806
0.428898999999999 -0.012428696896752
0.428998999999998 -0.0254157715732749
0.429098999999998 -0.0113471519951528
0.429198999999998 -0.0173281339405323
0.429298999999998 -0.00380471683795263
0.429398999999998 -0.00354043813888875
0.429498999999998 -0.0126851634338206
0.429598999999998 0.00374239548023378
0.429698999999998 -0.00307240291257
0.429798999999998 0.00265692889382251
0.429898999999998 -0.00164118092145272
0.429998999999998 -0.0304606468845753
0.430098999999998 -0.0261774430992452
0.430198999999998 -0.0120166705868261
0.430298999999998 -0.018836057194212
0.430398999999998 -0.0145586211485036
0.430498999999998 -0.00429151330420747
0.430598999999998 0.00944198787170032
0.430698999999998 -0.00478520203889725
0.430798999999998 0.0153902678837962
0.430898999999998 0.00547561476581339
0.430998999999998 0.0003438476249542
0.431098999999998 -0.00306207339882342
0.431198999999998 0.000769414604444817
0.431298999999998 -0.000732038665973312
0.431398999999998 -0.00371517136291639
0.431498999999998 0.00157700706030143
0.431598999999998 -0.00236048408898006
0.431698999999998 0.000440824539235881
0.431798999999998 0.00033517509043855
0.431898999999998 -0.00326757302325211
0.431998999999998 -0.00232195326210809
0.432098999999998 -0.0069327611632384
0.432198999999998 -0.0091700822086457
0.432298999999998 -0.0154675435357373
0.432398999999999 -0.0127255037265605
0.432498999999998 -0.00981538003302494
0.432598999999998 -0.00708380448511491
0.432698999999999 -0.00371266685163883
0.432798999999998 0.00204721489748744
0.432898999999998 0.0036171862785704
0.432998999999998 0.00264565666957134
0.433098999999998 -0.000997199786991646
0.433198999999998 0.00415990530580843
0.433298999999998 -0.00781260703121678
0.433398999999998 -0.00356115446521094
0.433498999999998 -0.017795638093804
0.433598999999998 -0.0146837977713535
0.433698999999998 -0.0177220697133607
0.433798999999998 -0.00841563233769196
0.433898999999998 -0.0155875995232
0.433998999999998 -0.0169486423162376
0.434098999999998 -0.0140162057413028
0.434198999999998 -0.0200130141813567
0.434298999999998 -0.0175870107510396
0.434398999999998 -0.0126045815690835
0.434498999999998 -0.0171525070517502
0.434598999999998 -0.0246171726463649
0.434698999999998 -0.00523376855816643
0.434798999999998 -0.00575945805845664
0.434898999999998 -0.0124797363519423
0.434998999999998 -0.00278729297800927
0.435098999999998 0.00798190525369773
0.435198999999998 0.0097946162089275
0.435298999999998 0.00900743726184198
0.435398999999998 0.0147187787892281
0.435498999999998 0.00216940578683336
0.435598999999998 0.00607503160431934
0.435698999999998 0.00585114837694599
0.435798999999998 0.0222143656259789
0.435898999999998 0.0153339747201157
0.435998999999998 0.00165487289423777
0.436098999999998 0.0106829906176767
0.436198999999998 -0.00416636789610533
0.436298999999998 0.00740866547957616
0.436398999999998 0.0126763789457855
0.436498999999998 0.0213766110113201
0.436598999999999 0.0128158597789314
0.436698999999998 0.0175393390124136
0.436798999999998 0.0179996382956802
0.436898999999998 0.0199814692006819
0.436998999999998 0.0149146076900218
0.437098999999998 0.00765801676430056
0.437198999999998 0.00291047261643753
0.437298999999998 0.00148017832564949
0.437398999999998 0.00324950918349782
0.437498999999998 0.00988433136720428
0.437598999999998 0.00264148454762948
0.437698999999998 0.0122896763348225
0.437798999999998 -0.00383916753619098
0.437898999999998 0.0137536737284865
0.437998999999998 0.0203886129896964
0.438098999999998 0.0152879917597642
0.438198999999998 -0.00256141676134978
0.438298999999998 0.0066130813622693
0.438398999999998 0.0123339287677411
0.438498999999998 0.00247970648998695
0.438598999999998 -0.000841951065218619
0.438698999999998 0.00110668019247234
0.438798999999998 0.00382400806759484
0.438898999999998 0.000226396859948466
0.438998999999998 0.00395019461286166
0.439098999999998 -0.0181909229524243
0.439198999999998 0.00252887876338718
0.439298999999998 -0.000264089921955135
0.439398999999998 0.00266787421468298
0.439498999999998 -0.00175134688736322
0.439598999999998 -0.00125060653105429
0.439698999999998 0.00328805994988731
0.439798999999998 -0.0143911363293621
0.439898999999998 -0.0196724600552224
0.439998999999998 -0.0246832839429385
0.440098999999999 -0.012919304028017
0.440198999999998 -0.00927169714219283
0.440298999999998 -0.0144201717544935
0.440398999999998 -0.00767866950290732
0.440498999999998 -0.00281489066254093
0.440598999999998 -0.00433118077728677
0.440698999999998 -0.00529001479582342
0.440798999999998 0.00835092902675888
0.440898999999998 0.00541990096556551
0.440998999999998 0.00632047157190721
0.441098999999998 -0.0115881779335569
0.441198999999998 0.0020568864378696
0.441298999999998 -0.00194907701308558
0.441398999999998 -0.00328945005416783
0.441498999999998 0.0158004548060265
0.441598999999998 -0.000556521802895436
0.441698999999999 -0.00172411352947737
0.441798999999998 -1.18906383486899e-05
0.441898999999998 -0.0146491651268564
0.441998999999998 -0.00770373095899591
0.442098999999998 -0.0183332969177285
0.442198999999998 -0.013366981914913
0.442298999999998 0.00633522031521432
0.442398999999998 -0.00095747973201296
0.442498999999998 0.00104597932478445
0.442598999999998 -0.0108587091232374
0.442698999999998 0.00146997274739223
0.442798999999998 -0.00482179200283701
0.442898999999998 0.00888697987746234
0.442998999999998 0.00785671137692481
0.443098999999998 0.0101058679679943
0.443198999999998 0.00845811629875893
0.443298999999998 0.0217693027413462
0.443398999999998 0.0111828022440304
0.443498999999998 0.0112035955221007
0.443598999999999 -0.00137370825720817
0.443698999999998 0.0110292722948088
0.443798999999998 0.00282362901810433
0.443898999999998 -0.00219042697342392
0.443998999999998 -0.00800964670347196
0.444098999999998 0.00299859732608148
0.444198999999998 -0.0154947459941728
0.444298999999998 -0.00282429776641034
0.444398999999998 -0.00320248412526342
0.444498999999998 0.00174715454144135
0.444598999999998 0.000387883106193406
0.444698999999998 0.00682525669805067
0.444798999999998 0.011184644149624
0.444898999999998 0.00313097046101435
0.444998999999998 0.0114126308997226
0.445098999999998 0.00589444698664323
0.445198999999999 0.00924063483165285
0.445298999999998 -0.0011575278089109
0.445398999999998 0.00979471959638987
0.445498999999998 0.0214407263899851
0.445598999999998 0.0226357999152033
0.445698999999998 0.00617402949148177
0.445798999999998 0.00620621415881681
0.445898999999998 0.00687740140025026
0.445998999999998 0.0195712735793953
0.446098999999998 0.0108387847593604
0.446198999999998 0.00456052744838252
0.446298999999998 0.00389301765768939
0.446398999999998 -0.000919780261484374
0.446498999999998 0.0013899626183912
0.446598999999998 -0.00162836904531892
0.446698999999998 0.00875954737377636
0.446798999999998 0.000769223871174796
0.446898999999998 0.00964866659112149
0.446998999999998 0.00642866634968802
0.447098999999998 0.0046797521144654
0.447198999999998 0.00340049652121791
0.447298999999998 0.00909276639246194
0.447398999999998 0.00946547221610941
0.447498999999998 -7.83732177371253e-05
0.447598999999998 0.013444732515912
0.447698999999998 0.00959157762019949
0.447798999999999 0.0153724604543139
0.447898999999998 0.0129251683654566
0.447998999999998 0.0143366608842573
0.448098999999998 0.00201511833938024
0.448198999999998 -0.0192898395665458
0.448298999999998 -0.0160410328675444
0.448398999999998 -0.00257619408151714
0.448498999999998 -0.00487188859404526
0.448598999999998 0.000981587739337915
0.448698999999998 0.0114174727149813
0.448798999999998 0.000223678653133693
0.448898999999998 -0.010038543582514
0.448998999999998 -0.00771828931906218
0.449098999999998 0.00243040347197964
0.449198999999998 -0.00415393231250253
0.449298999999998 -0.0132358888862671
0.449398999999998 -0.0232185831947469
0.449498999999998 -0.0202982499318284
0.449598999999998 -0.0188369984614205
0.449698999999998 -0.0191934124214852
0.449798999999998 -0.0249072597608824
0.449898999999998 -0.0158937655365681
0.449998999999998 -0.0336057914412263
0.450098999999998 -0.029639842949777
0.450198999999998 -0.03780853795648
0.450298999999998 -0.0267987034744095
0.450398999999998 -0.0227859522113953
0.450498999999998 -0.0208602752380262
0.450598999999998 -0.0153440569786244
0.450698999999998 -0.0213268300964047
0.450798999999998 -0.0257270587447771
0.450898999999998 -0.0388696368482
0.450998999999998 -0.0251255278045248
0.451098999999998 -0.0350092023369028
0.451198999999998 -0.0209192976816154
0.451298999999999 -0.0237027333760797
0.451398999999998 -0.0181088441709963
0.451498999999998 -0.0376725006675339
0.451598999999998 -0.0409787061507633
0.451698999999998 -0.0515320276154359
0.451798999999998 -0.0435217495140408
0.451898999999998 -0.0196571336702433
0.451998999999998 -0.0302971983350281
0.452098999999998 -0.0246886672432833
0.452198999999998 -0.0286454652943054
0.452298999999998 -0.0166696446739961
0.452398999999998 -0.0197200549727256
0.452498999999998 -0.0100164368095958
0.452598999999998 -0.00770503511164396
0.452698999999998 -0.00913535895377392
0.452798999999998 -3.3148389396959e-05
0.452898999999998 0.00596466932200985
0.452998999999998 -0.0159981846548697
0.453098999999998 -0.0117042609622723
0.453198999999998 -0.00166204575768233
0.453298999999998 -0.000603106085103695
0.453398999999998 0.0162794272610677
0.453498999999998 0.0202062516218145
0.453598999999998 0.0229338593219427
0.453698999999998 0.0324531959787514
0.453798999999998 0.0297939063302005
0.453898999999998 0.0240119335672722
0.453998999999998 0.0339614723015306
0.454098999999998 0.0306050661076037
0.454198999999998 0.0322807034808909
0.454298999999998 0.0323152995766808
0.454398999999998 0.034820310863935
0.454498999999998 0.0406570602354084
0.454598999999998 0.0432689765683067
0.454698999999998 0.0375874499178238
0.454798999999999 0.0388699922435083
0.454898999999998 0.0459320561811344
0.454998999999998 0.0505035515970339
0.455098999999998 0.034735912773934
0.455198999999998 0.0341373468083653
0.455298999999998 0.0399426053674073
0.455398999999998 0.0389022168902012
0.455498999999998 0.0153129131121549
0.455598999999998 0.0188858001059261
0.455698999999998 0.0219972876229436
0.455798999999998 0.0210808859898605
0.455898999999998 0.0232797682834399
0.455998999999998 0.0264794591156179
0.456098999999998 0.00988576735518751
0.456198999999998 0.0235968514897391
0.456298999999998 0.0242983085372541
0.456398999999998 0.0109258173770653
0.456498999999998 0.00946432219728624
0.456598999999998 0.0128951436291413
0.456698999999998 0.0231897764426607
0.456798999999998 0.0172601760411996
0.456898999999998 0.0125699926379826
0.456998999999998 0.00403989920947243
0.457098999999998 -0.000433810092814087
0.457198999999998 -0.000564904542467089
0.457298999999998 -0.0110894101848777
0.457398999999998 -0.00874914550014775
0.457498999999998 -0.0154567593958915
0.457598999999998 -0.0125535652692628
0.457698999999998 -0.00289052385570824
0.457798999999998 -8.91874983045173e-05
0.457898999999998 -0.00286278772369939
0.457998999999998 -0.0180217604450077
0.458098999999998 -0.0123832093100008
0.458198999999998 -0.0175981289070661
0.458298999999998 -0.0279587589290497
0.458398999999998 -0.0195942342130234
0.458498999999998 -0.0282209524460627
0.458598999999998 -0.0243957370516966
0.458698999999998 -0.0237144301827756
0.458798999999998 -0.0210644242206825
0.458898999999998 -0.0306171894208585
0.458998999999999 -0.0249786277943891
0.459098999999998 -0.0270302450497696
0.459198999999998 -0.0203020179162614
0.459298999999998 -0.0259034560487964
0.459398999999998 -0.0296508006965026
0.459498999999998 -0.0176819231856107
0.459598999999998 -0.0256306260057135
0.459698999999998 -0.0324869804754934
0.459798999999998 -0.0183174183383595
0.459898999999998 -0.036987994545889
0.459998999999998 -0.0293860668760396
0.460098999999998 -0.0261310267581956
0.460198999999998 -0.0221741150418528
0.460298999999998 -0.0173167064164607
0.460398999999998 -0.00596549172751139
0.460498999999998 -0.0118946798167759
0.460598999999998 -0.00748580708350218
0.460698999999998 -0.0177645601380029
0.460798999999998 -0.0216493597496816
0.460898999999998 -0.0202572732047244
0.460998999999998 -0.0271742551768009
0.461098999999998 -0.0249541662486395
0.461198999999998 -0.0126416825540828
0.461298999999998 -0.00941863706582763
0.461398999999998 0.000908969273862046
0.461498999999998 0.00924159924682306
0.461598999999998 0.0125872197797371
0.461698999999998 0.00849855888085862
0.461798999999998 0.00640586274466253
0.461898999999998 0.00716791369816095
0.461998999999998 -0.000569510419017795
0.462098999999998 -0.00418732848427415
0.462198999999998 0.00278609931778761
0.462298999999998 -0.000681709392694672
0.462398999999998 0.00283878838063847
0.462498999999999 0.00360300937065148
0.462598999999998 -0.00996411105248223
0.462698999999998 -0.0130928056241572
0.462798999999999 -0.00819373193706326
0.462898999999998 -0.00576361292410561
0.462998999999998 -0.00537409734698623
0.463098999999998 0.00410683707741001
0.463198999999998 0.0239932314594722
0.463298999999998 0.0244532545971323
0.463398999999998 0.0145415774101518
0.463498999999998 0.013436533071626
0.463598999999998 0.0128908977416029
0.463698999999998 -0.00360136893653649
0.463798999999998 0.00932954611181353
0.463898999999998 0.00159929676840662
0.463998999999998 0.00320972514139536
0.464098999999998 -0.00294599042335663
0.464198999999998 0.014966658054892
0.464298999999998 0.00637764980986852
0.464398999999998 0.0079723552185339
0.464498999999998 0.0175041031693005
0.464598999999998 0.0120550480384794
0.464698999999998 0.00662062319274127
0.464798999999998 0.00684270596548647
0.464898999999998 -0.00230507479519635
0.464998999999998 0.00600401051778866
0.465098999999998 0.000514676895641988
0.465198999999998 -0.00105928427176129
0.465298999999998 -0.00667793563490014
0.465398999999998 -0.002028365854452
0.465498999999998 0.00935449381291658
0.465598999999998 0.0199083991133733
0.465698999999998 0.016804173149515
0.465798999999998 0.0220723341562681
0.465898999999998 0.0071288168536393
0.465998999999998 0.00102774189724723
0.466098999999998 0.0118616006877645
0.466198999999998 -0.00594535560268054
0.466298999999998 -0.00499081325135531
0.466398999999998 -0.0235508188187378
0.466498999999998 -0.00439599542737591
0.466598999999998 -0.0162227608691841
0.466698999999998 0.0035581072403745
0.466798999999998 0.0145564332672418
0.466898999999998 0.0119067588249841
0.466998999999998 0.0064924950044002
0.467098999999998 -0.0114221962217952
0.467198999999998 0.0050533640714798
0.467298999999998 0.0191871287493513
0.467398999999998 0.0177690375247363
0.467498999999998 0.00928715774948367
0.467598999999998 0.0155237262647887
0.467698999999998 -0.0143996051466087
0.467798999999998 -0.0148837788017467
0.467898999999998 -0.0271252057678021
0.467998999999998 -0.009555873018691
0.468098999999998 -0.0203455839531682
0.468198999999998 -0.0103972158672989
0.468298999999998 0.00232023930149132
0.468398999999998 -0.00237318269403535
0.468498999999998 0.00498468762589605
0.468598999999998 0.00203441143461573
0.468698999999998 0.0151477713755058
0.468798999999998 0.000414803671411215
0.468898999999998 0.00860260407049791
0.468998999999998 -0.00477304138749474
0.469098999999998 -0.0066355961256091
0.469198999999998 -0.0114301464284239
0.469298999999998 -0.0180406813064934
0.469398999999998 -0.0202788454329607
0.469498999999998 -0.0155907073294531
0.469598999999998 -0.0204457576585074
0.469698999999998 -0.0133416781314327
0.469798999999998 0.0026033299141866
0.469898999999998 -0.0100733999294875
0.469998999999998 -0.00182242003785861
0.470098999999998 -0.00160696682210962
0.470198999999998 0.0115464330223703
0.470298999999998 0.00202810592408808
0.470398999999998 0.0114715920827481
0.470498999999998 0.0127521484309504
0.470598999999998 -0.0010836514848795
0.470698999999998 0.00755417465997634
0.470798999999998 0.00570764854334868
0.470898999999998 0.0122767561176508
0.470998999999998 0.000195589933860139
0.471098999999998 -0.00282036727173853
0.471198999999998 -0.00745253540449087
0.471298999999998 -0.00780237657281251
0.471398999999998 -0.0129908528865067
0.471498999999998 -0.0112992206762653
0.471598999999998 -0.00712009209835687
0.471698999999998 -0.00720192791729637
0.471798999999999 -0.0152445694963478
0.471898999999998 -0.0170728546578674
0.471998999999998 -0.00419042091333868
0.472098999999998 -0.00573902470159606
0.472198999999998 -0.0079833110875587
0.472298999999998 -0.00767036060148785
0.472398999999998 -0.000733057358930072
0.472498999999998 -0.00353267088308628
0.472598999999998 0.00466183503188844
0.472698999999998 0.00226739634382724
0.472798999999998 0.000734822733845716
0.472898999999998 -0.00106390957057268
0.472998999999998 -0.00497970998214165
0.473098999999998 0.000854690190782462
0.473198999999998 -0.00780892942146153
0.473298999999998 0.00426172430875591
0.473398999999998 0.0176829333119856
0.473498999999998 0.0109830472368623
0.473598999999998 0.00588242351970132
0.473698999999998 0.0112384015172786
0.473798999999998 0.0158968435839778
0.473898999999998 0.0152134461455571
0.473998999999998 0.0110915630382495
0.474098999999998 0.0232287559904975
0.474198999999998 0.021313127456002
0.474298999999998 0.0320956437422856
0.474398999999998 0.0303162863666923
0.474498999999998 0.0256668894176714
0.474598999999998 0.027970855728938
0.474698999999998 0.0186728318323537
0.474798999999998 0.0177583391865311
0.474898999999998 0.0169514230256051
0.474998999999998 0.0244338900410348
0.475098999999998 0.0241885244976857
0.475198999999998 0.0186119391691092
0.475298999999998 0.0193595769607846
0.475398999999998 0.0193695727913046
0.475498999999998 -0.00167222410564456
0.475598999999998 0.00787565194712262
0.475698999999998 -0.00488056467291811
0.475798999999998 -0.0119798999048853
0.475898999999998 -0.00960718781185798
0.475998999999998 -0.0137492402416826
0.476098999999998 -0.00925547154818952
0.476198999999998 -0.00484659346601616
0.476298999999998 -0.00655267243827258
0.476398999999998 -0.0131185984295002
0.476498999999998 -0.0200863580264072
0.476598999999998 -0.0309967528018618
0.476698999999998 -0.00143765969174528
0.476798999999998 -0.00691615872681444
0.476898999999998 -0.0113012294740275
0.476998999999998 -0.00918096378174826
0.477098999999998 0.00351467387471623
0.477198999999998 -0.00682055427611086
0.477298999999998 -0.00213348903114293
0.477398999999998 0.000388690509360161
0.477498999999998 -0.00137324776946208
0.477598999999999 -0.00422194229654265
0.477698999999998 0.00592523231305051
0.477798999999998 0.00177270153520102
0.477898999999999 -0.00834213940739788
0.477998999999998 -0.012325266770816
0.478098999999998 -0.0334075855649313
0.478198999999998 -0.0269835626712242
0.478298999999998 -0.0268390596734026
0.478398999999998 -0.0258338570377438
0.478498999999998 -0.0174032466767279
0.478598999999998 -0.0250789456902318
0.478698999999998 -0.025333894107712
0.478798999999998 -0.0158801831169577
0.478898999999998 -0.0203407860825424
0.478998999999998 -0.0143276887416763
0.479098999999998 -0.0191327076500557
0.479198999999998 -0.0077431809143455
0.479298999999998 -0.0052577738571909
0.479398999999998 -0.0106193036915674
0.479498999999998 -0.00985116913528667
0.479598999999998 -0.0167408785251202
0.479698999999998 -0.0100569695395588
0.479798999999998 -0.0214674521849799
0.479898999999998 -0.0154458291568011
0.479998999999998 -0.0200697937597411
0.480098999999998 -0.0192067968676005
0.480198999999998 -0.0129344422759537
0.480298999999998 -0.00733367566959871
0.480398999999998 -0.00572608389904919
0.480498999999998 -0.00841255573035292
0.480598999999998 0.01289580437902
0.480698999999998 -0.000817656093571861
0.480798999999998 0.00744040431808003
0.480898999999998 0.0157420595248833
0.480998999999998 -0.000313064078525469
0.481098999999999 -0.00529221866490719
0.481198999999998 -0.00960432777158939
0.481298999999998 -0.0174363593659828
0.481398999999998 -0.0207975140477611
0.481498999999998 -0.0149893722644251
0.481598999999998 -0.0171760394430623
0.481698999999998 -0.0139030811878985
0.481798999999998 -0.0281793073759509
0.481898999999998 -0.0233321252052632
0.481998999999998 -0.0113224308752834
0.482098999999998 -0.00624698393243178
0.482198999999998 -0.0125658505469894
0.482298999999998 -0.0135728438198558
0.482398999999998 -0.0115118764349185
0.482498999999998 -0.012555180039898
0.482598999999998 -0.00972692934415892
0.482698999999998 0.00164391602663472
0.482798999999998 0.00390160578942249
0.482898999999998 0.0129769741884809
0.482998999999999 0.0111956368537915
0.483098999999998 0.00478220260864928
0.483198999999998 -0.00373703018568772
0.483298999999998 0.00169496727116989
0.483398999999998 0.00919118265664309
0.483498999999998 0.0209556942000379
0.483598999999998 0.0284882685404211
0.483698999999998 0.0386761279589301
0.483798999999998 0.0148619762338407
0.483898999999998 0.0121779416197294
0.483998999999998 0.0253877303745871
0.484098999999998 0.0309142385709285
0.484198999999998 0.0196777381129336
0.484298999999998 0.0323950202496404
0.484398999999998 0.00449892818337959
0.484498999999998 0.00827911903170299
0.484598999999998 0.0115593176572686
0.484698999999998 -0.00618693135589653
0.484798999999998 0.0169896032192877
0.484898999999998 0.0044954763309895
0.484998999999998 0.0154872088429971
0.485098999999998 0.013197511455318
0.485198999999998 0.0164060381963293
0.485298999999998 0.0200107933209802
0.485398999999998 0.0169162017295098
0.485498999999998 0.0271479004108001
0.485598999999998 0.0231222441529757
0.485698999999998 0.0303347090635925
0.485798999999998 0.0224197328921175
0.485898999999998 0.0276228942173687
0.485998999999998 0.0182459538013108
0.486098999999998 0.0143661562616738
0.486198999999998 0.0282245705652444
0.486298999999998 0.0039630564033267
0.486398999999998 0.0159741904371433
0.486498999999998 0.0251920408390981
0.486598999999998 0.0185501666742557
0.486698999999998 0.013429003051107
0.486798999999998 0.0111911424149873
0.486898999999998 0.00972371382122302
0.486998999999998 0.0128646758063118
0.487098999999998 0.00690117398784747
0.487198999999998 0.0115635765184811
0.487298999999998 -0.0110342355903095
0.487398999999998 -0.0100533654948213
0.487498999999998 -0.0180739789829105
0.487598999999998 -0.0225511536606441
0.487698999999998 -0.0183319219162011
0.487798999999998 -0.00400168598264278
0.487898999999998 -0.00373252002439865
0.487998999999998 0.00234625331163177
0.488098999999998 -0.0067692627133222
0.488198999999998 -0.0193659174160981
0.488298999999998 -0.0187643528863404
0.488398999999998 -0.0200288138496226
0.488498999999998 -0.0203332433981407
0.488598999999998 -0.0209528423341088
0.488698999999998 -0.0261666113422008
0.488798999999998 -0.0268418453552165
0.488898999999998 -0.0172990885323814
0.488998999999998 -0.0183469840805854
0.489098999999998 -0.0154530946216557
0.489198999999998 -0.0133945140967372
0.489298999999998 -0.0201874892032149
0.489398999999998 -0.0189740177664449
0.489498999999998 -0.0356494819791228
0.489598999999998 -0.0223157256850693
0.489698999999998 -0.0169538149663483
0.489798999999998 -0.00113986312032792
0.489898999999998 -0.00545584827706975
0.489998999999998 -0.0182502577044915
0.490098999999998 -0.0187736717753807
0.490198999999998 -0.0148056566605093
0.490298999999998 -0.0066636878721474
0.490398999999998 -0.00670284283791776
0.490498999999998 -0.00677330933252143
0.490598999999998 -0.0169585929541667
0.490698999999998 -0.010630424037798
0.490798999999998 -0.021006543047953
0.490898999999998 -0.0139569200828654
0.490998999999998 -0.017612293620094
0.491098999999998 -0.016526496026263
0.491198999999998 -0.00424375364206554
0.491298999999998 0.00849874251487372
0.491398999999998 0.00477206877530785
0.491498999999998 0.0130995912722145
0.491598999999998 0.0167158539090752
0.491698999999998 -0.00606172096099538
0.491798999999998 -0.00116598255098032
0.491898999999998 -0.0111048020025212
0.491998999999998 -0.00290539105786396
0.492098999999998 -0.00207902678431817
0.492198999999998 -0.00420568867690918
0.492298999999998 0.00308185880260166
0.492398999999998 0.00411432650178062
0.492498999999998 0.000853367304737582
0.492598999999998 0.0143903266696098
0.492698999999998 0.0100295909610818
0.492798999999998 -0.00185670596212368
0.492898999999998 0.00896809419841526
0.492998999999998 0.010459769706037
0.493098999999998 0.0257764216133576
0.493198999999998 0.0143021396936348
0.493298999999998 0.0322509868592204
0.493398999999998 0.0273975043539327
0.493498999999998 0.0337593250390089
0.493598999999998 0.0310961558561989
0.493698999999998 0.0148480671262736
0.493798999999998 0.00341913992333247
0.493898999999998 0.0134983115722427
0.493998999999998 0.0133902520413826
0.494098999999998 0.00716923446952402
0.494198999999998 0.00988377652781857
0.494298999999998 0.0142945413422847
0.494398999999998 0.0208346904797106
0.494498999999998 0.0103704284353482
0.494598999999998 0.00625084227941862
0.494698999999998 0.00892545869668801
0.494798999999998 0.00718057022377273
0.494898999999998 0.0150399837689836
0.494998999999998 0.0199917536628559
0.495098999999998 0.0064280603547285
0.495198999999998 0.0245058545055959
0.495298999999998 0.0196954765088179
0.495398999999998 0.015112905880877
0.495498999999998 0.0128832951996593
0.495598999999998 0.0171914042598459
0.495698999999998 0.0165382805499477
0.495798999999998 0.00574945976404448
0.495898999999998 0.00171205297560537
0.495998999999998 0.003819787067779
0.496098999999998 0.0206656701569041
0.496198999999998 0.00264471606150346
0.496298999999998 -0.0029120869036312
0.496398999999998 -0.01147176864431
0.496498999999999 -0.0027373524970429
0.496598999999998 -0.0158650454918909
0.496698999999998 -0.0158155768637402
0.496798999999998 -0.0308820195643384
0.496898999999998 -0.0219199332940252
0.496998999999998 -0.0194139113441824
0.497098999999998 -0.0118301338726342
0.497198999999998 -0.00805016630050482
0.497298999999998 -0.00945547317659056
0.497398999999998 -0.0124764010361242
0.497498999999998 -0.0221869424483999
0.497598999999998 -0.018195675318089
0.497698999999998 -0.0244841894756865
0.497798999999998 -0.0165246208517603
0.497898999999998 -0.0262609574117365
0.497998999999998 -0.0352291907534788
0.498098999999998 -0.0319686224272935
0.498198999999998 -0.0160854712129551
0.498298999999998 -0.0295039305429071
0.498398999999998 -0.024053462475289
0.498498999999998 -0.0267836107512272
0.498598999999998 -0.0220915909537316
0.498698999999998 -0.037418423176538
0.498798999999998 -0.0319937186447617
0.498898999999998 -0.0325841759454549
0.498998999999998 -0.0444968779961552
0.499098999999998 -0.0340634752624296
0.499198999999998 -0.0399817730678444
0.499298999999998 -0.0393214158329477
0.499398999999998 -0.0314441530313623
0.499498999999998 -0.0280209077193798
0.499598999999998 -0.0266291631413734
0.499698999999998 -0.0271792298837655
0.499798999999998 -0.00955900159038425
0.499898999999998 -0.0199041902636837
0.499998999999998 -0.015642521269731
