# Fix print output for fix def1
-3.56348858158773e-16 1.47053646067688
9.89999999998131e-05 0.794750430341183
0.000198999999999567 0.730403672035122
0.000298999999999676 0.732101819558365
0.000398999999999787 0.76656608729396
0.000498999999999719 0.79708741690266
0.00059899999999965 0.846620986875742
0.00069899999999976 0.881154085541701
0.000798999999999691 0.949514058017083
0.000898999999999623 0.979275398362125
0.000998999999999733 1.00742805511728
0.00109899999999966 1.03851083775799
0.0011989999999996 1.08121493215097
0.00129899999999971 1.09275010306121
0.00139899999999982 1.12941260175423
0.00149899999999957 1.15756377981969
0.00159899999999968 1.19979351894477
0.00169899999999979 1.22624424405379
0.00179899999999972 1.26665627215876
0.00189899999999965 1.30021527314791
0.00199899999999976 1.32911007894286
0.0020989999999997 1.3840762552325
0.00219899999999963 1.41022747960414
0.00229899999999974 1.44063262396751
0.00239899999999967 1.48013721934145
0.0024989999999996 1.49974091690799
0.00259899999999971 1.52492870442263
0.00269899999999982 1.55521190814065
0.00279899999999957 1.59753232552004
0.00289899999999968 1.61437753353546
0.00299899999999979 1.64499310147163
0.00309899999999955 1.67554233931727
0.00319899999999965 1.7112420504461
0.00329899999999978 1.75769029938549
0.00339899999999969 1.77879401796418
0.00349899999999963 1.81434072112959
0.00359899999999973 1.84934971381274
0.00369899999999967 1.8654102497939
0.00379899999999961 1.89694966492252
0.00389899999999971 1.94028168163482
0.00399899999999965 1.98614164607868
0.00409899999999959 2.01418553054047
0.00419899999999969 2.0495994137423
0.00429899999999978 2.08789786351446
0.00439899999999954 2.12416368883545
0.00449899999999967 2.15440435595337
0.00459899999999976 2.16846389361322
0.0046989999999997 2.19816501234949
0.00479899999999964 2.22275531625191
0.00489899999999974 2.25365616709071
0.00499899999999968 2.28001573725506
0.00509899999999959 2.3220505374824
0.00519899999999972 2.36351758995147
0.00529899999999966 2.40558671608247
0.00539899999999957 2.44832083825237
0.0054989999999997 2.45659277047752
0.0055989999999998 2.48624679371456
0.00569899999999955 2.53950085890691
0.00579899999999968 2.53170662779289
0.00589899999999978 2.56817700345202
0.00599899999999972 2.59037423541408
0.00609899999999963 2.6357230782602
0.00619899999999976 2.68047778327254
0.00629899999999966 2.70428659220518
0.00639899999999961 2.75772796161132
0.00649899999999974 2.79789484605239
0.00659899999999964 2.84007838485189
0.00669899999999958 2.8604484916474
0.00679899999999968 2.86895794113103
0.00689899999999981 2.90369518751664
0.00699899999999956 2.93839838803302
0.00709899999999966 2.97569906662423
0.00719899999999979 3.0235330876041
0.0072989999999997 3.07258437907661
0.00739899999999964 3.11381927900778
0.00749899999999974 3.15137971292718
0.00759899999999968 3.1821449265549
0.00769899999999962 3.20095185152572
0.00779899999999972 3.22561071435368
0.00789899999999966 3.26190481408205
0.0079989999999996 3.28562367095683
0.00809899999999969 3.323870244209
0.00819899999999979 3.34992631130027
0.00829899999999958 3.39395007972921
0.00839899999999967 3.43574411484357
0.00849899999999977 3.47092364946061
0.00859899999999971 3.49144306891967
0.00869899999999965 3.54361564505082
0.00879899999999975 3.57211308204448
0.00889899999999969 3.59214847559015
0.00899899999999963 3.64958587906711
0.00909899999999973 3.65870475898742
0.00919899999999967 3.69512073404223
0.00929899999999958 3.73451841475084
0.00939899999999971 3.79228574198864
0.00949899999999981 3.82928943944859
0.00959899999999956 3.86308072246307
0.00969899999999969 3.90088132523175
0.00979899999999978 3.91624844770547
0.00989899999999973 3.93789892820452
0.00999899999999963 3.96542426584774
0.0100989999999998 4.00609214771792
0.0101989999999997 4.03587897678372
0.0102989999999996 4.0723707690288
0.0103989999999997 4.10418309131302
0.0104989999999997 4.15173106954124
0.0105989999999996 4.19590066319586
0.0106989999999997 4.23329541970793
0.0107989999999998 4.25060310928668
0.0108989999999996 4.27754570572927
0.0109989999999997 4.30897499486914
0.0110989999999998 4.33310927836867
0.0111989999999997 4.39491122407436
0.0112989999999996 4.42415327147563
0.0113989999999997 4.45689924707128
0.0114989999999997 4.48050311470051
0.0115989999999996 4.51046781858019
0.0116989999999997 4.53580541711229
0.0117989999999997 4.58836674755777
0.0118989999999996 4.60075032561176
0.0119989999999997 4.63322911802239
0.0120989999999996 4.66700622716516
0.0121989999999996 4.68338251675349
0.0122989999999997 4.73414407321678
0.0123989999999998 4.7792501936208
0.0124989999999995 4.81117639848173
0.0125989999999997 4.85848609742212
0.0126989999999998 4.86728237845365
0.0127989999999997 4.91164944544285
0.0128989999999996 4.91039776349569
0.0129989999999997 4.94475731669864
0.0130989999999997 4.96667037137883
0.0131989999999996 5.02723945212176
0.0132989999999997 5.0471139676274
0.0133989999999997 5.06348651296651
0.0134989999999996 5.08917175421283
0.0135989999999997 5.12351530804655
0.0136989999999998 5.16739696786209
0.0137989999999995 5.18344349329608
0.0138989999999996 5.23306663896658
0.0139989999999998 5.25775165824965
0.0140989999999997 5.28200726600572
0.0141989999999996 5.31877310562967
0.0142989999999997 5.35897284994484
0.0143989999999997 5.37806399722227
0.0144989999999996 5.40234664637434
0.0145989999999997 5.45437331297975
0.0146989999999996 5.48859318032811
0.0147989999999996 5.51114324577208
0.0148989999999997 5.53377731538333
0.0149989999999998 5.57287290895915
0.0150989999999996 5.60636784348278
0.0151989999999997 5.64842059026803
0.0152989999999998 5.67331992364653
0.0153989999999997 5.67871315686007
0.0154989999999996 5.72389419227982
0.0155989999999997 5.73679495414016
0.0156989999999997 5.78887627216445
0.0157989999999996 5.8200422563177
0.0158989999999997 5.85029857249861
0.0159989999999997 5.87751397626208
0.0160989999999996 5.91917335047529
0.0161989999999997 5.94703373769742
0.0162989999999998 5.97752173772577
0.0163989999999995 6.01029138310723
0.0164989999999997 6.02965208816943
0.0165989999999998 6.05289707232261
0.0166989999999997 6.08318477695372
0.0167989999999997 6.14267864180386
0.0168989999999997 6.18778093152325
0.0169989999999997 6.20704183638507
0.0170989999999996 6.23745034868141
0.0171989999999997 6.26319396001772
0.0172989999999997 6.31463350155339
0.0173989999999996 6.34465315110181
0.0174989999999997 6.36794967093226
0.0175989999999998 6.38939105096678
0.0176989999999996 6.44198886449263
0.0177989999999997 6.48326666007938
0.0178989999999998 6.52505508489824
0.0179989999999997 6.57414659188977
0.0180989999999996 6.58203754822896
0.0181989999999998 6.59633385629191
0.0182989999999997 6.62461357592142
0.0183989999999996 6.65961452452067
0.0184989999999997 6.70988870749781
0.0185989999999997 6.74303950050746
0.0186989999999996 6.78368225174286
0.0187989999999997 6.81833008529688
0.0188989999999998 6.84741226137595
0.0189989999999996 6.87258062021697
0.0190989999999997 6.90607725558652
0.0191989999999998 6.94184481043803
0.0192989999999997 6.96509464613655
0.0193989999999996 7.00835519755835
0.0194989999999997 7.0268086661621
0.0195989999999997 7.08156796903398
0.0196989999999996 7.10216812332177
0.0197989999999997 7.14103229264847
0.0198989999999997 7.15375049897406
0.0199989999999996 7.22639834808262
0.0200989999999997 7.23598075197088
0.0201989999999998 7.26054541544094
0.0202989999999996 7.27671648782464
0.0203989999999997 7.31325422733806
0.0204989999999998 7.34854381101251
0.0205989999999997 7.37883564774716
0.0206989999999997 7.40746353933891
0.0207989999999998 7.47224125459723
0.0208989999999997 7.50379775257099
0.0209989999999996 7.5428727328754
0.0210989999999997 7.54270153392967
0.0211989999999997 7.56214482396674
0.0212989999999996 7.58687186679287
0.0213989999999997 7.61718612041606
0.0214989999999996 7.65363096555058
0.0215989999999996 7.68952593958352
0.0216989999999997 7.72735206169248
0.0217989999999998 7.75746829120519
0.0218989999999995 7.78719411150179
0.0219989999999996 7.8090112502625
0.0220989999999998 7.83296426721506
0.0221989999999997 7.88446421693399
0.0222989999999996 7.90851638095956
0.0223989999999997 7.94113843021606
0.0224989999999997 7.96318182852326
0.0225989999999996 7.99149759440446
0.0226989999999997 8.01049792763263
0.0227989999999996 8.03948858379141
0.0228989999999996 8.0817277303446
0.0229989999999997 8.09715595520348
0.0230989999999998 8.13802969526485
0.0231989999999996 8.15817578204104
0.0232989999999997 8.17804628445348
0.0233989999999998 8.21262049866954
0.0234989999999997 8.23419471962326
0.0235989999999996 8.26788300118702
0.0236989999999997 8.31196557161919
0.0237989999999997 8.34103286348171
0.0238989999999996 8.39461799240889
0.0239989999999997 8.39877270632857
0.0240989999999997 8.43291083731448
0.0241989999999996 8.44821320255022
0.0242989999999997 8.47346773710313
0.0243989999999998 8.50136476393432
0.0244989999999995 8.51827576007871
0.0245989999999997 8.56706771543308
0.0246989999999998 8.60385361596473
0.0247989999999997 8.63974588518641
0.0248989999999996 8.69100002460284
0.0249989999999997 8.68835424458889
0.0250989999999997 8.69857086968683
0.0251989999999996 8.72012380527107
0.0252989999999997 8.76158768259642
0.0253989999999997 8.8151000097907
0.0254989999999996 8.8285296149882
0.0255989999999997 8.86580427791596
0.0256989999999998 8.90167296206612
0.0257989999999996 8.93077592296068
0.0258989999999996 8.96195027603129
0.0259989999999998 8.9723451060115
0.0260989999999997 9.02066004973932
0.0261989999999996 9.03708012467584
0.0262989999999998 9.07858620506845
0.0263989999999997 9.1069131578057
0.0264989999999996 9.14057087026799
0.0265989999999997 9.17729870689323
0.0266989999999996 9.19931144950991
0.0267989999999996 9.20489777699112
0.0268989999999997 9.25297726496445
0.0269989999999998 9.29052028285242
0.0270989999999996 9.34851537901948
0.0271989999999997 9.38265828246289
0.0272989999999998 9.40238583710308
0.0273989999999997 9.43117870072071
0.0274989999999996 9.45176384426466
0.0275989999999997 9.48179504384363
0.0276989999999997 9.49874013651345
0.0277989999999996 9.53765568525254
0.0278989999999997 9.57715677517253
0.0279989999999997 9.61450163998355
0.0280989999999996 9.65837251215603
0.0281989999999997 9.67919580639557
0.0282989999999998 9.71343056355042
0.0283989999999995 9.73752022680027
0.0284989999999997 9.76769479348254
0.0285989999999998 9.78969905203223
0.0286989999999997 9.82388175058093
0.0287989999999997 9.83949335076805
0.0288989999999998 9.8924094997537
0.0289989999999997 9.92383053399898
0.0290989999999996 9.94660249459321
0.0291989999999997 9.97871076126547
0.0292989999999997 9.99158031256497
0.0293989999999996 10.0269383779623
0.0294989999999997 10.0657973097619
0.0295989999999996 10.0993240515158
0.0296989999999996 10.1324183098125
0.0297989999999997 10.1433104411376
0.0298989999999998 10.1732820704584
0.0299989999999997 10.2003351618631
0.0300989999999996 10.2508973253071
0.0301989999999998 10.2908032993128
0.0302989999999997 10.3306691579646
0.0303989999999996 10.3302567568424
0.0304989999999997 10.3382314266897
0.0305989999999997 10.3704040738546
0.0306989999999996 10.41407890524
0.0307989999999997 10.4564094694961
0.0308989999999996 10.4818968906693
0.0309989999999996 10.5017295318982
0.0310989999999997 10.5140345512608
0.0311989999999998 10.5434670653114
0.0312989999999995 10.5778320694915
0.0313989999999997 10.5898635328989
0.0314989999999998 10.6249446636177
0.0315989999999998 10.6750277921262
0.0316989999999996 10.7058882990643
0.0317989999999997 10.7275411590961
0.0318989999999997 10.768894399121
0.0319989999999995 10.7817449709317
0.0320989999999999 10.7898480962228
0.0321989999999996 10.8045093751351
0.0322989999999997 10.8420281224948
0.0323989999999997 10.8800372777918
0.0324989999999998 10.9209956567396
0.0325989999999996 10.9513458523916
0.0326989999999996 10.9759239541073
0.0327989999999997 10.9886416159472
0.0328989999999998 11.0040769850919
0.0329989999999995 11.0262835319307
0.0330989999999996 11.0621646728329
0.0331989999999996 11.0997694556025
0.0332989999999997 11.1374497038788
0.0333989999999998 11.1506963084568
0.0334989999999995 11.1755984297823
0.0335989999999996 11.1981185741381
0.0336989999999997 11.233070572717
0.0337989999999997 11.2614987080604
0.0338989999999995 11.2802353229316
0.0339989999999996 11.3036522433811
0.0340989999999996 11.3263221344362
0.0341989999999997 11.3486659250324
0.0342989999999997 11.3805906431389
0.0343989999999998 11.4084172831516
0.0344989999999996 11.4437458294412
0.0345989999999996 11.4734477746288
0.0346989999999997 11.4913278290091
0.0347989999999998 11.5000555531424
0.0348989999999995 11.5528024390983
0.0349989999999996 11.5810713556555
0.0350989999999997 11.6408387644026
0.0351989999999994 11.6458002931665
0.0352989999999998 11.6338636487143
0.0353989999999998 11.6634908128411
0.0354989999999996 11.6987062256481
0.0355989999999997 11.739611740739
0.0356989999999997 11.7677001560681
0.0357989999999998 11.8013338914509
0.0358989999999995 11.8209167379357
0.0359989999999996 11.8506524441305
0.0360989999999997 11.880172806334
0.0361989999999994 11.9229759041251
0.0362989999999998 11.9399482832061
0.0363989999999999 11.978779796456
0.0364989999999996 11.9936111918309
0.0365989999999997 12.0337081119196
0.0366989999999998 12.0506290098857
0.0367989999999998 12.0629340528734
0.0368989999999996 12.0912774640007
0.0369989999999997 12.122107568068
0.0370989999999997 12.1470967328216
0.0371989999999995 12.1759682734341
0.0372989999999999 12.2179375229991
0.0373989999999996 12.247263439592
0.0374989999999997 12.2869134550761
0.0375989999999997 12.2997764333563
0.0376989999999998 12.2966309578767
0.0377989999999996 12.35178281645
0.0378989999999996 12.3862757526997
0.0379989999999997 12.4163774750355
0.0380989999999998 12.4459745626723
0.0381989999999995 12.4612793969076
0.0382989999999999 12.4651846162513
0.0383989999999996 12.5102241329183
0.0384989999999997 12.5537963926142
0.0385989999999998 12.5896438885278
0.0386989999999995 12.5897602794889
0.0387989999999996 12.6131014005642
0.0388989999999997 12.6327325706688
0.0389989999999997 12.65566879839
0.0390989999999995 12.7141313132986
0.0391989999999995 12.752667685093
0.0392989999999999 12.7691159036533
0.0393989999999997 12.7864799496482
0.0394989999999997 12.8046184838702
0.0395989999999998 12.8265994615019
0.0396989999999996 12.8630664507139
0.0397989999999996 12.8739016979762
0.0398989999999997 12.9287159998738
0.0399989999999998 12.9490934345323
0.0400989999999995 12.9568276235112
0.0401989999999996 12.9781590214916
0.0402989999999996 12.9979114147114
0.0403989999999997 13.0288326395523
0.0404989999999998 13.0488053539272
0.0405989999999998 13.0621598654773
0.0406989999999996 13.1110216616751
0.0407989999999997 13.1375265572463
0.0408989999999997 13.1603578874197
0.0409989999999998 13.1927403173075
0.0410989999999995 13.2069187368622
0.0411989999999996 13.2321537461672
0.0412989999999997 13.2535113109069
0.0413989999999997 13.2766029791825
0.0414989999999998 13.2953298552113
0.0415989999999996 13.321423516504
0.0416989999999996 13.3532995305882
0.0417989999999997 13.3771530581441
0.0418989999999998 13.3830297037611
0.0419989999999995 13.4097315624566
0.0420989999999996 13.4327813381484
0.0421989999999996 13.4705135929834
0.0422989999999997 13.4915150958153
0.0423989999999998 13.5180647143658
0.0424989999999998 13.5350484650077
0.0425989999999996 13.5404563573366
0.0426989999999997 13.5554276654135
0.0427989999999997 13.5862404885071
0.0428989999999998 13.6132256489643
0.0429989999999996 13.6506173887139
0.0430989999999996 13.6607767309046
0.0431989999999997 13.6738329255793
0.0432989999999994 13.7009299799127
0.0433989999999998 13.7373974280428
0.0434989999999999 13.7413306074983
0.0435989999999996 13.7819054519907
0.0436989999999997 13.7882704592517
0.0437989999999998 13.8221347083833
0.0438989999999995 13.8432539976628
0.0439989999999996 13.8645386959843
0.0440989999999996 13.881836307457
0.0441989999999997 13.872770622398
0.0442989999999995 13.9293043844383
0.0443989999999995 13.9596357274902
0.0444989999999996 13.9713354660054
0.0445989999999997 13.9908080617459
0.0446989999999997 14.0228206108239
0.0447989999999998 14.0519328776484
0.0448989999999996 14.0569848821426
0.0449989999999996 14.0850308374431
0.0450989999999997 14.1066851161256
0.0451989999999997 14.1270475026335
0.0452989999999995 14.1583501341574
0.0453989999999996 14.1647797083808
0.0454989999999996 14.1993740793236
0.0455989999999997 14.2382039259236
0.0456989999999998 14.2528022359461
0.0457989999999995 14.2711781781599
0.0458989999999996 14.2685646461915
0.0459989999999997 14.2869989768367
0.0460989999999997 14.333140956796
0.0461989999999998 14.3757552895707
0.0462989999999995 14.3956954042258
0.0463989999999996 14.4133257722153
0.0464989999999997 14.4255477859657
0.0465989999999997 14.432994384616
0.0466989999999998 14.4507252335969
0.0467989999999995 14.4860338607454
0.0468989999999996 14.5243875182619
0.0469989999999997 14.5423740300864
0.0470989999999998 14.5547799030654
0.0471989999999995 14.5631859911205
0.0472989999999996 14.6000314197051
0.0473989999999996 14.623121430125
0.0474989999999997 14.6428667867659
0.0475989999999998 14.6882401171034
0.0476989999999998 14.7072141512417
0.0477989999999996 14.7305042349176
0.0478989999999997 14.7312439153189
0.0479989999999997 14.7595205654968
0.0480989999999998 14.7800875995476
0.0481989999999995 14.8116293498531
0.0482989999999996 14.8365033148363
0.0483989999999997 14.8628034243067
0.0484989999999994 14.8675736472381
0.0485989999999998 14.8825688925717
0.0486989999999999 14.9083833455546
0.0487989999999996 14.9474386642367
0.0488989999999997 14.9690272802576
0.0489989999999998 14.980039439818
0.0490989999999998 14.9949287549594
0.0491989999999996 15.0024538879517
0.0492989999999996 15.0262822454234
0.0493989999999997 15.046476671465
0.0494989999999995 15.0798405816986
0.0495989999999998 15.110075368775
0.0496989999999996 15.1387308821858
0.0497989999999997 15.1427394133182
0.0498989999999997 15.149494919454
0.0499989999999998 15.1688120200224
0.0500989999999995 15.2030632041931
0.0501989999999996 15.2423910843283
0.0502989999999997 15.2591240815421
0.0503989999999997 15.2575179071259
0.0504989999999995 15.2743219843918
0.0505989999999999 15.2847673125353
0.0506989999999996 15.3039637535762
0.0507989999999997 15.3188526105477
0.0508989999999998 15.3625445361009
0.0509989999999995 15.3797206108395
0.0510989999999996 15.3787468998487
0.0511989999999996 15.4067754982656
0.0512989999999997 15.4255639502804
0.0513989999999995 15.4178649986502
0.0514989999999995 15.4397972748364
0.0515989999999999 15.4511522151624
0.0516989999999997 15.4774506295023
0.0517989999999997 15.5082180212699
0.0518989999999998 15.5446909485239
0.0519989999999995 15.5353753271706
0.0520989999999996 15.540813184442
0.0521989999999997 15.5709178891084
0.0522989999999997 15.5882629366365
0.0523989999999995 15.6343998637549
0.0524989999999996 15.622578013973
0.0525989999999999 15.626173348058
0.0526989999999997 15.6298919457207
0.0527989999999998 15.6489097643691
0.0528989999999998 15.6778626280614
0.0529989999999996 15.698529338818
0.0530989999999996 15.7180264081446
0.0531989999999997 15.7268034389036
0.0532989999999998 15.7284710032449
0.0533989999999995 15.7191960450578
0.0534989999999996 15.7566964166949
0.0535989999999997 15.7933464696626
0.0536989999999997 15.8280050494391
0.0537989999999998 15.8324672212943
0.0538989999999999 15.8322502280869
0.0539989999999996 15.8404786131448
0.0540989999999997 15.8444702026182
0.0541989999999997 15.8715418295641
0.0542989999999998 15.8916811374381
0.0543989999999996 15.9182142592741
0.0544989999999996 15.9005479708343
0.0545989999999997 15.9174841364748
0.0546989999999994 15.9496859612301
0.0547989999999998 15.9713186805883
0.0548989999999996 15.9806224410273
0.0549989999999996 15.9983419566846
0.0550989999999997 16.0027026049253
0.0551989999999995 16.0198190229906
0.0552989999999995 16.040086595963
0.0553989999999996 16.0387568788157
0.0554989999999997 16.053796079673
0.0555989999999997 16.0903974175995
0.0556989999999995 16.1127003716096
0.0557989999999999 16.1315656387724
0.0558989999999996 16.1323964200695
0.0559989999999997 16.1406422140289
0.0560989999999998 16.1547873073563
0.0561989999999995 16.1767861487985
0.0562989999999996 16.1861722897072
0.0563989999999996 16.1979603541989
0.0564989999999997 16.2423909799725
0.0565989999999995 16.2511185823545
0.0566989999999995 16.2684209889049
0.0567989999999999 16.2676032592142
0.0568989999999997 16.2670923999098
0.0569989999999997 16.277511691329
0.0570989999999998 16.3010068371896
0.0571989999999995 16.3168703773158
0.0572989999999996 16.3460662864131
0.0573989999999997 16.3907015846037
0.0574989999999997 16.3928341331669
0.0575989999999995 16.374870086373
0.0576989999999995 16.3899478054479
0.0577989999999996 16.4125521471988
0.0578989999999997 16.4463166323642
0.0579989999999997 16.4700309841588
0.0580989999999998 16.4678931344422
0.0581989999999996 16.4749483532513
0.0582989999999996 16.4691308028997
0.0583989999999997 16.5008098862105
0.0584989999999998 16.4996893746144
0.0585989999999995 16.522484495533
0.0586989999999996 16.5478264435681
0.0587989999999997 16.5822390948557
0.0588989999999997 16.6050605413341
0.0589989999999998 16.6060828666129
0.0590989999999995 16.5872322670196
0.0591989999999996 16.5878793162875
0.0592989999999997 16.6361509526947
0.0593989999999997 16.6550293644335
0.0594989999999995 16.6709066912146
0.0595989999999996 16.6827170345668
0.0596989999999996 16.6781987777928
0.0597989999999997 16.6723734567033
0.0598989999999998 16.6973000452191
0.0599989999999998 16.7276958914439
0.0600989999999996 16.7428908282826
0.0601989999999996 16.7735034127555
0.0602989999999997 16.7620432367755
0.0603989999999998 16.759606754453
0.0604989999999995 16.7869767522607
0.0605989999999996 16.7923523725469
0.0606989999999996 16.8161461524171
0.0607989999999994 16.827407742633
0.0608989999999998 16.8192718411708
0.0609989999999999 16.8296203362442
0.0610989999999996 16.8220645314987
0.0611989999999997 16.8476869478034
0.0612989999999997 16.8791837948662
0.0613989999999998 16.8665109376078
0.0614989999999996 16.8496369286249
0.0615989999999996 16.8729132196267
0.0616989999999997 16.9152881147076
0.0617989999999994 16.9199067355916
0.0618989999999998 16.925534355635
0.0619989999999996 16.9213600403875
0.0620989999999996 16.9316841041765
0.0621989999999997 16.9324649517418
0.0622989999999998 16.9623839791484
0.0623989999999998 16.9562154337223
0.0624989999999996 16.9795559117213
0.0625989999999997 16.9972929374611
0.0626989999999997 17.0142549627637
0.0627989999999995 17.0078157278583
0.0628989999999999 16.9964963503299
0.0629989999999996 17.0002747872348
0.0630989999999997 17.0424919950611
0.0631989999999997 17.0524741037342
0.0632989999999995 17.0403899604422
0.0633989999999996 17.0361482303115
0.0634989999999996 17.0163407696061
0.0635989999999997 17.0505089187435
0.0636989999999998 17.0643366232976
0.0637989999999995 17.0835543717133
0.0638989999999999 17.0748652836503
0.0639989999999997 17.0935267409075
0.0640989999999997 17.0918753299112
0.0641989999999998 17.0987199677275
0.0642989999999995 17.1010501848344
0.0643989999999996 17.1124907315849
0.0644989999999997 17.1199922624654
0.0645989999999997 17.1199179342044
0.0646989999999995 17.1281288014035
0.0647989999999996 17.1527567875748
0.0648989999999999 17.179579983245
0.0649989999999997 17.1636015522449
0.0650989999999997 17.168002821813
0.0651989999999998 17.1698347199503
0.0652989999999996 17.1663787683708
0.0653989999999996 17.165416428334
0.0654989999999997 17.1771492746992
0.0655989999999998 17.2213070056107
0.0656989999999995 17.2163313268285
0.0657989999999996 17.205952958164
0.0658989999999996 17.204410357817
0.0659989999999994 17.2304359539988
0.0660989999999998 17.2416711716261
0.0661989999999998 17.2640942820206
0.0662989999999996 17.2843872464164
0.0663989999999997 17.2568794329726
0.0664989999999997 17.2503319326297
0.0665989999999998 17.2576842711107
0.0666989999999995 17.2762944494964
0.0667989999999996 17.2958184564133
0.0668989999999997 17.3168817389171
0.0669989999999994 17.312250603702
0.0670989999999998 17.3110285829853
0.0671989999999996 17.2981063116528
0.0672989999999996 17.2981761053179
0.0673989999999997 17.334356484889
0.0674989999999998 17.349086329971
0.0675989999999998 17.3814619861599
0.0676989999999996 17.3645324288536
0.0677989999999997 17.3384477092689
0.0678989999999997 17.3643618191312
0.0679989999999995 17.3756925552668
0.0680989999999998 17.4128360404613
0.0681989999999996 17.4044046700042
0.0682989999999997 17.3901249790663
0.0683989999999997 17.3949223992703
0.0684989999999995 17.4140140532012
0.0685989999999995 17.439738468237
0.0686989999999996 17.4374738436154
0.0687989999999997 17.419770334011
0.0688989999999994 17.4266962024769
0.0689989999999995 17.4539461033196
0.0690989999999999 17.4613476458715
0.0691989999999996 17.458091296822
0.0692989999999997 17.4799911868792
0.0693989999999998 17.4844650286469
0.0694989999999995 17.4871703824639
0.0695989999999996 17.5032423605346
0.0696989999999997 17.5185743028957
0.0697989999999997 17.4790173550998
0.0698989999999995 17.4890004814247
0.0699989999999995 17.5081899402595
0.0700989999999996 17.5458616152037
0.0701989999999997 17.5353353518659
0.0702989999999997 17.524144744707
0.0703989999999998 17.5414770926883
0.0704989999999995 17.5489608229999
0.0705989999999996 17.5289666372522
0.0706989999999997 17.5171607180324
0.0707989999999998 17.5356491458978
0.0708989999999995 17.5485898485272
0.0709989999999996 17.5572173811734
0.0710989999999996 17.5682873935468
0.0711989999999997 17.5719892418431
0.0712989999999998 17.5721795448464
0.0713989999999998 17.5695839766675
0.0714989999999996 17.5584823910762
0.0715989999999996 17.5630752398146
0.0716989999999997 17.5771860337131
0.0717989999999998 17.5983624203462
0.0718989999999995 17.6127655371233
0.0719989999999996 17.583464697527
0.0720989999999997 17.5773928758802
0.0721989999999997 17.5656756031764
0.0722989999999998 17.5809203330495
0.0723989999999996 17.5936223220867
0.0724989999999996 17.5883024466969
0.0725989999999997 17.5753877855602
0.0726989999999997 17.5775272029368
0.0727989999999995 17.58597361781
0.0728989999999996 17.6224971592446
0.0729989999999996 17.6222872901248
0.0730989999999997 17.6059314421959
0.0731989999999998 17.588513637387
0.0732989999999998 17.5973386321079
0.0733989999999996 17.6185687876277
0.0734989999999997 17.5989101647908
0.0735989999999997 17.5820280014146
0.0736989999999998 17.5846966418855
0.0737989999999995 17.5788836567886
0.0738989999999996 17.5785927778431
0.0739989999999997 17.5954261213519
0.0740989999999994 17.6091535468252
0.0741989999999998 17.5942674834485
0.0742989999999999 17.5899403370133
0.0743989999999996 17.5771035095959
0.0744989999999997 17.5881613967954
0.0745989999999997 17.6364795223784
0.0746989999999998 17.6081694165642
0.0747989999999996 17.6116321599271
0.0748989999999996 17.6087086115123
0.0749989999999997 17.5917330792178
0.0750989999999995 17.6069509259167
0.0751989999999998 17.5953590977162
0.0752989999999996 17.5956528899284
0.0753989999999997 17.588811015247
0.0754989999999997 17.5763906752524
0.0755989999999998 17.561224637621
0.0756989999999999 17.5833717750542
0.0757989999999996 17.5994596160221
0.0758989999999997 17.6007585185407
0.0759989999999997 17.563378649666
0.0760989999999995 17.5702055633134
0.0761989999999996 17.5897545671761
0.0762989999999996 17.6138030911476
0.0763989999999997 17.5987693252773
0.0764989999999998 17.5765187778628
0.0765989999999995 17.5768083025504
0.0766989999999996 17.5650840272991
0.0767989999999996 17.5724565587387
0.0768989999999997 17.5927747351296
0.0769989999999995 17.5920571470092
0.0770989999999995 17.5898932703351
0.0771989999999996 17.5876164993652
0.0772989999999997 17.6029836397366
0.0773989999999997 17.5822710252176
0.0774989999999998 17.5791458952169
0.0775989999999996 17.5837329821245
0.0776989999999996 17.5898042790161
0.0777989999999997 17.5805345062146
0.0778989999999997 17.5998934182145
0.0779989999999995 17.6114914338561
0.0780989999999996 17.5943628421046
0.0781989999999996 17.5761168882068
0.0782989999999994 17.5701617196629
0.0783989999999998 17.5979257346578
0.0784989999999998 17.5814526294056
0.0785989999999996 17.5940081854073
0.0786989999999996 17.5777608114669
0.0787989999999997 17.5826278447966
0.0788989999999998 17.5546522343195
0.0789989999999995 17.5374078926684
0.0790989999999996 17.5584585323148
0.0791989999999997 17.6043023004745
0.0792989999999994 17.5795621038623
0.0793989999999998 17.5613880434297
0.0794989999999995 17.5279778877256
0.0795989999999996 17.5388772995778
0.0796989999999997 17.5522477629811
0.0797989999999997 17.5743755623305
0.0798989999999998 17.5349366004519
0.0799989999999996 17.5173044349658
0.0800989999999996 17.5253490630452
0.0801989999999997 17.5285036195527
0.0802989999999994 17.4925478102176
0.0803989999999998 17.4905632733854
0.0804989999999996 17.4947974109732
0.0805989999999997 17.4770274884653
0.0806989999999997 17.4734799603573
0.0807989999999995 17.4623700372799
0.0808989999999995 17.4338477753953
0.0809989999999996 17.4196755940924
0.0810989999999997 17.3989210967637
0.0811989999999997 17.3692986831326
0.0812989999999995 17.3292244853102
0.0813989999999999 17.2753465795632
0.0814989999999996 17.2581792519037
0.0815989999999997 17.2492556844582
0.0816989999999997 17.1993299332449
0.0817989999999995 17.1368648988726
0.0818989999999996 17.0752061412968
0.0819989999999996 17.0095151696177
0.0820989999999997 16.9477198641834
0.0821989999999995 16.8889830333284
0.0822989999999995 16.8319498014888
0.0823989999999999 16.730189914086
0.0824989999999996 16.6377975238994
0.0825989999999997 16.52517345385
0.0826989999999998 16.4078383863451
0.0827989999999995 16.2930413447348
0.0828989999999996 16.1594781801202
0.0829989999999997 15.9903352696812
0.0830989999999997 15.8482271419126
0.0831989999999995 15.6828564615987
0.0832989999999996 15.4956238751685
0.0833989999999996 15.2958137102778
0.0834989999999997 15.0920437550824
0.0835989999999998 14.8659722481596
0.0836989999999998 14.6197144270928
0.0837989999999996 14.3616677285827
0.0838989999999996 14.0851726347829
0.0839989999999997 13.7886167514206
0.0840989999999998 13.5082093877681
0.0841989999999995 13.2083264668085
0.0842989999999996 12.875705415571
0.0843989999999997 12.5681491478152
0.0844989999999997 12.2653252433938
0.0845989999999998 11.9363671671122
0.0846989999999995 11.6220827420077
0.0847989999999996 11.283652987592
0.0848989999999997 10.9390774854207
0.0849989999999997 10.6256536936125
0.0850989999999995 10.329522165288
0.0851989999999996 10.0355581908069
0.0852989999999996 9.75228435420157
0.0853989999999997 9.45759584639599
0.0854989999999998 9.14612899078629
0.0855989999999998 8.86768975859974
0.0856989999999996 8.5997024644789
0.0857989999999996 8.37566010472129
0.0858989999999997 8.16785316296934
0.0859989999999998 7.9799964271087
0.0860989999999995 7.80639014691468
0.0861989999999996 7.61415813818443
0.0862989999999997 7.43166533800464
0.0863989999999997 7.28722209055521
0.0864989999999998 7.15122490363762
0.0865989999999999 7.0257185476348
0.0866989999999996 6.92157852175271
0.0867989999999997 6.85513869625365
0.0868989999999997 6.77040267167753
0.0869989999999995 6.71141762077996
0.0870989999999996 6.64535788634692
0.0871989999999996 6.58423781408839
0.0872989999999997 6.56143250983914
0.0873989999999994 6.54295907506348
0.0874989999999995 6.49298761002673
0.0875989999999996 6.47183753620415
0.0876989999999996 6.46123615472628
0.0877989999999997 6.4672582367108
0.0878989999999998 6.42596716330844
0.0879989999999995 6.4099273624729
0.0880989999999996 6.37598087040373
0.0881989999999997 6.43466041441045
0.0882989999999997 6.43452946049513
0.0883989999999995 6.40679905301357
0.0884989999999996 6.40426704880577
0.0885989999999996 6.3975165347241
0.0886989999999997 6.38920717898289
0.0887989999999998 6.36027450012774
0.0888989999999998 6.35101337558889
0.0889989999999996 6.34581380061187
0.0890989999999996 6.30139247701739
0.0891989999999997 6.28288003177732
0.0892989999999998 6.23955380020778
0.0893989999999995 6.18223091489004
0.0894989999999996 6.13975698970697
0.0895989999999997 6.13121793608541
0.0896989999999997 6.09850768491614
0.0897989999999998 5.99274064219946
0.0898989999999995 5.91650757040876
0.0899989999999996 5.85492570008155
0.0900989999999997 5.80098914405461
0.0901989999999997 5.7316490548583
0.0902989999999995 5.6608747829088
0.0903989999999995 5.59597904453857
0.0904989999999996 5.54016157647599
0.0905989999999997 5.46437638344024
0.0906989999999997 5.44300373237775
0.0907989999999998 5.4064085573606
0.0908989999999996 5.33902144349175
0.0909989999999996 5.26465809382506
0.0910989999999997 5.23752942032938
0.0911989999999998 5.17673136790063
0.0912989999999995 5.1635714806631
0.0913989999999996 5.14935139085921
0.0914989999999997 5.15113783072626
0.0915989999999994 5.17202454387523
0.0916989999999998 5.18836796832338
0.0917989999999999 5.18938020548748
0.0918989999999996 5.18916233749609
0.0919989999999997 5.20240094193116
0.0920989999999997 5.22269493734364
0.0921989999999998 5.27544270135109
0.0922989999999995 5.25489542637244
0.0923989999999996 5.24472323653815
0.0924989999999997 5.2690463989958
0.0925989999999994 5.29061504336358
0.0926989999999998 5.33017810783967
0.0927989999999996 5.30707857813458
0.0928989999999996 5.28024525470661
0.0929989999999997 5.27646015267756
0.0930989999999998 5.2579981118716
0.0931989999999998 5.22658355113919
0.0932989999999996 5.19015953520055
0.0933989999999996 5.17075022319917
0.0934989999999997 5.16263885037766
0.0935989999999995 5.14730097713761
0.0936989999999999 5.12079179237844
0.0937989999999996 5.08148817176426
0.0938989999999997 5.04127999367414
0.0939989999999997 4.98711110714848
0.0940989999999995 4.95272380906702
0.0941989999999996 4.91556358224938
0.0942989999999996 4.88838149266936
0.0943989999999997 4.86845709379411
0.0944989999999994 4.83925737246409
0.0945989999999995 4.82355450389772
0.0946989999999999 4.80883344725406
0.0947989999999996 4.80861449969487
0.0948989999999997 4.79362862386864
0.0949989999999998 4.82529368750537
0.0950989999999995 4.81095968378283
0.0951989999999996 4.81908460800626
0.0952989999999996 4.82527399547555
0.0953989999999997 4.83380666531628
0.0954989999999995 4.86983115396092
0.0955989999999995 4.90316737694934
0.0956989999999999 4.90250254492886
0.0957989999999997 4.9217401966195
0.0958989999999997 4.90845704271756
0.0959989999999998 4.92740335334396
0.0960989999999995 4.95576243858082
0.0961989999999996 4.95139148602165
0.0962989999999997 4.98230525310014
0.0963989999999998 5.02907048662305
0.0964989999999995 5.02357588444646
0.0965989999999996 5.04351721548206
0.0966989999999996 5.04691402692172
0.0967989999999997 5.07825474264751
0.0968989999999998 5.07266819295894
0.0969989999999995 5.06932174753972
0.0970989999999996 5.07295265525514
0.0971989999999997 5.06342577753249
0.0972989999999997 5.02003672726236
0.0973989999999998 5.01826071982724
0.0974989999999995 5.0276412018526
0.0975989999999996 5.03179477497159
0.0976989999999997 5.01945014227124
0.0977989999999997 4.99076752217377
0.0978989999999998 4.99631759257504
0.0979989999999996 4.99016377704612
0.0980989999999996 4.95840609390673
0.0981989999999997 4.96668371205174
0.0982989999999994 4.94651219978355
0.0983989999999995 4.95772961550579
0.0984989999999996 4.94596657969196
0.0985989999999996 4.95398086211084
0.0986989999999997 4.95929127398112
0.0987989999999995 4.96575688449912
0.0988989999999998 4.97761998561289
0.0989989999999996 5.00706240490558
0.0990989999999997 5.0049460614778
0.0991989999999997 4.9953264385735
0.0992989999999995 4.99743492621777
0.0993989999999995 4.99573191798248
0.0994989999999996 4.98121958459064
0.0995989999999997 4.96242197609818
0.0996989999999994 4.95042517449332
0.0997989999999995 4.92394349946927
0.0998989999999999 4.94335412689501
0.0999989999999996 4.92338337180558
0.100099 4.91042885938758
0.100199 4.8983815508192
0.100299 4.8612403878191
0.100399 4.83384239774331
0.100499 4.78641007116165
0.100599 4.77467119858595
0.100698999999999 4.75587632832911
0.100799 4.74303985238268
0.100899 4.73928646655772
0.100999 4.71167246890455
0.101099 4.71050480138637
0.101199 4.70978518181161
0.101299 4.7083361108998
0.101399 4.66967315758865
0.101499 4.6547335034352
0.101599 4.63518217593305
0.101698999999999 4.62894946434553
0.101799 4.61346361077458
0.101899 4.61270615672329
0.101999 4.59493462521609
0.102099 4.60222995638092
0.102199 4.58685368667558
0.102299 4.59324647380928
0.102399 4.59223797425921
0.102499 4.60123049133067
0.102598999999999 4.61283456115156
0.102699 4.60946864309861
0.102799 4.61358465271503
0.102899 4.60868135726815
0.102999 4.62002279911451
0.103099 4.62284720304717
0.103199 4.6532797999967
0.103299 4.6723399373179
0.103399 4.67688510644037
0.103499 4.69692318298665
0.103598999999999 4.6969557016756
0.103699 4.70684653714589
0.103799 4.70188365887775
0.103899 4.70780324334748
0.103999 4.73920993117437
0.104099 4.74164097326449
0.104199 4.77253030931556
0.104299 4.78962866516505
0.104399 4.80765463710056
0.104499 4.79345921837224
0.104599 4.80134278759118
0.104699 4.82088339345065
0.104799 4.85331107707323
0.104898999999999 4.88658226232602
0.104999 4.91466396070846
0.105099 4.9321697796857
0.105199 4.93333012173025
0.105299 4.94683354414573
0.105399 4.93377230848362
0.105499 4.94927274535781
0.105599 4.96179865173537
0.105699 4.97571612963844
0.105799 4.98252574940208
0.105898999999999 4.99422654628751
0.105999 5.01355674819106
0.106099 5.01030240091609
0.106199 5.01390849413128
0.106299 4.98899767199717
0.106398999999999 4.98044925235507
0.106499 4.98981026345622
0.106599 5.01948400462667
0.106699 5.0048927200517
0.106799 5.01500904272187
0.106898999999999 4.969733834778
0.106999 4.9640877252399
0.107099 4.96405800540874
0.107199 4.96288884691705
0.107299 4.9418226931699
0.107399 4.93572752359253
0.107499 4.91376138963007
0.107599 4.89858950214971
0.107699 4.8859433567349
0.107798999999999 4.88497243314847
0.107899 4.89058786431371
0.107999 4.85844554704022
0.108099 4.82843179345442
0.108199 4.82590359353909
0.108299 4.7719795179516
0.108399 4.79071273025085
0.108499 4.76988348609494
0.108599 4.75807868533389
0.108699 4.77948711372142
0.108798999999999 4.80361034876358
0.108899 4.80707577920144
0.108999 4.79426564239305
0.109098999999999 4.7951749706092
0.109199 4.79163167245329
0.109299 4.79212983674408
0.109399 4.79051146534691
0.109499 4.83414748937978
0.109599 4.81553571786947
0.109699 4.81190564515637
0.109799 4.81470992388052
0.109899 4.82964885414782
0.109999 4.86071221513279
0.110098999999999 4.89537327173623
0.110199 4.91462616961346
0.110299 4.89343681266618
0.110399 4.89349147459606
0.110499 4.90056941118098
0.110599 4.90590342213174
0.110699 4.8976244742468
0.110799 4.8942879632328
0.110899 4.9059127383939
0.110999 4.90353506551748
0.111098999999999 4.92891334891844
0.111199 4.92614416856825
0.111299 4.92594285910867
0.111399 4.94183918158418
0.111499 4.93868852850389
0.111598999999999 4.9791596642791
0.111699 4.99114288396767
0.111799 5.01062879291978
0.111899 5.0357369951697
0.111999 5.05679312387663
0.112098999999999 5.03932577312942
0.112199 5.07528284213062
0.112299 5.09750855832677
0.112399 5.10434956805465
0.112499 5.10724578882458
0.112599 5.08491152490314
0.112699 5.08146041902733
0.112799 5.12050809526111
0.112899 5.10279603212746
0.112998999999999 5.09605478212269
0.113099 5.10503557813967
0.113199 5.13581735528968
0.113299 5.13353805329004
0.113399 5.11972910244833
0.113499 5.12291193747713
0.113599 5.11531472884806
0.113699 5.15108191845873
0.113799 5.16442481445269
0.113899 5.17135899600686
0.113998999999999 5.15894797188269
0.114099 5.13045703189526
0.114199 5.14913170402484
0.114299 5.1587678273913
0.114399 5.15733230725923
0.114499 5.15046725639801
0.114599 5.16872806771797
0.114699 5.19711761462385
0.114799 5.19488649899891
0.114899 5.22875313282496
0.114999 5.20689287642874
0.115099 5.17397582310487
0.115199 5.17301686464836
0.115299 5.17418562661513
0.115399 5.19813311394301
0.115499 5.19166801589089
0.115599 5.18880759885253
0.115699 5.20786382513137
0.115799 5.18988942845189
0.115898999999999 5.18858734049509
0.115999 5.17917969936812
0.116099 5.2063467785057
0.116199 5.19779424360717
0.116299 5.2121038570753
0.116399 5.24164275617084
0.116499 5.23964112760111
0.116599 5.24329023391196
0.116699 5.23280644753952
0.116799 5.2268406012874
0.116899 5.24125369059143
0.116999 5.23626229962407
0.117099 5.24964748894695
0.117198999999999 5.23243502074879
0.117299 5.23616071233146
0.117399 5.25260937793689
0.117499 5.240498834568
0.117599 5.24361025409306
0.117699 5.25362808444167
0.117799 5.25030547226438
0.117899 5.25274882098655
0.117999 5.23548646522844
0.118099 5.21234422296225
0.118198999999999 5.21138396663417
0.118299 5.20992342686009
0.118399 5.20603300594508
0.118499 5.22257435144454
0.118599 5.21742934701799
0.118699 5.20250263717443
0.118799 5.18922658724267
0.118899 5.16539359623833
0.118999 5.14829678333461
0.119099 5.16182993678092
0.119198999999999 5.15941610926879
0.119299 5.1617319127135
0.119399 5.1500869416598
0.119499 5.15292792629249
0.119599 5.17556025924383
0.119698999999999 5.17824140597894
0.119799 5.16620720776475
0.119899 5.12559692316109
0.119999 5.1209958953169
0.120099 5.11329372563834
0.120199 5.16499532639161
0.120299 5.17903953740607
0.120399 5.1758162871138
0.120499 5.18531360801357
0.120599 5.18635441736757
0.120699 5.18348532061341
0.120799 5.16922156392782
0.120899 5.17341329570274
0.120999 5.20264390542161
0.121098999999999 5.20581595341256
0.121199 5.22852232048356
0.121299 5.23994067859755
0.121399 5.26784050182013
0.121499 5.2605478620516
0.121599 5.2934138491181
0.121699 5.29645394109112
0.121799 5.29866815230173
0.121899 5.31543626932654
0.121999 5.33555517883068
0.122098999999999 5.34558833798861
0.122199 5.34958152499795
0.122299 5.34038526955205
0.122398999999999 5.33994338450487
0.122499 5.35962848398909
0.122599 5.36797036572012
0.122699 5.3780155307809
0.122799 5.38257664462458
0.122899 5.38811815023692
0.122999 5.399891610852
0.123099 5.41432092891022
0.123199 5.41896140597485
0.123299 5.44017509550487
0.123398999999999 5.43231833663366
0.123499 5.44707235524116
0.123599 5.47192938938203
0.123699 5.4913006296287
0.123799 5.52468586649026
0.123898999999999 5.54345340820905
0.123999 5.55094856274161
0.124099 5.53905552013976
0.124199 5.55188735891953
0.124299 5.56445369030994
0.124398999999999 5.54315108427991
0.124499 5.52833025771368
0.124599 5.52304847386544
0.124699 5.53401162461006
0.124799 5.52761645400164
0.124898999999999 5.53743989822078
0.124999 5.51787826006448
0.125099 5.51784908564486
0.125199 5.5119640874019
0.125298999999999 5.48458058594019
0.125398999999999 5.48717351742581
0.125499 5.49820056363086
0.125599 5.48533095775796
0.125699 5.46279548815829
0.125799 5.47121265133384
0.125899 5.46018379616099
0.125999 5.45342153351381
0.126099 5.45970730390415
0.126199 5.47043484835028
0.126298999999999 5.43761550723745
0.126399 5.45538488424929
0.126499 5.43343489847523
0.126599 5.46297448978473
0.126699 5.44210429243553
0.126799 5.44516239944022
0.126899 5.41370873328274
0.126999 5.439913800135
0.127099 5.46245369504059
0.127199 5.469404137873
0.127298999999999 5.46684404611703
0.127399 5.480641892396
0.127499 5.48974220090538
0.127599 5.48259624833278
0.127699 5.52419624065435
0.127798999999999 5.51824116150068
0.127899 5.51949664152576
0.127999 5.52146583339368
0.128099 5.5411774807968
0.128199 5.54713001619167
0.128299 5.53494712558102
0.128399 5.53517202137063
0.128499 5.55891237363236
0.128599 5.55493503492376
0.128699 5.54985747456627
0.128799 5.53276620794585
0.128899 5.54864718273423
0.128999 5.55312554109623
0.129099 5.54737017079671
0.129199 5.54672908065228
0.129299 5.54781167140098
0.129399 5.55055327778076
0.129499 5.56126359693048
0.129599 5.56127822760082
0.129699 5.5816392810302
0.129799 5.58356262140668
0.129899 5.59694862675316
0.129999 5.57432227307321
0.130099 5.58480425911028
0.130199 5.61233299189084
0.130299 5.60794545348608
0.130399 5.61810828284536
0.130498999999999 5.6226471802692
0.130598999999999 5.63983546737479
0.130699 5.65613406232569
0.130799 5.659736422112
0.130899 5.64376922438571
0.130999 5.64311298965342
0.131098999999999 5.64949415252061
0.131199 5.66277193331677
0.131299 5.66012412292375
0.131399 5.67079004289408
0.131498999999999 5.68649182323423
0.131599 5.67753456248251
0.131699 5.66346564800929
0.131799 5.65091993607316
0.131899 5.65752632288391
0.131998999999999 5.64036498088809
0.132099 5.66652571724884
0.132199 5.66247929097476
0.132299 5.67163592991875
0.132399 5.67290269683387
0.132498999999999 5.66335259726735
0.132599 5.65839582248376
0.132699 5.66784485726513
0.132799 5.65026927356397
0.132899 5.677353289525
0.132999 5.71641685415058
0.133099 5.73266178482731
0.133199 5.71237943814325
0.133299 5.70465718606666
0.133398999999999 5.69924901925339
0.133499 5.71317543274562
0.133599 5.71579530761036
0.133699 5.70152455733187
0.133799 5.69566648710089
0.133899 5.68325525149352
0.133999 5.70594851618828
0.134099 5.71876898623317
0.134199 5.72553952582651
0.134299 5.71788352051027
0.134398999999999 5.72607583518558
0.134499 5.71419885099963
0.134599 5.71864515661246
0.134699 5.70420435457642
0.134799 5.69738576116555
0.134899 5.6961423248221
0.134999 5.72014283523947
0.135099 5.73785299916801
0.135199 5.74332443128646
0.135299 5.75779649789176
0.135399 5.76530803943671
0.135499 5.78109538902204
0.135599 5.79507254337549
0.135698999999999 5.78518120869945
0.135799 5.78922045203196
0.135899 5.80221290934859
0.135999 5.80201359874802
0.136099 5.80149073339047
0.136198999999999 5.83002471918579
0.136299 5.84421586664693
0.136399 5.82213522945512
0.136499 5.85098337329977
0.136599 5.85925911088511
0.136698999999999 5.85225833480989
0.136799 5.86317696324921
0.136899 5.873866100882
0.136999 5.88710355858564
0.137099 5.9015013690481
0.137198999999999 5.92166242105673
0.137299 5.95547051322735
0.137399 5.96090166276246
0.137499 6.00329315780305
0.137599 5.99312714346293
0.137698999999999 5.99478984264399
0.137799 6.01318711258923
0.137899 6.01287450336597
0.137999 6.01236364124374
0.138099 6.02760367096443
0.138198999999999 6.05084299671114
0.138299 6.03984689268924
0.138399 6.02852848939792
0.138499 6.02373541337966
0.138598999999999 6.0248006410834
0.138699 6.02802201831286
0.138799 6.04846686772412
0.138899 6.04974945701597
0.138999 6.0571421451543
0.139099 6.03446968419077
0.139199 6.02840157416153
0.139299 6.02100371763411
0.139399 6.01472459705437
0.139499 5.99303004043047
0.139599 5.99407872387193
0.139699 5.9962799881943
0.139799 5.97345049515534
0.139899 5.96250707164796
0.139999 5.96511988998492
0.140099 5.97620876422262
0.140199 5.99414869269703
0.140299 5.99018073637044
0.140399 5.9861292909631
0.140499 5.99395953083963
0.140599 5.97346402028907
0.140699 5.95561104096212
0.140799 5.94178522026804
0.140899 5.93066199373509
0.140999 5.93694872879282
0.141099 5.90220700041332
0.141199 5.90669088032766
0.141299 5.90005058573136
0.141398999999999 5.88750356318996
0.141499 5.85918216014196
0.141599 5.85973465381989
0.141699 5.85463771540844
0.141799 5.83614304921338
0.141898999999999 5.81838072445942
0.141999 5.79826161180846
0.142099 5.79457744326255
0.142199 5.79755892229098
0.142299 5.79464890990475
0.142398999999999 5.782574866543
0.142499 5.78032953412899
0.142599 5.80452492728397
0.142699 5.80604944353811
0.142799 5.77423744364299
0.142898999999999 5.76389425046294
0.142999 5.74572576524324
0.143099 5.74834291735661
0.143199 5.75055109022397
0.143299 5.74691685656232
0.143398999999999 5.70430969366344
0.143499 5.68544562709129
0.143599 5.68589225470681
0.143699 5.67578966713566
0.143798999999999 5.6948644246373
0.143898999999999 5.68410050867574
0.143999 5.67232497395935
0.144099 5.6811358597048
0.144199 5.68095775681237
0.144299 5.67437027301999
0.144399 5.67637513351419
0.144499 5.70743735511804
0.144599 5.72166792989597
0.144699 5.76569730412048
0.144798999999999 5.75586867642308
0.144899 5.73719595855347
0.144999 5.736867847395
0.145099 5.74142009188419
0.145199 5.75577095951827
0.145299 5.75131694766574
0.145399 5.74589318505236
0.145499 5.73514488107526
0.145599 5.74609102295374
0.145699 5.72071091465269
0.145799 5.71814922064371
0.145899 5.72263118088715
0.145999 5.69654788767135
0.146099 5.6979016917267
0.146199 5.70280106138018
0.146299 5.68701955918053
0.146399 5.71218523283038
0.146499 5.7110493729428
0.146599 5.70308068566776
0.146698999999999 5.69259801988799
0.146799 5.71305680875427
0.146899 5.73956063200869
0.146998999999999 5.71609419854656
0.147099 5.71752459031654
0.147199 5.71197560599442
0.147299 5.71845458639156
0.147399 5.72268969990613
0.147499 5.73366739527994
0.147599 5.74026674379772
0.147698999999999 5.7438100951667
0.147799 5.71894363076019
0.147899 5.7380407863422
0.147998999999999 5.71753504869693
0.148099 5.72882622628006
0.148199 5.71332793517731
0.148299 5.6981042644111
0.148399 5.67536485010446
0.148499 5.67425485617172
0.148599 5.66704911824505
0.148699 5.66942351676753
0.148799 5.66045617557617
0.148899 5.66239293221724
0.148998999999999 5.63583109213986
0.149099 5.61417394754831
0.149199 5.59669044692196
0.149299 5.60234001373497
0.149399 5.58970846812633
0.149498999999999 5.5994736100067
0.149599 5.61485450939462
0.149699 5.63300179460191
0.149799 5.62096260315873
0.149899 5.64635572000507
0.149998999999999 5.64418298665742
0.150099 5.65971724197411
0.150199 5.67309609323244
0.150299 5.64676379014854
0.150399 5.61484336707316
0.150498999999999 5.60044902179068
0.150599 5.57663758068812
0.150699 5.55774330652603
0.150799 5.57056904727831
0.150899 5.56686478634439
0.150998999999999 5.56216496096875
0.151099 5.55803722809347
0.151199 5.54963298688586
0.151299 5.53895982612632
0.151399 5.53827212103115
0.151499 5.55105086671803
0.151599 5.58956775683589
0.151699 5.60707677904189
0.151799 5.59806239557693
0.151898999999999 5.60191892522648
0.151999 5.59295739087993
0.152099 5.6185869211258
0.152199 5.6454627653086
0.152299 5.63733631363466
0.152399 5.64224785013063
0.152499 5.66489729322181
0.152599 5.64759127299856
0.152699 5.62299979409394
0.152799 5.62066400539483
0.152899 5.59772525678317
0.152999 5.5896449636436
0.153099 5.58378624223542
0.153198999999999 5.57437275123776
0.153299 5.58549912130803
0.153399 5.58663540963525
0.153499 5.55948181287277
0.153599 5.51350352359812
0.153699 5.48553581582919
0.153799 5.47752547414519
0.153899 5.42684170794078
0.153999 5.43291911337249
0.154099 5.40023404364007
0.154198999999999 5.39809549605488
0.154299 5.41199633366854
0.154399 5.40663651167785
0.154499 5.37854868773305
0.154599 5.37466061750329
0.154698999999999 5.34896067577043
0.154798999999999 5.31892253235741
0.154899 5.28228348799166
0.154999 5.28408963666322
0.155098999999999 5.27348020055835
0.155198999999999 5.28571434061152
0.155299 5.28480143952289
0.155399 5.28048300542525
0.155499 5.27985731145412
0.155599 5.2444525884286
0.155698999999999 5.20463918235773
0.155799 5.15380567005577
0.155899 5.15591862701054
0.155999 5.15171963787023
0.156098999999999 5.14043924905423
0.156199 5.1634139380286
0.156299 5.16056043598685
0.156399 5.15526381822371
0.156499 5.14533003374729
0.156599 5.16412888027985
0.156699 5.13407691296839
0.156799 5.12073711318695
0.156899 5.11918131623573
0.156999 5.11332252356982
0.157098999999999 5.12135291235129
0.157199 5.10776441380538
0.157299 5.1114854018893
0.157399 5.1035675313427
0.157499 5.11681844148146
0.157598999999999 5.09151140596724
0.157699 5.1121245034036
0.157799 5.08650107371353
0.157899 5.08202435646962
0.157999 5.1004066416785
0.158098999999999 5.09940586254982
0.158199 5.08057783457042
0.158299 5.06861418704405
0.158399 5.09460937974679
0.158499 5.11251458332682
0.158599 5.12555088327902
0.158699 5.15308525491257
0.158799 5.15996726277148
0.158899 5.1743997900357
0.158999 5.16850467375809
0.159099 5.1741639857286
0.159199 5.18030897731642
0.159299 5.18714051849947
0.159399 5.18180612206318
0.159499 5.1782599238018
0.159599 5.17296549487684
0.159699 5.17739624900012
0.159799 5.19340412175246
0.159899 5.19226927540694
0.159998999999999 5.18498009714322
0.160099 5.20623816950786
0.160199 5.1988260775258
0.160298999999999 5.20977821970269
0.160399 5.21844534608255
0.160499 5.21929825050953
0.160599 5.22552044568988
0.160699 5.24528975853501
0.160799 5.22521695840314
0.160899 5.20670359375693
0.160999 5.21838273992893
0.161099 5.21193117930988
0.161199 5.23582072880976
0.161298999999999 5.21183638967192
0.161399 5.20421227819157
0.161499 5.21552745879574
0.161599 5.24200574867986
0.161699 5.23840798038666
0.161799 5.22490853255898
0.161899 5.2070447527737
0.161999 5.19724646822719
0.162099 5.17537775672336
0.162199 5.15907795481863
0.162298999999999 5.1601932044557
0.162399 5.17184051654205
0.162499 5.16069067808164
0.162599 5.1888985225388
0.162699 5.19497860054014
0.162798999999999 5.17469555980149
0.162899 5.17832894212974
0.162999 5.18788754366892
0.163099 5.18046431437828
0.163199 5.19256929568586
0.163298999999999 5.2017552033038
0.163399 5.18454868837293
0.163499 5.20595228628125
0.163599 5.2010108615352
0.163699 5.18625034862381
0.163799 5.18456903807695
0.163899 5.22720707098848
0.163999 5.21660832184572
0.164099 5.23521881130693
0.164198999999999 5.24369400526576
0.164299 5.22659671859035
0.164399 5.20831060070451
0.164499 5.22680202905711
0.164599 5.19699806260098
0.164699 5.18952059346407
0.164799 5.17258397902057
0.164899 5.17077285304867
0.164999 5.15296532807411
0.165099 5.1738447151052
0.165198999999999 5.15910196597581
0.165299 5.15929059345294
0.165399 5.18548696747385
0.165498999999999 5.1925614255461
0.165599 5.17590635687931
0.165699 5.16668318955528
0.165799 5.15791001219853
0.165899 5.16689557622156
0.165999 5.15312014218704
0.166099 5.1646816685874
0.166199 5.16802577089824
0.166299 5.14991766827509
0.166399 5.14714355143701
0.166498999999999 5.12924802609004
0.166599 5.11393497103869
0.166699 5.1105284687316
0.166799 5.09211803664505
0.166899 5.08442749189285
0.166998999999999 5.09591387240008
0.167098999999999 5.07373371031808
0.167199 5.06524461218381
0.167299 5.05980563351731
0.167399 5.04294173519249
0.167498999999999 5.05287504375873
0.167599 5.0267260005893
0.167699 5.04899520688612
0.167799 5.04182535830673
0.167899 5.06687284594456
0.167998999999999 5.06359109484386
0.168099 5.05602236731044
0.168199 5.0380368536091
0.168299 5.03232570883283
0.168398999999999 5.02692074806442
0.168498999999999 5.01255459477763
0.168599 4.99510061663017
0.168699 5.00290669476314
0.168799 4.9634786393804
0.168899 4.94852844413958
0.168998999999999 4.9530222421214
0.169099 4.93779517574315
0.169199 4.91053539772927
0.169299 4.88690866591774
0.169398999999999 4.86303885217973
0.169499 4.84957099760728
0.169599 4.8468182068696
0.169699 4.85687566855981
0.169799 4.85496170243289
0.169899 4.8509470182801
0.169999 4.83986577845037
0.170099 4.82492051801724
0.170199 4.84907433786033
0.170299 4.86703805832249
0.170398999999999 4.8761849351666
0.170499 4.83977798848214
0.170599 4.86958921282281
0.170699 4.87518963304145
0.170799 4.85438070870896
0.170898999999999 4.86878868351992
0.170999 4.86837260741297
0.171099 4.88529514326538
0.171199 4.87420272750175
0.171299 4.87616401891062
0.171399 4.86489959101775
0.171499 4.86426070810671
0.171599 4.82991088431708
0.171699 4.84550965895509
0.171799 4.84903393319657
0.171899 4.8483570824431
0.171999 4.84561513160525
0.172099 4.84849511386084
0.172199 4.83696323032747
0.172298999999999 4.82990089763321
0.172399 4.83544051924064
0.172499 4.8444678310075
0.172599 4.83596481953867
0.172699 4.85935322373162
0.172799 4.87525254480921
0.172899 4.89255206085926
0.172999 4.87885422755191
0.173099 4.88909222780415
0.173199 4.87980040741556
0.173299 4.8925947492304
0.173399 4.90612013484462
0.173499 4.92426016686746
0.173598999999999 4.91671827579733
0.173699 4.93190069112812
0.173799 4.91724057881246
0.173899 4.89898540082014
0.173999 4.89743308832753
0.174099 4.90039191876245
0.174198999999999 4.89702378437993
0.174299 4.91265808264892
0.174399 4.91263973026649
0.174499 4.91019690238643
0.174598999999999 4.90281839447194
0.174698999999999 4.93490644544553
0.174799 4.94133035870886
0.174899 4.96171421981107
0.174999 4.95528569165952
0.175098999999999 4.97433472373741
0.175199 4.98664582289159
0.175299 4.95776577171929
0.175399 4.95648133651761
0.175499 4.93964796591034
0.175598999999999 4.95684805841986
0.175699 4.93899805144799
0.175799 4.96350472415208
0.175899 4.95614780614373
0.175999 4.94946057185281
0.176098999999999 4.95821753843741
0.176199 4.98124649826055
0.176299 4.99495039859317
0.176399 4.9920789554908
0.176498999999999 5.0066205622808
0.176599 4.99018090064432
0.176699 4.98505504437376
0.176799 4.9706719375082
0.176899 4.97619381118268
0.176999 4.96497339279251
0.177099 4.96940998272637
0.177199 4.98606435927377
0.177299 4.96925234266458
0.177399 4.96416532177795
0.177498999999999 4.9683559195102
0.177599 4.98459826625546
0.177699 4.9838876912146
0.177799 4.96897911246334
0.177899 4.97199135235732
0.177998999999999 4.95528915038474
0.178099 4.97774538837562
0.178199 4.96977864098455
0.178299 5.00073681606023
0.178399 5.01357573883898
0.178499 5.01328246834865
0.178599 5.02049867648162
0.178699 5.03253785366887
0.178798999999999 5.00853971335176
0.178899 5.00724926036801
0.178999 5.00533057912997
0.179099 5.00877068947378
0.179199 5.01369018867403
0.179298999999999 5.03346360542925
0.179399 5.04504497182675
0.179499 5.05582023186996
0.179599 5.06336778716946
0.179699 5.07490660278497
0.179798999999999 5.08293792643859
0.179899 5.0835560644538
0.179999 5.07140666473877
0.180099 5.10229623483203
0.180199 5.13835869710007
0.180298999999999 5.14521853004957
0.180399 5.13409800300219
0.180499 5.15491942454927
0.180599 5.15046803406338
0.180699 5.14094846636617
0.180798999999999 5.14040697461932
0.180899 5.15269388624711
0.180999 5.14975120210395
0.181099 5.16597193863339
0.181199 5.18321004233869
0.181298999999999 5.1755891095724
0.181399 5.16770136699446
0.181499 5.16074349553079
0.181599 5.18526277948003
0.181698999999999 5.20204889904684
0.181798999999999 5.2184043847946
0.181899 5.20497393885605
0.181999 5.19605600156879
0.182099 5.19968084044682
0.182199 5.21283118404788
0.182299 5.21132759568002
0.182399 5.23637262553996
0.182499 5.22541787890915
0.182599 5.22305634951916
0.182698999999999 5.22163285420848
0.182799 5.22545268826905
0.182899 5.22249721262695
0.182999 5.24487568493561
0.183099 5.21349989751015
0.183198999999999 5.22490506436337
0.183299 5.24507894760408
0.183399 5.24321514764963
0.183499 5.2511100793513
0.183599 5.25161205012051
0.183699 5.23604408513184
0.183799 5.22737495756727
0.183899 5.24016471512246
0.183999 5.25792822955442
0.184099 5.26364820419355
0.184199 5.25379800271338
0.184299 5.23825526468346
0.184399 5.25540979180099
0.184499 5.23171150585623
0.184599 5.24046788213663
0.184699 5.24062116940695
0.184799 5.25627204166899
0.184899 5.28591452217965
0.184998999999999 5.29665701330141
0.185099 5.31351812323568
0.185199 5.31319570452046
0.185299 5.32282173959692
0.185399 5.28387069340454
0.185498999999999 5.3111369134752
0.185598999999999 5.30552148421708
0.185699 5.31402278493082
0.185799 5.32899670059318
0.185899 5.30572591834176
0.185998999999999 5.28177407852031
0.186099 5.29655432256524
0.186199 5.32612651424536
0.186299 5.33349896023762
0.186399 5.3509940348529
0.186498999999999 5.33866025327696
0.186599 5.34724878763525
0.186699 5.34690594498154
0.186799 5.34111012015994
0.186898999999999 5.34981276369286
0.186998999999999 5.37289686923136
0.187099 5.38804710510574
0.187199 5.38061758236844
0.187299 5.35438123998859
0.187399 5.36136471669321
0.187498999999999 5.36649816163207
0.187599 5.40226974324501
0.187699 5.41496344222369
0.187799 5.41268142066625
0.187898999999999 5.39929618305763
0.187999 5.42870307810251
0.188099 5.44396086325638
0.188199 5.4607774205667
0.188299 5.45913262219765
0.188398999999999 5.46774346191015
0.188499 5.42833754008452
0.188599 5.4244046444968
0.188699 5.43800173829445
0.188799 5.47332176683802
0.188898999999999 5.46202567077781
0.188999 5.46075029697099
0.189099 5.48343825681482
0.189199 5.4798299800003
0.189299 5.48275246776058
0.189399 5.47973751534952
0.189499 5.49393526673124
0.189599 5.50404775773365
0.189699 5.4781786173549
0.189798999999999 5.48206187338785
0.189899 5.48474245499394
0.189999 5.47740843186296
0.190099 5.49461693808406
0.190199 5.50012638033231
0.190299 5.49806510868786
0.190399 5.508070829758
0.190499 5.50775851906963
0.190599 5.53459126612705
0.190699 5.51648775334882
0.190798999999999 5.52563983737008
0.190899 5.54738919507678
0.190999 5.5653167902869
0.191098999999999 5.58612844064927
0.191199 5.58322567817885
0.191298999999999 5.58686755268435
0.191399 5.58995134658471
0.191499 5.59600440120964
0.191599 5.64178830320685
0.191699 5.6327317533745
0.191799 5.63504510238535
0.191899 5.62811938113317
0.191999 5.65436156774311
0.192098999999999 5.65439682296035
0.192199 5.62256419067223
0.192299 5.62410562738557
0.192399 5.61263699575685
0.192499 5.61014737430018
0.192598999999999 5.61491653890086
0.192699 5.6133630663761
0.192799 5.61445821973692
0.192899 5.60885121660567
0.192999 5.6024624472797
0.193098999999999 5.60956401998116
0.193199 5.62812300873883
0.193299 5.61903616113457
0.193399 5.59043352651369
0.193499 5.60174878402157
0.193598999999999 5.58789724250378
0.193699 5.61766707188975
0.193799 5.61904875329602
0.193899 5.61475215000481
0.193999 5.60919086026381
0.194098999999999 5.60399015782717
0.194199 5.60105549371459
0.194299 5.5993860530675
0.194399 5.61598885732128
0.194499 5.58447144779962
0.194598999999999 5.57228484925113
0.194699 5.57301009059498
0.194799 5.56631414307563
0.194899 5.54914057033782
0.194998999999999 5.54035455533098
0.195099 5.52434762183532
0.195199 5.52855845227635
0.195299 5.52501367216725
0.195399 5.52734614278016
0.195499 5.51145564925849
0.195599 5.50218027408163
0.195699 5.50981805789201
0.195799 5.49555282225301
0.195899 5.52122948793124
0.195998999999999 5.50719422943864
0.196099 5.5154469355324
0.196199 5.50778482201046
0.196298999999999 5.51790622502952
0.196399 5.52257186043784
0.196499 5.51333126590739
0.196599 5.51835036712358
0.196699 5.51329882347122
0.196799 5.50950028307298
0.196899 5.51569854224894
0.196999 5.50548981002838
0.197099 5.50178907605553
0.197199 5.49281817546098
0.197298999999999 5.47892866048899
0.197399 5.46563441374626
0.197499 5.42928540949171
0.197599 5.42483742853993
0.197699 5.43290805435361
0.197798999999999 5.44236959152346
0.197898999999999 5.48610606000871
0.197999 5.47098451818928
0.198099 5.47561521536436
0.198199 5.46574573354379
0.198298999999999 5.46031408495375
0.198399 5.45771634773521
0.198499 5.44172844688038
0.198599 5.43164182836724
0.198699 5.43236850881812
0.198798999999999 5.46454460661464
0.198899 5.44989540723668
0.198999 5.44977524596588
0.199099 5.44028925520032
0.199198999999999 5.42781973563404
0.199298999999999 5.42857169867684
0.199399 5.42530292443243
0.199499 5.40788301500068
0.199599 5.4021850208808
0.199699 5.40487538491838
0.199799 5.4205426668317
0.199899 5.4036037015461
0.199999 5.38121559349734
0.200099 5.36224061735273
0.200198999999999 5.3579601953041
0.200299 5.35169833334073
0.200399 5.3386912138327
0.200499 5.30513435058709
0.200599 5.30118273316121
0.200698999999999 5.28985245727095
0.200799 5.27483910335398
0.200899 5.28477297974731
0.200999 5.25174218953152
0.201099 5.2256659551014
0.201198999999999 5.23368757948331
0.201299 5.23164036377968
0.201399 5.20260882399444
0.201499 5.19991148387132
0.201599 5.20460847584584
0.201698999999999 5.21851201899476
0.201799 5.21741641440251
0.201899 5.21072221372755
0.201999 5.20384640963457
0.202099 5.19509685639416
0.202198999999999 5.18051119264601
0.202299 5.19993899909904
0.202399 5.18717509995876
0.202499 5.18336647908792
0.202599 5.17105669564123
0.202699 5.17012435642194
0.202799 5.16207257882643
0.202899 5.15750848837604
0.202999 5.15826381270599
0.203098999999999 5.1571907898971
0.203199 5.17201742698785
0.203299 5.15999421560789
0.203398999999999 5.16263826462676
0.203499 5.16803014271403
0.203599 5.17267499580406
0.203699 5.15893048739702
0.203799 5.16523283102199
0.203899 5.17356164923362
0.203999 5.1974043505481
0.204099 5.20614805839001
0.204199 5.22200911134985
0.204299 5.23519870556588
0.204398999999999 5.22082889388704
0.204499 5.22041087994811
0.204599 5.20185755727383
0.204699 5.20290358113339
0.204799 5.20379042872497
0.204899 5.19851884800843
0.204999 5.18398692383926
0.205099 5.18866978688085
0.205199 5.17841457373565
0.205299 5.18325696473149
0.205398999999999 5.19491434352403
0.205499 5.1889139159005
0.205599 5.19529975056618
0.205699 5.21054974293932
0.205799 5.22050535423608
0.205898999999999 5.22073506553993
0.205998999999999 5.22976809570231
0.206099 5.22282436690073
0.206199 5.21595081764843
0.206299 5.21874937784341
0.206398999999999 5.22247108083408
0.206499 5.19666733587621
0.206599 5.18349549458439
0.206699 5.16718152806736
0.206799 5.17785128214684
0.206898999999999 5.15227381841793
0.206999 5.16468363207196
0.207099 5.15125363015513
0.207199 5.16243496540007
0.207299 5.17454661569007
0.207399 5.18131713766494
0.207499 5.1754146272047
0.207599 5.15815092870532
0.207699 5.16816865066248
0.207799 5.17804555645954
0.207899 5.17931378590462
0.207999 5.20569636505832
0.208099 5.21061435766469
0.208199 5.20513086297645
0.208298999999999 5.21524022410479
0.208399 5.19783402855076
0.208499 5.21261828714722
0.208599 5.23900757748855
0.208699 5.24517330740485
0.208799 5.25157274431573
0.208899 5.26474189912521
0.208999 5.26952349692183
0.209099 5.27420954513242
0.209199 5.27804406257332
0.209299 5.27449627410654
0.209399 5.27672879898008
0.209499 5.2715017594536
0.209598999999999 5.27050970060158
0.209699 5.26660973531653
0.209799 5.27194862851069
0.209899 5.29900479442324
0.209999 5.32859094196276
0.210098999999999 5.32191414304429
0.210199 5.31343749075802
0.210299 5.32184750876796
0.210399 5.3270952849463
0.210499 5.3104783860785
0.210598999999999 5.32439202074637
0.210699 5.33048534835335
0.210799 5.3254911921418
0.210899 5.34176334809722
0.210999 5.33968481881286
0.211098999999999 5.3578067349768
0.211198999999999 5.34437863695538
0.211299 5.35250703393342
0.211399 5.34132188757146
0.211499 5.3494443777195
0.211598999999999 5.35833801701571
0.211699 5.36024725604746
0.211799 5.38444819147945
0.211899 5.38717373200649
0.211999 5.41287779640343
0.212098999999999 5.40594526125689
0.212199 5.40197348460597
0.212299 5.39792364465535
0.212399 5.39783583847141
0.212498999999999 5.37836331452588
0.212598999999999 5.37170098218945
0.212699 5.38892431326008
0.212799 5.36868422032301
0.212899 5.36712609071678
0.212998999999999 5.34915929968822
0.213099 5.36960070509605
0.213199 5.38396221553321
0.213299 5.37830325275368
0.213399 5.38351794325185
0.213498999999999 5.37291247085614
0.213599 5.37807793004947
0.213699 5.39832225867851
0.213799 5.38264560937097
0.213899 5.39243763982666
0.213998999999999 5.39957783972824
0.214099 5.37911645963985
0.214199 5.41448246978609
0.214299 5.38213541119505
0.214399 5.3835418596718
0.214498999999999 5.36487295478879
0.214599 5.38236041753962
0.214699 5.38403389340802
0.214799 5.36428704065247
0.214899 5.39945609645063
0.214998999999999 5.38295590540428
0.215099 5.39510061337313
0.215199 5.39561831358569
0.215299 5.38858060057535
0.215399 5.41306185351615
0.215499 5.42135601218743
0.215599 5.42849829187352
0.215699 5.43451889399913
0.215799 5.4621885269004
0.215899 5.46111230923819
0.215999 5.45412084395928
0.216099 5.47272616200132
0.216199 5.46459912650885
0.216299 5.48540112932347
0.216398999999999 5.48171083203823
0.216499 5.47022333448546
0.216599 5.47251972222929
0.216699 5.47345647578578
0.216799 5.49374848340817
0.216899 5.49682014014246
0.216999 5.47709144466912
0.217099 5.47688144877704
0.217199 5.46923667925628
0.217298999999999 5.46174568386987
0.217399 5.45624641223149
0.217499 5.4517548933478
0.217599 5.44604215959763
0.217698999999999 5.44273959364903
0.217798999999999 5.44834185461351
0.217899 5.45833409644389
0.217999 5.46279345660424
0.218099 5.46330793749094
0.218198999999999 5.47962423188354
0.218299 5.46572198213538
0.218399 5.4560482776932
0.218499 5.46706195075987
0.218599 5.45736601663717
0.218698999999999 5.46686348294768
0.218799 5.44806472668793
0.218899 5.43434586657004
0.218999 5.43568737667386
0.219099 5.46064596084508
0.219198999999999 5.41817467012173
0.219299 5.39538214135468
0.219399 5.37210068344018
0.219499 5.37658211596873
0.219599 5.38697899742904
0.219699 5.36508742492087
0.219799 5.38509779358961
0.219899 5.38213007461449
0.219999 5.38102226634399
0.220099 5.38349948960458
0.220199 5.39270994956262
0.220299 5.40292718838694
0.220399 5.38948585050506
0.220499 5.37699151097472
0.220598999999999 5.37316321175605
0.220699 5.37350626627541
0.220799 5.39395966846365
0.220899 5.38483322559462
0.220999 5.39226359046421
0.221098999999999 5.38703882941095
0.221199 5.39402362414516
0.221299 5.40302995359287
0.221399 5.42324128292949
0.221499 5.43218098068841
0.221598999999999 5.42333447133188
0.221699 5.4326503475346
0.221799 5.45263493571231
0.221898999999999 5.44730209581056
0.221999 5.4398282046563
0.222098999999999 5.43951263006265
0.222199 5.42635772293877
0.222299 5.42219920657336
0.222399 5.3977986573902
0.222499 5.41502568679384
0.222599 5.3789871053809
0.222699 5.3846214017125
0.222799 5.38271381616472
0.222898999999999 5.38203168130222
0.222999 5.37085380535849
0.223099 5.37815851793101
0.223199 5.36948645439203
0.223299 5.37739726171647
0.223398999999999 5.37944060013306
0.223499 5.35781260366661
0.223599 5.36853355337736
0.223699 5.37235568769917
0.223799 5.37506968593196
0.223898999999999 5.37181577573733
0.223999 5.36279401768326
0.224099 5.36153924578481
0.224199 5.37904830833348
0.224299 5.39099908106496
0.224398999999999 5.4073081584623
0.224499 5.4313442411278
0.224599 5.39888064399751
0.224699 5.40585055237068
0.224799 5.35275885945744
0.224898999999999 5.36849935873874
0.224999 5.35974863993237
0.225099 5.35582778354799
0.225199 5.35292701453675
0.225299 5.37476000015403
0.225398999999999 5.36423388582514
0.225499 5.38012298711121
0.225599 5.38132762819695
0.225699 5.40930957495866
0.225798999999999 5.38538203367226
0.225898999999999 5.3833958387525
0.225999 5.38893822484962
0.226099 5.37972197921793
0.226199 5.38119364814963
0.226298999999999 5.39386981368795
0.226399 5.40130564031791
0.226499 5.39768115748619
0.226599 5.3846586475492
0.226699 5.39425366206323
0.226798999999999 5.38652537697532
0.226899 5.37711224590152
0.226999 5.38957949942541
0.227099 5.38279977473889
0.227199 5.38968902613749
0.227298999999999 5.41299199439186
0.227399 5.40777782115633
0.227499 5.40774644909484
0.227599 5.41583732354687
0.227699 5.42248255241012
0.227799 5.44543692704537
0.227899 5.43614647607943
0.227999 5.45465988034408
0.228099 5.44600592612351
0.228199 5.45554469513807
0.228299 5.46458400288033
0.228399 5.47580007309553
0.228499 5.4709674277581
0.228598999999999 5.49456156392444
0.228699 5.49583088970849
0.228799 5.51430700630837
0.228899 5.49941355216778
0.228999 5.50492500458788
0.229098999999999 5.50336536044283
0.229199 5.49979208204478
0.229299 5.48374381753153
0.229399 5.51253108010583
0.229499 5.50162593130252
0.229598999999999 5.51181223293345
0.229699 5.52295563915045
0.229799 5.53664380995889
0.229899 5.52852175294064
0.229998999999999 5.53197871373695
0.230098999999999 5.50609701319965
0.230199 5.49394779981158
0.230299 5.50729549200962
0.230399 5.50889911110786
0.230499 5.49232476741838
0.230598999999999 5.48792499576604
0.230699 5.49285920010678
0.230799 5.48906144061344
0.230899 5.48539008205443
0.230998999999999 5.48085634214736
0.231098999999999 5.48273656683714
0.231199 5.47725534777842
0.231299 5.4631882657724
0.231399 5.45076508420767
0.231498999999999 5.4681478972683
0.231599 5.47329751357135
0.231699 5.46716823128544
0.231799 5.47215012012549
0.231899 5.47643733193077
0.231998999999999 5.48019025816367
0.232099 5.47507350246821
0.232199 5.46505525951173
0.232299 5.47407157065469
0.232399 5.47079234916619
0.232498999999999 5.46750424430578
0.232599 5.46918087266633
0.232699 5.47614785888683
0.232799 5.49535628125349
0.232898999999999 5.47187620619837
0.232999 5.45674325555831
0.233099 5.45266146524577
0.233199 5.45133163093464
0.233299 5.46867314991777
0.233399 5.46105145151291
0.233499 5.45960078910717
0.233599 5.47384837088346
0.233699 5.47442632843438
0.233799 5.47289294441402
0.233898999999999 5.47871560355227
0.233999 5.47216340181458
0.234099 5.49473242796924
0.234198999999999 5.49502169308302
0.234299 5.51849176482577
0.234398999999999 5.51330214038351
0.234499 5.52465691498914
0.234599 5.5146991162912
0.234699 5.52295963484094
0.234799 5.51567082037825
0.234898999999999 5.52552288261628
0.234999 5.502328431651
0.235099 5.46956802966904
0.235198999999999 5.48728550939409
0.235299 5.50066960800835
0.235399 5.480322206548
0.235499 5.48163121208534
0.235599 5.48298485672348
0.235698999999999 5.45648767812139
0.235799 5.45264187004596
0.235899 5.47425887623258
0.235999 5.49369624237145
0.236099 5.46698219821726
0.236198999999999 5.47631667909751
0.236299 5.47512212024045
0.236399 5.45745485518749
0.236499 5.42658075023522
0.236599 5.43962978672034
0.236698999999999 5.44360089390819
0.236799 5.44574381147865
0.236899 5.45656271773339
0.236999 5.47329365750489
0.237099 5.46883819016315
0.237198999999999 5.46332049650388
0.237299 5.45526361735357
0.237399 5.46611170157338
0.237499 5.47204209817412
0.237599 5.48326177312849
0.237698999999999 5.49956699205383
0.237799 5.4966630371192
0.237899 5.48427702606503
0.237999 5.4712156517503
0.238098999999999 5.45427723136736
0.238198999999999 5.4830327826378
0.238299 5.48195977064209
0.238399 5.47147331044875
0.238499 5.45175267422537
0.238599 5.43782279040287
0.238698999999999 5.45648417721778
0.238799 5.45446087060487
0.238899 5.45755794910741
0.238999 5.44559101010061
0.239098999999999 5.43716447747899
0.239199 5.43598568591606
0.239299 5.44522622747424
0.239398999999999 5.44808261198757
0.239499 5.43508614310673
0.239599 5.41900468952912
0.239699 5.41514259455682
0.239799 5.46146829164272
0.239899 5.45861605848358
0.239999 5.45803370638221
0.240099 5.44218807366215
0.240199 5.45957962499581
0.240299 5.4632827957466
0.240398999999999 5.4649796004208
0.240499 5.46184959278643
0.240599 5.43915528905454
0.240699 5.43304505018703
0.240799 5.44054062124554
0.240898999999999 5.45503272941968
0.240998999999999 5.44032283734938
0.241099 5.45650593798625
0.241199 5.43770143745691
0.241299 5.41890940808134
0.241398999999999 5.43405288678388
0.241499 5.43343981930923
0.241599 5.41412493764189
0.241699 5.42605937330367
0.241799 5.41591522701793
0.241898999999999 5.42059640508884
0.241999 5.42341356986178
0.242099 5.4225157608779
0.242199 5.41890210716794
0.242298999999999 5.42522993125323
0.242398999999999 5.42899889050837
0.242499 5.41604964414818
0.242599 5.40892525082953
0.242699 5.41447846168384
0.242799 5.41126811584874
0.242898999999999 5.40108554093853
0.242999 5.39721971475005
0.243099 5.39367832667576
0.243199 5.40129961883243
0.243298999999999 5.39161291770087
0.243398999999999 5.39713213442755
0.243499 5.39539596723951
0.243599 5.41162384443018
0.243699 5.39661442739095
0.243798999999999 5.3592209074743
0.243899 5.35698912182671
0.243999 5.34634260032107
0.244099 5.3541485609319
0.244199 5.32602579058735
0.244298999999999 5.3167961655863
0.244399 5.32464923407042
0.244499 5.33141755784469
0.244599 5.32555904005008
0.244699 5.32489935781605
0.244798999999999 5.34928812384758
0.244899 5.34700168181088
0.244999 5.34575362597168
0.245099 5.32441706049276
0.245199 5.32422778609938
0.245298999999999 5.32966411837334
0.245399 5.35932680281415
0.245499 5.32570781541611
0.245599 5.32678513767968
0.245699 5.29307714263677
0.245798999999999 5.29689408971583
0.245899 5.29454650425379
0.245999 5.29519391297858
0.246099 5.28486034496344
0.246198999999999 5.25561459045581
0.246299 5.26897962534186
0.246399 5.27934121905456
0.246499 5.25362378683154
0.246599 5.27375145740012
0.246699 5.28267396125849
0.246799 5.2867777512138
0.246899 5.26328340369908
0.246999 5.26825565221886
0.247099 5.26757203612756
0.247198999999999 5.27112995921196
0.247299 5.26687024091289
0.247399 5.26129566718974
0.247498999999999 5.26848125690929
0.247599 5.28890321994873
0.247699 5.27398234686548
0.247799 5.28954022854249
0.247899 5.29502710840606
0.247998999999999 5.29307226194549
0.248099 5.2938959771127
0.248199 5.27834358682582
0.248299 5.28394178844455
0.248399 5.27249731385964
0.248498999999999 5.25212871389085
0.248599 5.2523061424441
0.248699 5.25179371454859
0.248799 5.23589490208077
0.248899 5.23290489964225
0.248998999999999 5.2318891346773
0.249098999999999 5.24443059837159
0.249199 5.2240250801918
0.249299 5.21586013061051
0.249399 5.21559807707594
0.249498999999999 5.20193766911132
0.249599 5.21805621360907
0.249699 5.20472737213322
0.249799 5.23230806759848
0.249899 5.20682939529723
0.249998999999999 5.18784834187328
0.250099 5.19894115803743
0.250199 5.18085528750211
0.250299 5.16112185256097
0.250398999999999 5.14042334306825
0.250498999999999 5.1546130893386
0.250599 5.15736260868137
0.250699 5.17388014099267
0.250799 5.16659195493102
0.250899 5.16574613611103
0.250999 5.18023191664549
0.251099 5.17466764289679
0.251199 5.1823708374436
0.251299 5.17957940497
0.251398999999999 5.18839422766532
0.251499 5.20562563637449
0.251599 5.21659051064439
0.251699 5.24273173080129
0.251799 5.24242318559221
0.251898999999999 5.22222776799035
0.251999 5.20783605206413
0.252099 5.22120944830434
0.252199 5.22470284709391
0.252299 5.26827337785505
0.252398999999999 5.2805232964399
0.252499 5.2991039191085
0.252599 5.27693659298147
0.252698999999999 5.28185466556406
0.252799 5.30782364511669
0.252898999999999 5.31479460101604
0.252999 5.30311652846302
0.253099 5.29362211272353
0.253198999999999 5.30977947331334
0.253299 5.3127909437676
0.253399 5.31986640714951
0.253499 5.34551311755402
0.253599 5.34510597040046
0.253698999999999 5.35487025143272
0.253799 5.34280757514377
0.253899 5.3385124048381
0.253999 5.33053677122533
0.254099 5.32379911974294
0.254198999999999 5.30844327248979
0.254298999999999 5.30991475486995
0.254399 5.29917010465156
0.254499 5.30215908188285
0.254599 5.31041410355411
0.254698999999999 5.29117302432599
0.254799 5.29334942007761
0.254899 5.31640155074053
0.254999 5.32345696087475
0.255099 5.319403606685
0.255198999999999 5.34026928771533
0.255298999999999 5.32007698960279
0.255399 5.31521599660373
0.255499 5.3002657920759
0.255599 5.31817804406971
0.255698999999999 5.31180718279338
0.255799 5.29269073421466
0.255899 5.32084954255845
0.255999 5.31006540364292
0.256099 5.29922099117078
0.256198999999999 5.30043370045582
0.256299 5.27027940838413
0.256399 5.26688890576786
0.256499 5.2548498755162
0.256598999999999 5.24996388776014
0.256699 5.26815362749038
0.256799 5.24659826638174
0.256899 5.25188415398607
0.256999 5.25139415794003
0.257098999999999 5.27945426602811
0.257199 5.27964344267818
0.257299 5.24695694460517
0.257399 5.26306047615889
0.257499 5.28273010989643
0.257598999999999 5.29149952750727
0.257699 5.31391143840165
0.257799 5.33464778112484
0.257899 5.35010230992501
0.257999 5.3404366188189
0.258098999999999 5.32906513764001
0.258199 5.3312778442529
0.258299 5.33052901754838
0.258399 5.33206120611323
0.258498999999999 5.32476758479263
0.258598999999999 5.31501011456232
0.258699 5.33533609250164
0.258799 5.34640673526017
0.258899 5.33833463028018
0.258999 5.34636795102863
0.259099 5.36908591916487
0.259199 5.36371424537545
0.259299 5.37193303345425
0.259399 5.37298010673994
0.259498999999999 5.39260929548666
0.259599 5.40484761517535
0.259699 5.41058846089605
0.259799 5.38688214891686
0.259899 5.40077436353983
0.259998999999999 5.39598386918422
0.260099 5.39449688490958
0.260199 5.39519328098677
0.260299 5.4077776820003
0.260399 5.37352074531584
0.260498999999999 5.37342283223889
0.260599 5.36115068228507
0.260699 5.36752070132213
0.260798999999999 5.35805846014645
0.260898999999999 5.37042422663711
0.260999 5.37522917503765
0.261099 5.37714354200719
0.261199 5.37378506938264
0.261298999999999 5.3518925638624
0.261398999999999 5.36231519457328
0.261499 5.38669051814011
0.261599 5.37807602780082
0.261699 5.37654385241308
0.261798999999999 5.36806464806807
0.261898999999999 5.36775745714807
0.261999 5.37207617831423
0.262099 5.37845684610844
0.262199 5.37694897732264
0.262298999999999 5.36827347029485
0.262399 5.37239555483897
0.262499 5.36085037863899
0.262599 5.38446996448092
0.262699 5.3629926778355
0.262798999999999 5.36757394857512
0.262899 5.37771844766169
0.262999 5.36967584175125
0.263099 5.36559766256638
0.263199 5.39107014914242
0.263299 5.38808476499864
0.263399 5.39150786653346
0.263499 5.3961257433064
0.263599 5.37654830487302
0.263699 5.38721434589594
0.263799 5.39363813968632
0.263899 5.40110511757773
0.263999 5.41220790934583
0.264099 5.42698621561309
0.264199 5.43512389119316
0.264299 5.46046004028487
0.264399 5.46935318087826
0.264499 5.47229828846678
0.264599 5.43635568354295
0.264698999999999 5.40353370115422
0.264799 5.40488726292703
0.264899 5.42732011509104
0.264998999999999 5.39785248937491
0.265099 5.38993293097983
0.265198999999999 5.39753883785635
0.265299 5.4167274589502
0.265399 5.40646905987914
0.265498999999999 5.41792491187417
0.265599 5.40640550111471
0.265699 5.4258376816766
0.265799 5.43860462174231
0.265899 5.44662016074302
0.265998999999999 5.44514591565251
0.266099 5.42673199676822
0.266199 5.42767133307869
0.266299 5.44634411253997
0.266399 5.46001795906698
0.266498999999999 5.45851672275723
0.266598999999999 5.46532208115581
0.266699 5.45981787696516
0.266799 5.45679038927032
0.266899 5.4511762840147
0.266998999999999 5.44066458353327
0.267098999999999 5.46970876262011
0.267199 5.47298542400411
0.267299 5.46527383510505
0.267399 5.46490132416378
0.267498999999999 5.44503715683307
0.267598999999999 5.45842283512415
0.267699 5.45442132441333
0.267799 5.44385363505268
0.267899 5.44537592592737
0.267998999999999 5.45038228505956
0.268099 5.43779284599193
0.268199 5.44790560165019
0.268299 5.44381655459507
0.268399 5.42499402417931
0.268498999999999 5.4167279089065
0.268599 5.42088871572017
0.268699 5.42972797109555
0.268799 5.43051899177876
0.268898999999999 5.4193784779231
0.268998999999999 5.42551635803094
0.269099 5.41734550643367
0.269199 5.42862226188807
0.269299 5.41007980758862
0.269398999999999 5.42029618872546
0.269498999999999 5.42373105696988
0.269599 5.45254555914695
0.269699 5.45852159389546
0.269799 5.47977096375295
0.269898999999999 5.47837294905364
0.269998999999999 5.472204850897
0.270099 5.49156649863388
0.270199 5.4934726890745
0.270299 5.4698129879091
0.270398999999999 5.43743509511441
0.270499 5.43593069608145
0.270599 5.41560673965348
0.270699 5.43777094355873
0.270799 5.42106592208484
0.270898999999999 5.42110885234465
0.270999 5.41319635591637
0.271099 5.39508038779953
0.271199 5.39318094448074
0.271299 5.37247042106619
0.271399 5.39010215602759
0.271499 5.38817048025252
0.271599 5.40324668419035
0.271698999999999 5.41163297488721
0.271799 5.39434920985289
0.271899 5.38500527208515
0.271999 5.38250531152998
0.272099 5.38512777506815
0.272198999999999 5.38252581408815
0.272299 5.38291667876489
0.272399 5.39757863308726
0.272499 5.39858301604497
0.272599 5.40439462075998
0.272698999999999 5.42428811092059
0.272799 5.42537852565693
0.272899 5.41309585667366
0.272999 5.45427685156872
0.273098999999999 5.44614486427511
0.273198999999999 5.42473636522302
0.273299 5.44223401110799
0.273399 5.46263350410611
0.273499 5.47974075284238
0.273598999999999 5.47490413565019
0.273698999999999 5.48815171851078
0.273799 5.52429650210242
0.273899 5.52669094943819
0.273999 5.55448821482582
0.274098999999999 5.55416452696324
0.274198999999999 5.56403662246358
0.274299 5.55549720038453
0.274399 5.55496685132752
0.274499 5.54281056896364
0.274598999999999 5.54263555365468
0.274699 5.52637686797535
0.274799 5.52494087249376
0.274899 5.54065049818103
0.274999 5.57011016273554
0.275098999999999 5.5412077672045
0.275199 5.50583811199929
0.275299 5.54909884103245
0.275399 5.5832447780937
0.275499 5.57712434424295
0.275598999999999 5.57842187114753
0.275699 5.5677410126988
0.275799 5.57274762491673
0.275899 5.58424932605748
0.275999 5.61561123411499
0.276098999999999 5.64032185404836
0.276199 5.64777247008232
0.276299 5.6396742667797
0.276399 5.65667350735247
0.276499 5.63025143576434
0.276598999999999 5.638321562414
0.276699 5.63147878742678
0.276799 5.61674558172934
0.276899 5.62126195118776
0.276998999999999 5.6086524827986
0.277099 5.59838722863551
0.277199 5.59796657772702
0.277299 5.61352753368003
0.277399 5.61461647247791
0.277498999999999 5.59211865504547
0.277599 5.5997639099554
0.277699 5.62230794038349
0.277799 5.6224777196246
0.277899 5.61676391728905
0.277998999999999 5.62097843297575
0.278099 5.62923062686133
0.278199 5.65405345541233
0.278298999999999 5.64509780091744
0.278399 5.63235412263262
0.278498999999999 5.64670415173089
0.278599 5.64913091872448
0.278699 5.63677237747605
0.278799 5.63922958089619
0.278899 5.6349532335785
0.278998999999999 5.62463695544462
0.279099 5.61629447918287
0.279199 5.63049612687391
0.279298999999999 5.59791683130508
0.279399 5.61115573762577
0.279498999999999 5.63810668664087
0.279599 5.6446047245078
0.279699 5.6648625411491
0.279798999999999 5.67107295125016
0.279899 5.67528201960281
0.279999 5.67669066853649
0.280099 5.69848335361379
0.280198999999999 5.70312627734956
0.280298999999999 5.7145078012777
0.280399 5.71721358158938
0.280499 5.70384024281791
0.280599 5.68332719473543
0.280699 5.68240195147932
0.280798999999999 5.68651240433719
0.280899 5.69655706776199
0.280999 5.67766439809735
0.281099 5.68425025236451
0.281198999999999 5.67762155652245
0.281298999999999 5.69926666190435
0.281399 5.72575632916587
0.281499 5.72050212443718
0.281599 5.73310927120728
0.281698999999999 5.7053000074661
0.281798999999999 5.72520622917961
0.281899 5.70468715013751
0.281999 5.70413846784958
0.282099 5.71997007387898
0.282198999999999 5.69836507348922
0.282298999999999 5.71683636486057
0.282399 5.71481100911152
0.282499 5.69821230261883
0.282599 5.70284696285267
0.282698999999999 5.69295897380315
0.282799 5.68608309178755
0.282899 5.6699918838919
0.282998999999999 5.6476562426788
0.283099 5.63859557067536
0.283198999999999 5.64532012605355
0.283299 5.66935662105249
0.283399 5.6736862772248
0.283498999999999 5.66866338540011
0.283599 5.66084455434617
0.283698999999999 5.67550912764631
0.283799 5.70288403392157
0.283899 5.7116690082303
0.283998999999999 5.70610911748798
0.284099 5.70088933602246
0.284199 5.72376176802918
0.284299 5.70019698591538
0.284399 5.68824907419887
0.284498999999999 5.68842546431551
0.284599 5.71419911837053
0.284699 5.71833226431536
0.284799 5.7260748687648
0.284899 5.69730283879439
0.284998999999999 5.69487234735265
0.285098999999999 5.69617885794663
0.285199 5.69357560181657
0.285299 5.68468139633772
0.285399 5.70095591070729
0.285498999999999 5.72061448906497
0.285598999999999 5.70182289484486
0.285699 5.71108826606819
0.285799 5.69826664424068
0.285899 5.69992136197918
0.285998999999999 5.70242617786222
0.286098999999999 5.69441355308834
0.286199 5.69102800015564
0.286299 5.67067633463963
0.286398999999999 5.67747994355746
0.286498999999999 5.68407532574707
0.286599 5.67831322079152
0.286699 5.67176074565608
0.286799 5.6991422126629
0.286899 5.70468616085144
0.286999 5.69424301897303
0.287099 5.70461455719086
0.287199 5.68996908602428
0.287299 5.68041027620934
0.287398999999999 5.69821351065793
0.287499 5.69209587157142
0.287599 5.68600790587821
0.287699 5.7023524576482
0.287799 5.71386840728165
0.287898999999999 5.71696438140291
0.287999 5.73379353769402
0.288099 5.74459400986383
0.288199 5.75993103936007
0.288299 5.74057097872831
0.288398999999999 5.74130487898453
0.288499 5.74788510054322
0.288599 5.71600169297204
0.288699 5.71024570547832
0.288799 5.70009488934116
0.288898999999999 5.69620566285755
0.288999 5.69890530383906
0.289099 5.70175569993057
0.289199 5.67709418064635
0.289298999999999 5.69425970683461
0.289399 5.69093506115589
0.289499 5.68374950909143
0.289599 5.69062130820563
0.289699 5.67294079759013
0.289798999999999 5.67637009011934
0.289899 5.6758701881405
0.289999 5.68652067057431
0.290099 5.65415991165134
0.290199 5.64616034665473
0.290298999999999 5.64919211701961
0.290399 5.65262053968836
0.290499 5.63631229114241
0.290598999999999 5.62553270968074
0.290699 5.62469523191814
0.290798999999999 5.60793671688246
0.290899 5.5905797136183
0.290999 5.59818492010179
0.291098999999999 5.5756594017421
0.291199 5.55704681169863
0.291298999999999 5.57078463970005
0.291399 5.54855336811481
0.291499 5.55159655353099
0.291598999999999 5.54838782760619
0.291699 5.56324253578868
0.291798999999999 5.55267706810739
0.291899 5.5531180495326
0.291999 5.53970705816506
0.292098999999999 5.55705500428404
0.292199 5.54525256776883
0.292299 5.53969801815661
0.292399 5.52753297933616
0.292499 5.5103409448752
0.292598999999999 5.52190997663199
0.292699 5.51216979821783
0.292799 5.49612109836856
0.292899 5.48173447126075
0.292999 5.47395347691858
0.293098999999999 5.44864828313937
0.293198999999999 5.44262044701648
0.293299 5.43268424073079
0.293399 5.41137023103883
0.293499 5.40436032531765
0.293598999999999 5.41449055301717
0.293699 5.41675785865207
0.293799 5.43871174966598
0.293899 5.43441859531039
0.293999 5.41817691813035
0.294098999999999 5.40763615538934
0.294199 5.39125471575291
0.294299 5.37926759352585
0.294399 5.37680236863087
0.294498999999999 5.38730370638944
0.294599 5.38125928010302
0.294699 5.35207528650282
0.294798999999999 5.36496172588827
0.294899 5.37665904068256
0.294998999999999 5.36129468209499
0.295099 5.3562189668011
0.295199 5.3677543179982
0.295298999999999 5.35974228963603
0.295399 5.35374194653145
0.295498999999999 5.33623884413208
0.295599 5.3235071484944
0.295699 5.29191786776978
0.295798999999999 5.28084347761445
0.295899 5.26476613846136
0.295998999999999 5.28832715514216
0.296099 5.24949487928376
0.296199 5.24262208473296
0.296298999999999 5.23719066089978
0.296399 5.24781337266948
0.296499 5.25369247244564
0.296599 5.26582929049718
0.296699 5.26176028526206
0.296798999999999 5.25813696026576
0.296899 5.24068651919209
0.296999 5.25819872174224
0.297099 5.25432697674627
0.297199 5.23465453553422
0.297298999999999 5.25465676862941
0.297399 5.23612915428806
0.297499 5.25113770055277
0.297599 5.26307270430868
0.297699 5.2704292201154
0.297798999999999 5.28399911138552
0.297899 5.28670544917224
0.297999 5.28141852695994
0.298099 5.26802716179006
0.298199 5.27363619193995
0.298298999999999 5.27183196069306
0.298398999999999 5.28376619699263
0.298499 5.30486961140168
0.298599 5.30217798593853
0.298698999999999 5.32204895089919
0.298798999999999 5.33882543216624
0.298899 5.34559631417812
0.298999 5.33726482290356
0.299099 5.33119123446921
0.299198999999999 5.34683824118401
0.299298999999999 5.36935995519896
0.299399 5.35796515732396
0.299499 5.35388387357536
0.299599 5.35784179608736
0.299698999999999 5.37368352431459
0.299798999999999 5.37247977426681
0.299899 5.35656238422584
0.299999 5.37769899280625
0.300099 5.37968515367338
0.300198999999999 5.37479210073795
0.300298999999999 5.38219641554681
0.300399 5.38253490114366
0.300499 5.38715255135421
0.300599 5.40243671662173
0.300698999999999 5.42368590535574
0.300798999999999 5.39788990184118
0.300899 5.42207364265934
0.300999 5.45557176994656
0.301099 5.47332389705001
0.301198999999999 5.46130798123973
0.301299 5.47437870142737
0.301399 5.46894416138039
0.301499 5.46562598858322
0.301599 5.44373511957405
0.301698999999999 5.47102901742905
0.301799 5.46686281894166
0.301899 5.4562765459232
0.301999 5.45348122755119
0.302099 5.4486245789506
0.302198999999999 5.43889025130244
0.302299 5.42494255886232
0.302399 5.44182546406282
0.302499 5.43152002975389
0.302598999999999 5.42987226738284
0.302698999999999 5.40940885860983
0.302799 5.42345786998303
0.302898999999999 5.42842316791326
0.302999 5.42693568490284
0.303098999999999 5.43628779261873
0.303198999999999 5.44022095838984
0.303299 5.42760424713632
0.303398999999999 5.43274152099279
0.303499 5.42067398310544
0.303598999999999 5.43664647206397
0.303699 5.45017408242869
0.303799 5.44152732311446
0.303898999999999 5.43617273391943
0.303999 5.45037939805635
0.304098999999999 5.48046348608933
0.304199 5.4737220533703
0.304299 5.49248856621471
0.304398999999999 5.48390867820524
0.304498999999999 5.47649036530145
0.304599 5.46677003149817
0.304699 5.48084250909828
0.304799 5.50643210800904
0.304898999999999 5.51627682119402
0.304998999999999 5.51476090556778
0.305099 5.51734753686223
0.305199 5.50533007708691
0.305299 5.51067642456688
0.305398999999999 5.5062686384124
0.305499 5.50845305533753
0.305599 5.51850489926754
0.305699 5.52379443537598
0.305799 5.53151293366643
0.305898999999999 5.54097945294818
0.305999 5.5459626660383
0.306099 5.53031249786365
0.306199 5.53463510598784
0.306299 5.54605843781593
0.306398999999999 5.54880345792985
0.306499 5.55784680318468
0.306599 5.54895311592114
0.306699 5.52270402707382
0.306798999999999 5.52445237089131
0.306898999999999 5.51712424200899
0.306999 5.52653227791347
0.307099 5.52710227261006
0.307199 5.51822313506655
0.307298999999999 5.50751866507273
0.307398999999999 5.51481038355608
0.307499 5.51519875036641
0.307599 5.50802698444423
0.307699 5.5127995893917
0.307798999999999 5.52801261100538
0.307899 5.53382683554662
0.307999 5.5342007678328
0.308099 5.53836773433446
0.308199 5.55366607682297
0.308298999999999 5.54451635463224
0.308399 5.55373942038475
0.308499 5.52599342314823
0.308599 5.52634875730539
0.308699 5.52047240062814
0.308798999999999 5.51274802296224
0.308899 5.54526280410712
0.308999 5.54147513556182
0.309098999999999 5.56623498583112
0.309199 5.57193027477209
0.309298999999999 5.58601086387321
0.309399 5.58664562718579
0.309499 5.59221304897378
0.309598999999999 5.59793686839874
0.309699 5.58124169440781
0.309798999999999 5.60982507050077
0.309899 5.59164706808251
0.309999 5.59109526584468
0.310098999999999 5.5967250288953
0.310199 5.59558658958854
0.310299 5.60908060033656
0.310399 5.61910217434115
0.310499 5.60527042651971
0.310598999999999 5.56772659467893
0.310698999999999 5.57936815356107
0.310799 5.57466468349171
0.310899 5.60312676718413
0.310999 5.60816271960849
0.311098999999999 5.60700399298599
0.311199 5.61634352223378
0.311299 5.6322465056982
0.311399 5.64665860907042
0.311499 5.65676583360173
0.311598999999999 5.63701198457519
0.311699 5.65786077656113
0.311799 5.66496074478606
0.311899 5.67206803595525
0.311999 5.66168951203256
0.312098999999999 5.64249128904289
0.312199 5.653433642133
0.312299 5.66714491076014
0.312399 5.66072144623629
0.312499 5.6745040582863
0.312598999999999 5.64294150563288
0.312699 5.65525880496571
0.312799 5.66545269690075
0.312899 5.67694882004553
0.312998999999999 5.64378332779462
0.313098999999999 5.65276703708507
0.313199 5.66779277123623
0.313299 5.65147362916453
0.313399 5.61342769992066
0.313498999999999 5.60795556871255
0.313599000000001 5.61493949486673
0.313699 5.61974333594722
0.313798999999999 5.61984801175842
0.313899000000001 5.62367952800283
0.313998999999999 5.63018719263148
0.314098999999998 5.63835751745718
0.314199 5.60970460512544
0.314298999999999 5.59651248519491
0.314399000000001 5.5770532078335
0.314499 5.56864806938331
0.314598999999999 5.54842948237277
0.314699000000001 5.54913055637698
0.314798999999999 5.54794287720019
0.314898999999998 5.56773288898452
0.314999 5.5477305637064
0.315098999999999 5.58044466571711
0.315199000000001 5.56666274476713
0.315299 5.55911567474606
0.315398999999998 5.54359570627392
0.315499 5.53260677856773
0.315598999999999 5.52068513459399
0.315698999999998 5.53907431895545
0.315799 5.53713524635791
0.315898999999999 5.53508732991019
0.315999000000001 5.50051537033014
0.316099 5.48354380896471
0.316198999999998 5.49750232500898
0.316299 5.50348454709403
0.316398999999999 5.49723546301445
0.316498999999998 5.50834343093024
0.316599 5.54011518058187
0.316698999999999 5.54203227860452
0.316799000000001 5.54412601021675
0.316899 5.5501473187499
0.316998999999998 5.57344508890865
0.317099 5.57525061676111
0.317198999999999 5.57838390819229
0.317299000000001 5.58096497249946
0.317399 5.56595109486367
0.317498999999999 5.58358219625542
0.317599000000001 5.58258402791951
0.317698999999999 5.59501129369732
0.317798999999998 5.59402987753296
0.317899 5.59934206207981
0.317998999999999 5.60164421533674
0.318099000000001 5.60504668000938
0.318199 5.63615344412557
0.318298999999999 5.62189915213364
0.318399 5.63403583221135
0.318498999999999 5.62828863966047
0.318598999999998 5.63288873635222
0.318699 5.64036469777142
0.318798999999999 5.61970660638022
0.318899000000001 5.61805829279183
0.318999 5.61539727362228
0.319098999999998 5.58500767819073
0.319199 5.58445710038505
0.319298999999999 5.60723942748599
0.319399000000001 5.58002152231649
0.319499 5.57772992195098
0.319598999999999 5.57462087119239
0.319699000000001 5.58985271975563
0.319799 5.5766344204564
0.319898999999998 5.55185220638196
0.319999 5.56029860687595
0.320098999999999 5.56113459215875
0.320199000000001 5.53612240549531
0.320299 5.52836461150477
0.320398999999999 5.52857079452318
0.320499000000001 5.55534145525941
0.320598999999999 5.5621126969838
0.320698999999998 5.54531025441509
0.320799 5.54836956014932
0.320898999999999 5.54542590538368
0.320999000000001 5.53862973792235
0.321099 5.53474106931047
0.321198999999999 5.53427576596069
0.321299000000001 5.54300649515888
0.321398999999999 5.55031637662488
0.321498999999998 5.54138734129638
0.321599 5.54482407941073
0.321698999999999 5.54189860186722
0.321799000000001 5.52683463651657
0.321899 5.52988620466851
0.321998999999998 5.55503439783901
0.322099 5.54214736270436
0.322198999999999 5.56139268585288
0.322298999999998 5.55320484472437
0.322399 5.55382513922923
0.322498999999999 5.56055182330955
0.322599000000001 5.54636214992643
0.322699 5.53167036189327
0.322798999999998 5.54269782816973
0.322899 5.53111641203531
0.322998999999999 5.52192141540994
0.323099000000001 5.52960099295506
0.323199 5.55140649723121
0.323298999999999 5.56202197005327
0.323399000000001 5.5644045884595
0.323498999999999 5.57121799561068
0.323598999999998 5.55045522008232
0.323699 5.57103333740199
0.323798999999999 5.57211789791154
0.323899000000001 5.55729148176002
0.323999 5.54456355745272
0.324098999999999 5.55241494948786
0.324199000000001 5.56315165708735
0.324298999999999 5.57895881662512
0.324398999999998 5.58669969752508
0.324499 5.57163639814
0.324598999999999 5.56797426147888
0.324699000000001 5.55539001915753
0.324799 5.55660929539441
0.324898999999998 5.54890421554314
0.324999 5.55367799767366
0.325098999999999 5.56521357305729
0.325198999999998 5.57345867529517
0.325299 5.56192571037194
0.325398999999999 5.5625200267983
0.325499000000001 5.55732125820374
0.325599 5.55934913577266
0.325698999999998 5.56025852093291
0.325799 5.58507220997074
0.325898999999999 5.58681041539247
0.325998999999998 5.58175764523062
0.326099 5.5672046322662
0.326198999999999 5.59494722260871
0.326299000000001 5.59601023293664
0.326399 5.59766932598232
0.326498999999998 5.59875300214316
0.326599 5.61940887925029
0.326698999999999 5.60071813161259
0.326799000000001 5.61485600814225
0.326899 5.60803054965239
0.326998999999999 5.61509295835927
0.327099000000001 5.61009727227156
0.327198999999999 5.61381325080639
0.327298999999998 5.60615963432085
0.327399 5.60390248169941
0.327498999999999 5.61966985482056
0.327599000000001 5.61601427532402
0.327699 5.63358109592422
0.327798999999999 5.64632160391852
0.327899 5.65955404011086
0.327998999999999 5.65201931995667
0.328098999999998 5.63357738933629
0.328199 5.63075970544902
0.328298999999999 5.65958531477741
0.328399000000001 5.66788896381069
0.328499 5.6780651677944
0.328598999999998 5.68854095763822
0.328699 5.6762095099958
0.328798999999999 5.69798390225821
0.328898999999998 5.70450029983684
0.328999 5.69844630925514
0.329098999999999 5.70055618909996
0.329199000000001 5.69522239758311
0.329299 5.69676848317317
0.329398999999998 5.6927888436154
0.329499 5.70511833119168
0.329598999999999 5.69568851381987
0.329699000000001 5.70990413736119
0.329799 5.71813773050694
0.329898999999999 5.72803967848355
0.329999000000001 5.7246360323305
0.330098999999999 5.74833064652332
0.330198999999998 5.7442124577039
0.330299 5.74763502283417
0.330398999999999 5.70411620984212
0.330499000000001 5.68423474592717
0.330599 5.67323186159238
0.330698999999999 5.67328555383808
0.330799000000001 5.66857524925076
0.330898999999999 5.66585900518214
0.330998999999998 5.6562283713569
0.331099 5.6499905982317
0.331198999999999 5.66265313729218
0.331299000000001 5.67416216535304
0.331399 5.677880136878
0.331498999999998 5.67948154044639
0.331599 5.68200069368766
0.331698999999999 5.70974279134604
0.331798999999998 5.688694553757
0.331899 5.68318515554354
0.331998999999999 5.68436011655662
0.332099000000001 5.6672331595981
0.332199 5.68977601693247
0.332298999999998 5.69667427822531
0.332399 5.72049115085868
0.332498999999999 5.73522714162589
0.332598999999998 5.73164275706762
0.332699 5.71014835120469
0.332798999999999 5.71250772416035
0.332899000000001 5.71659676461673
0.332998999999999 5.73359151687221
0.333098999999998 5.72789056365466
0.333199 5.70298688769094
0.333298999999999 5.72292069112023
0.333399000000001 5.71572392019412
0.333499 5.73405417792209
0.333598999999999 5.75030662877471
0.333699000000001 5.76327909845401
0.333798999999999 5.74754365728747
0.333898999999998 5.75474469413278
0.333999 5.75676258201382
0.334098999999999 5.75209632973948
0.334199000000001 5.74481437779955
0.334299 5.76449896102486
0.334398999999999 5.74000040811164
0.334499 5.74322940605201
0.334598999999999 5.74763543401414
0.334698999999998 5.75731544186747
0.334799 5.7636841081786
0.334898999999999 5.74988357254992
0.334999000000001 5.74924734850255
0.335099 5.74653930199879
0.335198999999998 5.74835754280273
0.335299 5.73954309831887
0.335398999999999 5.72207603104428
0.335498999999998 5.72072970085373
0.335599 5.74181286524422
0.335698999999999 5.72702050695686
0.335799000000001 5.74555393803237
0.335899 5.75077908896125
0.335998999999998 5.72843377649532
0.336099 5.7346056105743
0.336198999999999 5.73394537648981
0.336299000000001 5.72900892871555
0.336399 5.73593937146544
0.336498999999999 5.73454698379492
0.336599000000001 5.74702265605107
0.336698999999999 5.74074620196003
0.336798999999998 5.73524127674548
0.336899 5.72428464746207
0.336998999999999 5.75201027356485
0.337099000000001 5.74956843899537
0.337199 5.7307358566941
0.337298999999999 5.74393258606819
0.337399000000001 5.7586503578011
0.337498999999999 5.74352656284958
0.337598999999998 5.77525115186266
0.337699 5.78167643698469
0.337798999999999 5.77809353779511
0.337899000000001 5.77570604891798
0.337999 5.78074587879871
0.338098999999998 5.7907196759705
0.338199 5.7897192207876
0.338298999999999 5.81206848469069
0.338399000000001 5.7984227989327
0.338499 5.78564194463257
0.338598999999999 5.79608688459571
0.338699000000001 5.8068961536807
0.338799 5.79512019859689
0.338898999999998 5.79227639048123
0.338999 5.79827428150818
0.339098999999999 5.81558711715911
0.339198999999998 5.82735010103642
0.339299 5.8030614735241
0.339398999999999 5.79083315437048
0.339499000000001 5.80818867069891
0.339598999999999 5.82583058510636
0.339698999999998 5.82204726081331
0.339799 5.8405832356026
0.339898999999999 5.84926895559512
0.339999000000001 5.84845807734992
0.340099 5.86366053276222
0.340198999999999 5.86132115978388
0.340299000000001 5.87223998369759
0.340398999999999 5.87482471388252
0.340498999999998 5.87774158242253
0.340599 5.87571770542454
0.340698999999999 5.8947974057741
0.340799000000001 5.86988534566969
0.340899 5.88430551566272
0.340998999999998 5.89218341364117
0.341099 5.88639697130813
0.341198999999999 5.8991325589823
0.341298999999998 5.91724237485238
0.341399 5.90509753656954
0.341498999999999 5.90910506378631
0.341599000000001 5.9079297614879
0.341699 5.89705789810418
0.341798999999998 5.8886257952574
0.341899 5.90330979371557
0.341998999999999 5.91177419953294
0.342099000000001 5.92318670128115
0.342199 5.92252122767334
0.342298999999999 5.91572403953668
0.342399000000001 5.91542384661475
0.342498999999999 5.9251980541232
0.342598999999998 5.94567006347555
0.342699 5.94298983948926
0.342798999999999 5.95153297526844
0.342899000000001 5.97229311407843
0.342999 5.98670535381324
0.343098999999999 5.98878625785105
0.343199000000001 6.0074979247022
0.343298999999999 6.02841328145307
0.343398999999998 6.02180512544745
0.343499 6.01346142531329
0.343598999999999 6.02760562508682
0.343699000000001 6.0379914026736
0.343799 6.04101841974703
0.343898999999999 6.03599748005595
0.343999 6.05565355676485
0.344098999999999 6.06358152215514
0.344198999999998 6.0582063727076
0.344299 6.060126391471
0.344398999999999 6.0549418345249
0.344499000000001 6.06000022954258
0.344599 6.05025442026882
0.344698999999998 6.07386273917076
0.344799 6.07412841547561
0.344898999999999 6.05281128576752
0.344998999999998 6.04106057162985
0.345099 6.06078744125816
0.345198999999999 6.04334296791118
0.345299000000001 6.01833818284403
0.345399 6.02903103485344
0.345498999999998 6.03158534515913
0.345599 6.03645439118524
0.345698999999999 6.04615422836068
0.345799000000001 6.02417317491681
0.345899 6.05090599386106
0.345998999999999 6.02091941019094
0.346099000000001 5.99910012810433
0.346198999999999 6.00373371066479
0.346298999999998 6.01805777132981
0.346399 6.04034535285227
0.346498999999999 6.05388137823607
0.346599000000001 6.05971526520512
0.346699 6.05341517228288
0.346798999999999 6.03439436856078
0.346899000000001 6.05593008276724
0.346998999999999 6.07657816977299
0.347098999999998 6.08190988783064
0.347199 6.07387663281736
0.347298999999999 6.08553607735844
0.347399000000001 6.05615416063322
0.347499 6.08243235480952
0.347598999999998 6.08213968446587
0.347699 6.08958103318781
0.347798999999999 6.07459246203228
0.347898999999998 6.04804254781213
0.347999 6.05432019965861
0.348098999999999 6.03130569197709
0.348199000000001 6.03970374689153
0.348299 6.0478933717466
0.348398999999998 6.04363550802366
0.348499 6.05755378810954
0.348598999999999 6.0524655191656
0.348699000000001 6.05853038534842
0.348799 6.07632768944985
0.348898999999999 6.09653834039441
0.348999000000001 6.07628734665732
0.349098999999999 6.08975254641048
0.349198999999998 6.09308970532755
0.349299 6.11579808364285
0.349398999999999 6.10849197179357
0.349499000000001 6.12424626950496
0.349599 6.15409289452768
0.349698999999999 6.17637803092532
0.349799000000001 6.19635499406527
0.349898999999999 6.17536738783235
0.349998999999998 6.19562718985485
0.350099 6.19002226406542
0.350198999999999 6.19758311677644
0.350299000000001 6.19538612153758
0.350399 6.21506153041531
0.350498999999999 6.21623869886349
0.350599 6.20891598891171
0.350698999999999 6.21374685956824
0.350798999999998 6.20557994246605
0.350899 6.19087571195366
0.350998999999999 6.2149836704462
0.351099000000001 6.22005023187129
0.351199 6.23296634343026
0.351298999999998 6.22044468428886
0.351399 6.21470860994012
0.351498999999999 6.22126290711717
0.351598999999998 6.22318976809509
0.351699 6.22761570633533
0.351798999999999 6.22317551473707
0.351899000000001 6.21588330390205
0.351999 6.2046900915712
0.352098999999998 6.20964220303692
0.352199 6.20820499283248
0.352298999999999 6.2028633185972
0.352399000000001 6.20769375219712
0.352499 6.22060745273704
0.352598999999999 6.23144731649391
0.352699000000001 6.19674101300046
0.352798999999999 6.20618789480952
0.352898999999998 6.21403692231064
0.352999 6.2371208773132
0.353098999999999 6.21918971046391
0.353199000000001 6.22444211326565
0.353299 6.22595718920099
0.353398999999999 6.21651996155577
0.353499000000001 6.23485902860512
0.353598999999999 6.23431543858366
0.353698999999998 6.25839109047962
0.353799 6.25011077033459
0.353898999999999 6.25842185589187
0.353999000000001 6.27943528137058
0.354099 6.28401001972687
0.354198999999998 6.29750095284453
0.354299 6.3045888124408
0.354398999999999 6.30700543644393
0.354498999999998 6.31987962872487
0.354599 6.32355252648927
0.354698999999999 6.34863560730606
0.354799000000001 6.35433128075689
0.354899 6.37968864224126
0.354998999999998 6.37981797322211
0.355099 6.36450823980853
0.355198999999999 6.36104749692363
0.355298999999998 6.36819422070052
0.355399 6.38597072794127
0.355498999999999 6.3835764954829
0.355599000000001 6.39570642796056
0.355698999999999 6.40260850895827
0.355798999999998 6.40734745203671
0.355899 6.40461203544765
0.355998999999999 6.42887353373216
0.356099000000001 6.4138701510834
0.356199 6.45951549634732
0.356298999999999 6.44726568128079
0.356399000000001 6.46347761136241
0.356498999999999 6.45004620414495
0.356598999999998 6.46111244405113
0.356699 6.45254228727716
0.356798999999999 6.47183329573956
0.356899000000001 6.47002673241622
0.356999 6.46903158447971
0.357098999999999 6.47388188083721
0.357199 6.48326315894205
0.357298999999999 6.49762675508088
0.357398999999998 6.48692988271408
0.357499 6.49382044009707
0.357598999999999 6.50681540459847
0.357699000000001 6.50662770982252
0.357799 6.51254570768845
0.357898999999998 6.48849931000213
0.357999 6.48735349915981
0.358098999999999 6.47513448476701
0.358198999999998 6.48190949187866
0.358299 6.48702418866585
0.358398999999999 6.48764176284002
0.358499000000001 6.50568791379462
0.358599 6.52192744254736
0.358698999999998 6.52860554312181
0.358799 6.51923516523088
0.358898999999999 6.53303713952817
0.358999000000001 6.52138420895908
0.359099 6.54505565743569
0.359198999999999 6.51417534632887
0.359299000000001 6.53313783587927
0.359398999999999 6.54466080761603
0.359498999999998 6.54725580915484
0.359599 6.55460550014829
0.359698999999999 6.55435555378473
0.359799000000001 6.59620177498152
0.359899 6.59930418207108
0.359998999999999 6.57765332510978
0.360099000000001 6.581533226787
0.360198999999999 6.57012370237509
0.360298999999998 6.56889720774266
0.360399 6.59031742777496
0.360498999999999 6.59719687613733
0.360599000000001 6.59998823011935
0.360699 6.60699600009677
0.360798999999998 6.60196405118494
0.360899 6.62811038331857
0.360998999999999 6.65360274627259
0.361098999999998 6.67094032290017
0.361199 6.68852383844925
0.361298999999999 6.66892929804717
0.361399000000001 6.70229384417315
0.361499 6.71009484605116
0.361598999999998 6.71293930431272
0.361699 6.70982398395527
0.361798999999999 6.73677046436134
0.361899000000001 6.73556259828146
0.361999 6.75090304262933
0.362098999999999 6.77470898536548
0.362199000000001 6.76589250572394
0.362298999999999 6.76361699807116
0.362398999999998 6.79288151333377
0.362499 6.80073672942452
0.362598999999999 6.79680552633166
0.362699000000001 6.79392467592589
0.362799 6.81809757257604
0.362898999999999 6.81640200724676
0.362999000000001 6.82976496989891
0.363098999999999 6.83754918256172
0.363198999999998 6.83983656087553
0.363299 6.85879075597145
0.363398999999999 6.86662195171036
0.363499000000001 6.8525944001883
0.363599 6.84108287515746
0.363698999999998 6.85924400048068
0.363799 6.87013413371267
0.363898999999999 6.87583001582444
0.363998999999998 6.85907379551007
0.364099 6.84643283724943
0.364198999999999 6.83367372174175
0.364299000000001 6.83625616796269
0.364399 6.84382906196834
0.364498999999998 6.84900936563364
0.364599 6.86135859945136
0.364698999999999 6.86743544546215
0.364798999999998 6.86884304188508
0.364899 6.87234617759139
0.364998999999999 6.87244472318887
0.365099000000001 6.86463112585084
0.365198999999999 6.88346187975824
0.365298999999998 6.88411027199531
0.365399 6.90383667159411
0.365498999999999 6.90572975364122
0.365599000000001 6.89703198950805
0.365699 6.90528809941012
0.365798999999999 6.91643890786511
0.365899000000001 6.93877675865009
0.365998999999999 6.93454868721522
0.366098999999998 6.94948267740692
0.366199 6.95827472311508
0.366298999999999 6.98533816116635
0.366399000000001 6.97550762336232
0.366499 6.9609653470177
0.366598999999999 6.9702027955952
0.366699 6.97021237494966
0.366798999999999 6.98099150012959
0.366898999999998 6.99041620254832
0.366999 7.02077004565832
0.367098999999999 7.0510733795345
0.367199000000001 7.06105491371102
0.367299 7.06978690515292
0.367398999999998 7.08703601936705
0.367499 7.0933855814123
0.367598999999999 7.08096443566572
0.367699000000001 7.09769794673545
0.367799 7.09936152267212
0.367898999999999 7.08608223630708
0.367999000000001 7.08175237644936
0.368099 7.09915980002664
0.368198999999998 7.08768191621339
0.368299 7.09275851045691
0.368398999999999 7.06634225257
0.368499000000001 7.07412110734608
0.368599 7.06538173163167
0.368698999999999 7.08709085167393
0.368799000000001 7.08158673652312
0.368898999999999 7.0867555116341
0.368998999999998 7.0762942219038
0.369099 7.06756619087697
0.369198999999999 7.08468650734186
0.369299000000001 7.07472590910452
0.369399 7.06512862163471
0.369498999999999 7.07482284197478
0.369599000000001 7.05345583848742
0.369698999999999 7.07675696419402
0.369798999999998 7.073684368208
0.369899 7.0751488813065
0.369998999999999 7.07663682050487
0.370099000000001 7.06780774605937
0.370199 7.04132300353549
0.370298999999998 7.0312675429775
0.370399 7.04110644631752
0.370498999999999 7.03264012823484
0.370598999999998 7.04043239041623
0.370699 7.03823063367321
0.370798999999999 7.02679966931893
0.370899000000001 6.99252676386638
0.370999 6.98634650901376
0.371098999999998 6.96686131679151
0.371199 6.99752480062149
0.371298999999999 6.98442252473795
0.371399000000001 6.97140560188063
0.371499 6.95820314741542
0.371598999999999 6.95767818311198
0.371699000000001 6.95874049702332
0.371798999999999 6.97541762389076
0.371898999999998 6.93832415152391
0.371999 6.96669002781589
0.372098999999999 6.98449061486023
0.372199000000001 6.97463033444265
0.372299 6.9795713834529
0.372398999999999 6.97893436712611
0.372499000000001 6.99403194868158
0.372598999999999 6.9908157734485
0.372698999999998 7.01455918821104
0.372799 7.01485292748277
0.372898999999999 7.03161440516803
0.372999000000001 7.00327592515566
0.373099 7.01646444612317
0.373198999999999 7.03108536936629
0.373299 7.03859604197904
0.373398999999999 7.02704826609876
0.373498999999998 7.03462386612655
0.373599 7.02966191430567
0.373698999999999 7.03822274531131
0.373799000000001 7.04469833571719
0.373899 7.03126168819522
0.373998999999998 7.00939413734491
0.374099 7.02708586515384
0.374198999999999 7.04035425600134
0.374299000000001 7.03787538814459
0.374399 7.04949639642438
0.374498999999999 7.04654943734187
0.374599000000001 7.04359229410436
0.374699 7.04092737089929
0.374798999999998 7.04593288345244
0.374899 7.02727567798928
0.374998999999999 7.03909063655554
0.375099000000001 7.06202300328079
0.375199 7.08374555347623
0.375298999999999 7.09466447191656
0.375399000000001 7.10322148425891
0.375498999999999 7.0997121957653
0.375598999999998 7.09855285486714
0.375699 7.09048046182409
0.375798999999999 7.08818431957952
0.375899000000001 7.09517415219924
0.375999 7.10664745036632
0.376098999999999 7.07482545940159
0.376199 7.09740555118211
0.376298999999999 7.09267999272772
0.376398999999998 7.07874215334588
0.376499 7.09929296574348
0.376598999999999 7.09246676949046
0.376699000000001 7.12422831894404
0.376799 7.11586497550895
0.376898999999998 7.12691467817297
0.376999 7.12134980663347
0.377098999999999 7.10609570682807
0.377198999999998 7.08167241891293
0.377299 7.09072552906421
0.377398999999999 7.10013050031501
0.377499000000001 7.09907134977879
0.377599 7.09833907985542
0.377698999999998 7.09304825542842
0.377799 7.07401831742608
0.377898999999999 7.08505198510324
0.377999000000001 7.06790863853498
0.378099 7.05305110276781
0.378198999999999 7.07402485375569
0.378299000000001 7.08119956491586
0.378398999999999 7.05600382702362
0.378498999999998 7.06124115054396
0.378599 7.07963154296682
0.378698999999999 7.07465370364606
0.378799000000001 7.07901739695353
0.378899 7.07196238283915
0.378998999999999 7.06491344649514
0.379099000000001 7.05720608524338
0.379198999999999 7.05516946914151
0.379298999999998 7.03546927265839
0.379399 7.01697591469851
0.379498999999999 6.98419233276675
0.379599000000001 6.97789889811923
0.379699 6.95350604916556
0.379798999999998 6.95737322196778
0.379899 6.97109683639338
0.379998999999999 6.96233950754133
0.380098999999998 6.99199426947297
0.380199 6.97711483566776
0.380298999999999 6.98188560737362
0.380399000000001 6.97724399929737
0.380499 6.98813548749338
0.380598999999998 6.99631774578974
0.380699 7.00318358685349
0.380798999999999 7.00876141691496
0.380898999999998 7.01502642730764
0.380999 7.00731350896699
0.381098999999999 7.01652674006871
0.381199000000001 7.00815052335149
0.381298999999999 7.00949050520465
0.381398999999998 7.03225621116725
0.381499 7.02616895473539
0.381598999999999 7.02719587820364
0.381699000000001 7.02303588864446
0.381799 6.99408398471982
0.381898999999999 7.00241187642909
0.381999000000001 7.00616811228204
0.382098999999999 7.03238870665918
0.382198999999998 7.03480872347216
0.382299 7.04376997652757
0.382398999999999 7.03066228513222
0.382499000000001 7.03631614344961
0.382599 7.040663486641
0.382698999999999 7.04156770427119
0.382799 7.04318249354335
0.382898999999999 7.00974359165785
0.382998999999998 7.0221313128589
0.383099 6.9941237982937
0.383198999999999 7.01797372729188
0.383299000000001 7.00466868751392
0.383399 7.01028871545284
0.383498999999998 7.02623981777119
0.383599 7.03242352496776
0.383698999999999 7.04193134468915
0.383798999999998 7.05834970851994
0.383899 7.0901693580132
0.383998999999999 7.08809394753202
0.384099000000001 7.0832408282306
0.384199 7.08902067571896
0.384298999999998 7.11047724348058
0.384399 7.0983637345862
0.384498999999999 7.10015668329555
0.384599000000001 7.10770003233356
0.384699 7.10110582458529
0.384798999999999 7.110485461682
0.384899000000001 7.11981322505263
0.384998999999999 7.11747430508524
0.385098999999998 7.13058404714306
0.385199 7.13927377589698
0.385298999999999 7.13167237147978
0.385399000000001 7.14939896571127
0.385499 7.15258121380583
0.385598999999999 7.14989911229483
0.385699 7.15040271579765
0.385798999999999 7.14935842542823
0.385898999999998 7.16186901371105
0.385999 7.1797444076574
0.386098999999999 7.1893819706642
0.386199000000001 7.20108722107531
0.386299 7.2003377074702
0.386398999999998 7.21536652530119
0.386499 7.22442196572175
0.386598999999999 7.2406410479723
0.386699000000001 7.2304119006843
0.386799 7.23728268331074
0.386898999999999 7.24119575516694
0.386999000000001 7.26248102491581
0.387099 7.27273162788392
0.387198999999998 7.29042540524933
0.387299 7.2757374592202
0.387398999999999 7.29415710489018
0.387498999999998 7.30217635001245
0.387599 7.3065400866655
0.387698999999999 7.29780941663834
0.387799000000001 7.30283605822151
0.387898999999999 7.31669158797635
0.387998999999998 7.29662372091805
0.388099 7.29933266667116
0.388198999999999 7.31660625883007
0.388299000000001 7.3423004971635
0.388399 7.36094298558331
0.388498999999999 7.35932353789279
0.388599000000001 7.39109626421655
0.388698999999999 7.4252908392366
0.388798999999998 7.43564775149995
0.388899 7.43006766496292
0.388998999999999 7.44417807272319
0.389099000000001 7.47020016535022
0.389199 7.47757874499824
0.389298999999998 7.49387107560221
0.389399 7.50601813154727
0.389498999999999 7.50340708356013
0.389598999999998 7.49076614671028
0.389699 7.47487782762331
0.389798999999999 7.48799971874548
0.389899000000001 7.48308098796636
0.389999 7.50880304295405
0.390098999999998 7.51395205388009
0.390199 7.52603975225829
0.390298999999999 7.5380103764356
0.390399000000001 7.53142520319808
0.390499 7.55648236567276
0.390598999999999 7.57760015503129
0.390699000000001 7.5670380209475
0.390798999999999 7.56719287712857
0.390898999999998 7.57209450613141
0.390999 7.57773990752312
0.391098999999999 7.6122028384044
0.391199000000001 7.60087664247507
0.391299 7.59818862876484
0.391398999999999 7.62037184121206
0.391499000000001 7.59463997503581
0.391598999999999 7.6035004299065
0.391698999999998 7.60483714739264
0.391799 7.60838096031965
0.391898999999999 7.61015296825495
0.391999000000001 7.60980818718235
0.392099 7.63963429296335
0.392198999999999 7.63766983176043
0.392299 7.62595187473147
0.392398999999999 7.64123821310119
0.392498999999998 7.63046458005949
0.392599 7.63187917370188
0.392698999999999 7.63642746545246
0.392799000000001 7.64540171851494
0.392899 7.63632393046443
0.392998999999998 7.65349519678924
0.393099 7.63701082863141
0.393198999999999 7.65084729372979
0.393299000000001 7.6344656244619
0.393399 7.62229042895256
0.393498999999999 7.63891836128796
0.393599000000001 7.61603834868905
0.393699 7.61698546525399
0.393798999999998 7.60463868465234
0.393899 7.64155407680358
0.393998999999999 7.62324012206055
0.394099000000001 7.61205804481534
0.394199 7.6234368238241
0.394298999999999 7.64022224768945
0.394399000000001 7.63665429821518
0.394498999999999 7.64830948523192
0.394598999999998 7.67974361977829
0.394699 7.66125639664167
0.394798999999999 7.66920928172144
0.394899000000001 7.67018786285021
0.394999 7.64412655637225
0.395098999999999 7.6577181376197
0.395199000000001 7.65458266352539
0.395298999999999 7.65558158118678
0.395398999999998 7.65143081959388
0.395499 7.65781880242689
0.395598999999999 7.65574167588201
0.395699000000001 7.68602855655814
0.395799 7.70313498612462
0.395898999999998 7.70022542254781
0.395999 7.71952448596498
0.396098999999999 7.71685500298563
0.396198999999998 7.73304571781519
0.396299 7.75797200390377
0.396398999999999 7.75694181327499
0.396499000000001 7.77127359393597
0.396599 7.79109036199079
0.396698999999998 7.81608975726479
0.396799 7.86585919029373
0.396898999999999 7.87203851930135
0.396999000000001 7.86837241691036
0.397099 7.87466398447661
0.397198999999999 7.87489456277662
0.397299000000001 7.88648943618118
0.397398999999999 7.90002732543504
0.397498999999998 7.88900881649917
0.397599 7.91284953885939
0.397698999999999 7.92800442825438
0.397799000000001 7.91126530696993
0.397899 7.92692214528468
0.397998999999999 7.91730873129635
0.398099000000001 7.92010091431402
0.398198999999999 7.92866238702322
0.398298999999998 7.91517081912455
0.398399 7.9153242560986
0.398498999999999 7.92997239316884
0.398599000000001 7.94463394374554
0.398699 7.94524079805696
0.398798999999999 7.94821840659876
0.398899 7.97124692984946
0.398998999999999 7.98735415714995
0.399098999999998 7.99721638294623
0.399199 8.00259844174309
0.399298999999999 8.00605407947198
0.399399000000001 8.01634715528544
0.399499 8.03262888155062
0.399598999999998 8.02496148444372
0.399699 8.03370838346603
0.399798999999999 8.04926780492214
0.399898999999998 8.06369356651471
0.399999 8.06902315962897
0.400098999999999 8.07798530241868
0.400199000000001 8.09037244042974
0.400298999999999 8.10013623296646
0.400398999999998 8.11292683475148
0.400499 8.13171753875143
0.400598999999999 8.14757955335977
0.400699000000001 8.1716127670695
0.400799 8.17039509291997
0.400898999999999 8.17528402581883
0.400999000000001 8.1777613265466
0.401098999999999 8.17795918934766
0.401198999999998 8.21113625952757
0.401299 8.2188854788594
0.401398999999999 8.23634281721496
0.401499000000001 8.2394846765387
0.401599 8.24819664957272
0.401698999999999 8.25996907364005
0.401799 8.2581042859378
0.401898999999999 8.27890595447978
0.401998999999998 8.2823130452569
0.402099 8.29317611239898
0.402198999999999 8.30615605369541
0.402299000000001 8.33723663202438
0.402399 8.36578110124517
0.402498999999998 8.35704740134945
0.402599 8.37075919255036
0.402698999999999 8.37350128502105
0.402798999999998 8.36130692846476
0.402899 8.37858600052929
0.402998999999999 8.39699588191915
0.403099000000001 8.38032049883073
0.403198999999999 8.39606309643414
0.403298999999998 8.38750462421854
0.403399 8.40895157655254
0.403498999999999 8.38889026633163
0.403599000000001 8.40304534365607
0.403699 8.39418143194203
0.403798999999999 8.40747343288608
0.403899000000001 8.42827027137166
0.403998999999999 8.46031072634782
0.404098999999998 8.44327169005659
0.404199 8.4554168792948
0.404298999999999 8.48532631523577
0.404399000000001 8.49133721459345
0.404499 8.48963104933145
0.404598999999999 8.51694494320697
0.404699000000001 8.50123305003745
0.404798999999999 8.50912675963368
0.404898999999998 8.52158034644428
0.404999 8.52790920240769
0.405098999999999 8.54162016008087
0.405199000000001 8.5586086391777
0.405299 8.5638897668956
0.405398999999998 8.55726174334531
0.405499 8.57821637441762
0.405598999999999 8.58854256522351
0.405698999999998 8.59442770572878
0.405799 8.58110532304531
0.405898999999999 8.58228696863382
0.405999000000001 8.62322168675109
0.406099 8.62941734246057
0.406198999999998 8.61719629591179
0.406299 8.62950306956884
0.406398999999999 8.6466543998392
0.406498999999998 8.65417561909078
0.406599 8.66412856615099
0.406698999999999 8.66614196848773
0.406799000000001 8.70169959421023
0.406898999999999 8.72217789762633
0.406998999999998 8.73687960001092
0.407099 8.7459493990456
0.407198999999999 8.73311634643697
0.407299000000001 8.75055441717012
0.407399 8.75038888219478
0.407498999999999 8.77662109288475
0.407599000000001 8.77733390327904
0.407698999999999 8.79562882914443
0.407798999999998 8.79857075100381
0.407899 8.8065543353626
0.407998999999999 8.81897982928442
0.408099000000001 8.83352338400496
0.408199 8.83972819245052
0.408298999999999 8.87568795276114
0.408399000000001 8.87641998723426
0.408498999999999 8.87408072952123
0.408598999999998 8.86411903768226
0.408699 8.87719441449094
0.408798999999999 8.86194068995449
0.408899000000001 8.88736627752647
0.408999 8.87452713127954
0.409098999999998 8.89405067598459
0.409199 8.90179412725327
0.409298999999999 8.91958845185908
0.409398999999998 8.90990885871407
0.409499 8.91434769584584
0.409598999999999 8.93809441031159
0.409699000000001 8.96224412300334
0.409799 8.96855789518434
0.409898999999998 8.98650946042664
0.409999 8.98678813284562
0.410098999999999 8.97463117195603
0.410198999999998 8.98476894445873
0.410299 8.97745909035543
0.410398999999999 8.99205588726354
0.410499000000001 9.00328089336555
0.410598999999999 9.02545359422537
0.410698999999998 9.00830641755454
0.410799 9.01038663794818
0.410898999999999 9.02108812497208
0.410999000000001 9.04552915883081
0.411099 9.06824301033244
0.411198999999999 9.0632105341851
0.411299 9.06235712169613
0.411398999999999 9.08955491995383
0.411498999999998 9.08550809161751
0.411599 9.08726003885315
0.411698999999999 9.09518941250245
0.411799000000001 9.11476499047148
0.411899 9.1167502386337
0.411998999999999 9.12428120013132
0.412099 9.13652225780334
0.412198999999999 9.143505650831
0.412299000000001 9.15961797796294
0.412399 9.13362996921507
0.412498999999999 9.16038413686888
0.412599000000001 9.16692675051535
0.412699 9.16487300877765
0.412798999999998 9.14721586525578
0.412899 9.16010821711141
0.412998999999999 9.16478878804301
0.413099000000001 9.17670281445846
0.413199 9.16521725923586
0.413298999999999 9.15129354208643
0.413399000000001 9.16298014084983
0.413498999999999 9.13591067473481
0.413598999999998 9.15771369248865
0.413699 9.19045636879164
0.413798999999999 9.19420880517557
0.413899000000001 9.19504602772643
0.413999 9.19970703451507
0.414098999999999 9.20768863916432
0.414199000000001 9.2179945286497
0.414298999999999 9.20774597911049
0.414398999999998 9.20645337894386
0.414499 9.23233737018548
0.414598999999999 9.22959255501077
0.414699000000001 9.24190335449492
0.414799 9.23320281615359
0.414898999999998 9.25267328751641
0.414999 9.25852414652506
0.415098999999999 9.25296205768525
0.415198999999998 9.27039582926843
0.415299 9.26359743783692
0.415398999999999 9.24198421277353
0.415499000000001 9.23355236058696
0.415599 9.2302614100676
0.415698999999998 9.25041874853282
0.415799 9.26351367729279
0.415898999999999 9.24684532116642
0.415999000000001 9.2491192050032
0.416099 9.24844256507884
0.416198999999999 9.28362639177432
0.416299000000001 9.26859435033528
0.416398999999999 9.28915333233546
0.416498999999998 9.2935763218353
0.416599 9.29769749755446
0.416698999999999 9.29541617946971
0.416799000000001 9.2993329294442
0.416899 9.30595414472398
0.416998999999999 9.30157741066331
0.417099000000001 9.32149001855833
0.417198999999999 9.32761137923744
0.417298999999998 9.31823149212211
0.417399 9.3528131243894
0.417498999999999 9.35946600606897
0.417599000000001 9.3666868066439
0.417699 9.34240393090599
0.417798999999999 9.33055546606044
0.417899000000001 9.35071847113545
0.417998999999999 9.34019956021631
0.418098999999998 9.35781681232414
0.418199 9.36067541926917
0.418298999999999 9.35716971725484
0.418399000000001 9.34050020701583
0.418499 9.35365612878037
0.418598999999998 9.3470034356427
0.418699 9.35498503834844
0.418798999999999 9.3429999241401
0.418898999999998 9.36794642880483
0.418999 9.36265470891898
0.419098999999999 9.36113874906417
0.419199000000001 9.37373979544614
0.419299 9.35078420087746
0.419398999999998 9.37055984238306
0.419499 9.36636312164812
0.419598999999999 9.37814056425091
0.419699000000001 9.37500032261137
0.419799 9.37971589499119
0.419898999999999 9.41137887455122
0.419999000000001 9.39533203880764
0.420098999999999 9.39748925981982
0.420198999999998 9.39294156939809
0.420299 9.40165440670036
0.420398999999999 9.39599520337036
0.420499000000001 9.38313353995515
0.420599 9.38737111368185
0.420698999999999 9.39235068308882
0.420799 9.37910716977341
0.420898999999999 9.35973592817024
0.420998999999998 9.33780227638481
0.421099 9.35768427276244
0.421198999999999 9.37259751915268
0.421299000000001 9.36699650209625
0.421399 9.37183564632122
0.421498999999999 9.37502595226371
0.421599 9.36731546078773
0.421698999999999 9.37660323429887
0.421798999999998 9.35928672455391
0.421899 9.3527313314359
0.421998999999999 9.35627429387287
0.422099000000001 9.35263768621553
0.422199 9.35107665224926
0.422298999999998 9.34881392845637
0.422399 9.3306602923036
0.422498999999999 9.32617447405663
0.422599000000001 9.34290003518252
0.422699 9.32229031935187
0.422798999999999 9.31527943744797
0.422899000000001 9.30689901706068
0.422998999999999 9.3022456592584
0.423098999999998 9.30420185838485
0.423199 9.29791569928785
0.423298999999999 9.29378798189282
0.423399000000001 9.30991579098243
0.423499 9.31144943147855
0.423598999999999 9.30052390940703
0.423699000000001 9.29240362850559
0.423798999999999 9.30648782452407
0.423898999999998 9.30582784325841
0.423999 9.3030227487076
0.424098999999999 9.3142983909716
0.424199000000001 9.31794751660416
0.424299 9.31465673601889
0.424398999999998 9.33174163419324
0.424499 9.33886643205503
0.424598999999999 9.37020014306859
0.424698999999998 9.37989687627894
0.424799 9.37155971657732
0.424898999999999 9.3847751743129
0.424999000000001 9.37297307369771
0.425099 9.38327058128038
0.425198999999998 9.38924351319149
0.425299 9.39167497748371
0.425398999999999 9.39194603593336
0.425498999999998 9.39156654461663
0.425599 9.39188296486541
0.425698999999999 9.4239736143925
0.425799000000001 9.43109879763098
0.425899 9.43958278344491
0.425998999999998 9.44785783322743
0.426099 9.45998697460352
0.426198999999999 9.45440116498572
0.426299000000001 9.45716354747162
0.426399 9.45920869461489
0.426498999999999 9.47965591478777
0.426599000000001 9.49159081242676
0.426698999999999 9.47791323971568
0.426798999999998 9.50340852111211
0.426899 9.48811923965061
0.426998999999999 9.51397510290491
0.427099000000001 9.48738025479584
0.427199 9.48901264497473
0.427298999999999 9.49570540145925
0.427399 9.51320364456901
0.427498999999999 9.51132657864149
0.427598999999998 9.51544692803818
0.427699 9.52552101136815
0.427798999999999 9.55033874812514
0.427899000000001 9.55655274149795
0.427999 9.55470323937604
0.428098999999998 9.56003146049718
0.428199 9.55591647988553
0.428298999999999 9.54774704222278
0.428398999999998 9.51626233321688
0.428499 9.53012022094976
0.428598999999999 9.5283246018159
0.428699000000001 9.52946921449751
0.428798999999999 9.53151827109777
0.428898999999998 9.5367384906765
0.428999 9.52012492784787
0.429098999999999 9.50602367989391
0.429198999999998 9.5057214711925
0.429299 9.50925085097099
0.429398999999999 9.49324593501672
0.429499000000001 9.4693678719928
0.429598999999999 9.45391333030574
0.429698999999998 9.43631771879664
0.429799 9.42447541036732
0.429898999999999 9.41043694297265
0.429999000000001 9.39107046171246
0.430099 9.38226568681335
0.430198999999999 9.38343484895153
0.430299 9.324691058817
0.430398999999999 9.30061751906145
0.430498999999998 9.27757063126632
0.430599 9.28586654840392
0.430698999999999 9.24796329338357
0.430799000000001 9.23004829357333
0.430899 9.19714731733803
0.430998999999999 9.19188781300624
0.431099 9.15099438178565
0.431198999999999 9.13032028569912
0.431298999999998 9.10474145753409
0.431399 9.05740153118627
0.431498999999999 9.03568454698382
0.431599000000001 8.97273899215336
0.431699 8.9506465321815
0.431798999999998 8.90465782230077
0.431899 8.86333675809131
0.431998999999999 8.82607347140064
0.432098999999998 8.79943903710119
0.432199 8.75199294445945
0.432298999999999 8.72255719304589
0.432399000000001 8.68818535232809
0.432498999999999 8.65664054370446
0.432598999999998 8.6072946940556
0.432699 8.57102077202841
0.432798999999999 8.53458630305771
0.432899000000001 8.48234851248614
0.432999 8.45285113457036
0.433098999999999 8.40272521662954
0.433199000000001 8.33298386399316
0.433298999999999 8.30217408647753
0.433398999999998 8.2709793365125
0.433499 8.20892833352739
0.433598999999999 8.14510966577061
0.433699000000001 8.09328618355378
0.433799 8.01193778408513
0.433898999999998 7.9590258245468
0.433999 7.88684238617583
0.434098999999999 7.82065440690283
0.434198999999998 7.751383424514
0.434299 7.68500874664424
0.434398999999999 7.61428127720194
0.434499000000001 7.55517423738052
0.434599 7.47562996862813
0.434698999999998 7.40357300696727
0.434799 7.34643325857532
0.434898999999999 7.27504768697732
0.434998999999998 7.21112355901418
0.435099 7.13326012812916
0.435198999999999 7.06273467003239
0.435299000000001 6.97894482938765
0.435399 6.90315915086069
0.435498999999998 6.82802380085954
0.435599 6.74948134361082
0.435698999999999 6.68409966331356
0.435799000000001 6.61210677062939
0.435899 6.53149078535513
0.435998999999999 6.44792326140864
0.436099000000001 6.37208910187515
0.436198999999999 6.28377462777268
0.436298999999998 6.18737687149104
0.436399 6.10950016301839
0.436498999999999 6.01957527242204
0.436599000000001 5.93893235691999
0.436699 5.82982491523327
0.436798999999999 5.74262238858072
0.436899 5.63481247190093
0.436998999999999 5.54230022472683
0.437098999999998 5.46083882226114
0.437199 5.3539295940457
0.437298999999999 5.26820633122905
0.437399000000001 5.16111772219537
0.437499 5.06385272271297
0.437598999999998 4.93203758227012
0.437699 4.82031067229903
0.437798999999999 4.7006298874665
0.437898999999998 4.60734023778825
0.437999 4.51092142618644
0.438098999999999 4.39807609527456
0.438199000000001 4.28305691350722
0.438298999999999 4.16554321784298
0.438398999999998 4.06753475340044
0.438499 3.9435510584615
0.438598999999999 3.83145359629566
0.438699000000001 3.68978641841245
0.438799 3.57122717177157
0.438898999999999 3.44182142210589
0.438999000000001 3.31595661942493
0.439098999999999 3.16920884767918
0.439198999999998 3.04327478603588
0.439299 2.90485747349467
0.439398999999999 2.7572206848163
0.439499000000001 2.65479725303863
0.439599 2.53075654221363
0.439698999999999 2.39629676440689
0.439799000000001 2.26491448011347
0.439898999999999 2.12961110964392
0.439998999999998 2.00205319849382
0.440099 1.86259670063519
0.440198999999999 1.7259452813207
0.440299000000001 1.62026088387384
0.440399 1.48244640729859
0.440498999999998 1.33731840227865
0.440599 1.21167946514919
0.440698999999999 1.06044194081897
0.440798999999998 0.951846937717293
0.440899 0.834702593063693
0.440998999999999 0.704832990131388
0.441099000000001 0.586560198048996
0.441199 0.459286778455593
0.441298999999998 0.317737995411362
0.441399 0.198646734954473
0.441498999999999 0.0702238395973845
0.441599000000001 -0.0616878427892723
0.441699 -0.201709550384757
0.441798999999999 -0.329959963469175
0.441899000000001 -0.442276742086255
0.441998999999999 -0.554085531055921
0.442098999999998 -0.669606284589084
0.442199 -0.814451808354499
0.442298999999999 -0.894708584703528
0.442399000000001 -1.01717794006334
0.442499 -1.12541917046841
0.442598999999999 -1.22377282250992
0.442699000000001 -1.33606600681502
0.442798999999999 -1.45041915046768
0.442898999999998 -1.53948686862147
0.442999 -1.64318312343083
0.443098999999999 -1.74019985224226
0.443199000000001 -1.83373298222786
0.443299 -1.96884644367709
0.443398999999998 -2.06587958511963
0.443499 -2.14681714690502
0.443598999999999 -2.25626565344892
0.443698999999998 -2.32440205625778
0.443799 -2.40405055480018
0.443898999999999 -2.48284377752144
0.443999000000001 -2.55480485216539
0.444099 -2.65736610498978
0.444198999999998 -2.72571873639099
0.444299 -2.79744934006408
0.444398999999999 -2.86457641215232
0.444498999999998 -2.92861303480778
0.444599 -2.98364194925591
0.444698999999999 -3.08003849945725
0.444799000000001 -3.12745846018015
0.444899 -3.18233495143039
0.444998999999998 -3.23992575100217
0.445099 -3.27355094258053
0.445198999999999 -3.325129167951
0.445299000000001 -3.37518056824348
0.445399 -3.41916145038759
0.445498999999999 -3.43758694010626
0.445599000000001 -3.45916368549304
0.445698999999999 -3.49049870848645
0.445798999999998 -3.52429367116185
0.445899 -3.54684705776979
0.445998999999999 -3.55350762345031
0.446099000000001 -3.5937645548249
0.446199 -3.60464893835263
0.446298999999999 -3.60786784645543
0.446399 -3.6327285154465
0.446498999999999 -3.6230082269861
0.446598999999998 -3.63026672066187
0.446699 -3.62632149394207
0.446798999999999 -3.60905630059037
0.446899000000001 -3.6081134586949
0.446999 -3.58194434119239
0.447098999999998 -3.59053869983993
0.447199 -3.55583449274063
0.447298999999999 -3.55044797872104
0.447398999999998 -3.50587295625606
0.447499 -3.51222904047291
0.447598999999999 -3.47462430642896
0.447699000000001 -3.41935830194578
0.447799 -3.40538529880847
0.447898999999998 -3.38930553619278
0.447999 -3.36864408902461
0.448098999999999 -3.34047506743532
0.448199000000001 -3.30805977172488
0.448299 -3.24238609695446
0.448398999999999 -3.20857165692685
0.448499000000001 -3.15374040350005
0.448598999999999 -3.09508914149061
0.448698999999998 -3.05849996447075
0.448799 -2.98587467131789
0.448898999999999 -2.92734768546321
0.448999000000001 -2.87280634013192
0.449099 -2.80906505541915
0.449198999999999 -2.75700912891509
0.449299000000001 -2.68293648144916
0.449398999999999 -2.63660564219504
0.449498999999998 -2.57741781363145
0.449599 -2.51497542595397
0.449698999999999 -2.4324710991333
0.449799000000001 -2.37663576210096
0.449899 -2.30043304490648
0.449998999999998 -2.21707467035966
0.450099 -2.13532076879844
0.450198999999999 -2.04358542681875
0.450298999999998 -1.99728165677214
0.450399 -1.9140012609453
0.450498999999999 -1.80302099685364
0.450599000000001 -1.72310430346938
0.450699 -1.6608988334195
0.450798999999998 -1.58020385567828
0.450899 -1.51775578336267
0.450998999999999 -1.43902036334325
0.451098999999998 -1.35026682806228
0.451199 -1.25756729993948
0.451298999999999 -1.17878871444767
0.451399000000001 -1.08575227431313
0.451498999999999 -1.01137171432753
0.451598999999998 -0.918331814348406
0.451699 -0.839345244303103
0.451798999999999 -0.758659912444697
0.451899000000001 -0.678095652664441
0.451999 -0.608691679553531
0.452098999999999 -0.517922331875045
0.452199000000001 -0.463664028716179
0.452298999999999 -0.377424049756015
0.452398999999998 -0.294044144102905
0.452499 -0.2250294226228
0.452598999999999 -0.16037375292305
0.452699000000001 -0.0771987628092359
0.452799 -0.00369147463431643
0.452898999999999 0.0527527594034844
0.452999000000001 0.125774861903572
0.453098999999999 0.241125849674772
0.453198999999998 0.318322614517214
0.453299 0.401760364756962
0.453398999999999 0.477866320293357
0.453499000000001 0.548857787422974
0.453599 0.602924522112867
0.453698999999998 0.696201046571225
0.453799 0.766059865983586
0.453898999999999 0.865538861811572
0.453998999999998 0.913836943647796
0.454099 0.974276439142059
0.454198999999999 1.03964000388152
0.454299000000001 1.09297884663072
0.454399 1.17754094145761
0.454498999999998 1.22675855759844
0.454599 1.29003364974757
0.454698999999999 1.33550587293285
0.454798999999998 1.39906051385949
0.454899 1.45196522809293
0.454998999999999 1.5140074429709
0.455099000000001 1.54446177998961
0.455198999999999 1.57745890355387
0.455298999999998 1.61857439653316
0.455399 1.66532684408113
0.455498999999999 1.72020403515146
0.455599000000001 1.74600469479731
0.455699 1.78253956448326
0.455798999999999 1.79817668824851
0.455899 1.84640035296811
0.455998999999999 1.88531554705797
0.456098999999998 1.91446604678372
0.456199 1.9604823983903
0.456298999999999 1.98616814360816
0.456399000000001 2.01372670517048
0.456499 2.06867117040922
0.456598999999998 2.07710308976788
0.456699 2.10866957984283
0.456798999999999 2.11576095433797
0.456898999999998 2.11846549354056
0.456999 2.15128482182061
0.457098999999999 2.15823688659279
0.457199000000001 2.17940072844253
0.457299 2.19979408657121
0.457398999999998 2.20482148079551
0.457499 2.22963063503126
0.457598999999999 2.25124408305641
0.457698999999998 2.26815062906051
0.457799 2.25030253869827
0.457898999999999 2.25160908798373
0.457999000000001 2.24314486100118
0.458098999999999 2.24190551214392
0.458198999999998 2.20796314081721
0.458299 2.20265669450192
0.458398999999999 2.17784233397501
0.458499000000001 2.16573087949135
0.458599 2.15193820853881
0.458698999999999 2.12291128610277
0.458799000000001 2.11421154025287
0.458898999999999 2.07461076527675
0.458998999999998 2.05163760901188
0.459099 2.03677020528094
0.459198999999999 1.99493208273124
0.459299000000001 1.97613419627838
0.459399 1.93310933919101
0.459498999999998 1.8878537796682
0.459599 1.84991825270304
0.459698999999999 1.83124704838508
0.459798999999998 1.80175714668056
0.459899 1.77546462191076
0.459998999999999 1.73655393909729
0.460099000000001 1.68200036054727
0.460199 1.60859882542604
0.460298999999998 1.55726765648823
0.460399 1.50760403260762
0.460498999999999 1.45538832054171
0.460598999999998 1.41546879744636
0.460699 1.36490775742656
0.460798999999999 1.32603530258623
0.460899000000001 1.26620415245409
0.460998999999999 1.2119848028482
0.461098999999998 1.172212067281
0.461199 1.13604504902682
0.461298999999999 1.1079460427558
0.461399000000001 1.05670899716944
0.461499 0.985920369344352
0.461598999999999 0.937585532137618
0.461699000000001 0.872362539822349
0.461798999999999 0.830079400934175
0.461898999999998 0.771235474613348
0.461999 0.713594522288679
0.462098999999999 0.667433877070859
0.462199000000001 0.628409274404197
0.462299 0.587443077486761
0.462398999999999 0.523128728447431
0.462499000000001 0.473778918701026
0.462598999999999 0.396402237328468
0.462698999999998 0.336919944945861
0.462799 0.295904284807678
0.462898999999999 0.260694056356289
0.462999000000001 0.186687173673915
0.463099 0.151077582084933
0.463198999999998 0.0852585556403229
0.463299 0.00664196101756738
0.463398999999999 -0.0137162689168089
0.463498999999998 -0.0722270317001294
0.463599 -0.111958032288057
0.463698999999999 -0.164135419775522
0.463799000000001 -0.218400895910368
0.463899 -0.280974234650545
0.463998999999998 -0.303656619891419
0.464099 -0.349655075286874
0.464198999999999 -0.389727112271366
0.464299000000001 -0.428815267897184
0.464399 -0.455630827408111
0.464498999999999 -0.508721984050841
0.464599000000001 -0.537568588237501
0.464698999999999 -0.599966518255855
0.464798999999998 -0.654095284949524
0.464899 -0.689447214876706
0.464998999999999 -0.739218301845875
0.465098999999998 -0.783375051042237
0.465199 -0.844093727447047
0.465298999999999 -0.850721581015626
0.465399000000001 -0.89734550573342
0.465498999999999 -0.935088832300466
0.465598999999998 -0.94986685701433
0.465699 -1.00887976671609
0.465798999999999 -1.03163390615221
0.465899000000001 -1.04181644289669
0.465999 -1.08197486511161
0.466098999999999 -1.11334985240366
0.466199 -1.13783995639425
0.466298999999999 -1.17524056826324
0.466398999999998 -1.21667704430195
0.466499 -1.2340026288917
0.466598999999999 -1.23954973181815
0.466699000000001 -1.29438976869384
0.466799 -1.29776141148959
0.466898999999998 -1.30097700116995
0.466999 -1.30399567435534
0.467098999999999 -1.30401512144759
0.467199000000001 -1.31492483437681
0.467299 -1.32166849868253
0.467398999999999 -1.32345917484886
0.467499000000001 -1.32109384531468
0.467598999999999 -1.33311913195243
0.467698999999998 -1.31560932846481
0.467799 -1.33309057127145
0.467898999999999 -1.32411639609027
0.467999000000001 -1.3170693097728
0.468099 -1.30020701683149
0.468198999999999 -1.29244700652527
0.468299000000001 -1.30261242166356
0.468398999999999 -1.2967791435041
0.468498999999998 -1.26306912724232
0.468599 -1.24406270849917
0.468698999999999 -1.25205527837512
0.468799000000001 -1.27049677781482
0.468899 -1.22566245816546
0.468998999999999 -1.22729218951453
0.469099 -1.22760162534358
0.469198999999999 -1.23870968481397
0.469298999999998 -1.19941517676706
0.469399 -1.19663436245666
0.469498999999999 -1.21639797827232
0.469599000000001 -1.17538357777288
0.469699 -1.17165817720796
0.469798999999998 -1.13170399649183
0.469899 -1.12994265071948
0.469998999999999 -1.11084657904676
0.470098999999998 -1.08057570043614
0.470199 -1.03949711433504
0.470298999999999 -1.01097242707865
0.470399000000001 -1.00196831190213
0.470499 -1.00345888104144
0.470598999999998 -0.959981838164074
0.470699 -0.98326790338309
0.470798999999999 -0.94947315095736
0.470899000000001 -0.929245580886888
0.470999 -0.902638336257163
0.471098999999999 -0.875909334458414
0.471199000000001 -0.855920017982319
0.471298999999999 -0.808324040150286
0.471398999999998 -0.793728621789797
0.471499 -0.772514789338773
0.471598999999999 -0.759974845902036
0.471699000000001 -0.718390290815024
0.471799 -0.700170933459996
0.471898999999999 -0.676145451174305
0.471999000000001 -0.656254088211664
0.472098999999999 -0.639720655842733
0.472198999999998 -0.632740587295601
0.472299 -0.60869709696192
0.472398999999999 -0.572135364750768
0.472499000000001 -0.548399201613556
0.472599 -0.528431381978504
0.472698999999998 -0.483241142744328
0.472799 -0.473854761604867
0.472898999999999 -0.429025564335914
0.472998999999998 -0.404384641957039
0.473099 -0.400609986691175
0.473198999999999 -0.358678143753137
0.473299000000001 -0.336393179858548
0.473399 -0.311012210336962
0.473498999999998 -0.284735013381263
0.473599 -0.255360685698635
0.473698999999999 -0.231149989125834
0.473798999999998 -0.19908637929148
0.473899 -0.171190840819415
0.473998999999999 -0.150246110903347
0.474099000000001 -0.105806432054211
0.474198999999999 -0.0792079253669914
0.474298999999998 -0.0530340948493941
0.474399 -0.0290244377427884
0.474498999999999 0.0053484219367166
0.474599000000001 0.0458692666800782
0.474699 0.0431416291153894
0.474798999999999 0.0555092426075823
0.474899000000001 0.070712474923746
0.474998999999999 0.107364331228964
0.475098999999998 0.110393621683196
0.475199 0.137719669402463
0.475298999999999 0.157283284408533
0.475399000000001 0.164288567105102
0.475499 0.210711048303902
0.475598999999999 0.222361964548202
0.475699 0.22215571585024
0.475798999999999 0.254557510318323
0.475898999999998 0.276016321070255
0.475999 0.303507296389531
0.476098999999999 0.334411799733097
0.476199000000001 0.33228423642901
0.476299 0.350849956971392
0.476398999999998 0.364604788826122
0.476499 0.388860523984787
0.476598999999999 0.426637576008882
0.476698999999998 0.454474564298989
0.476799 0.452930886856226
0.476898999999999 0.472788505670745
0.476999000000001 0.471580479087294
0.477098999999999 0.476888936345525
0.477198999999998 0.48961136325924
0.477299 0.485309661487702
0.477398999999999 0.52203830500629
0.477499000000001 0.519808240594602
0.477599 0.539573498668548
0.477698999999999 0.544957519435977
0.477799000000001 0.534581017398469
0.477898999999999 0.533272779705968
0.477998999999998 0.541776203026991
0.478099 0.552482325115115
0.478198999999999 0.545721771788439
0.478299000000001 0.542967753823648
0.478399 0.573141219528835
0.478498999999999 0.563850083953273
0.478599 0.575679173914599
0.478698999999999 0.573589286563265
0.478798999999998 0.605411722884151
0.478899 0.613666738742567
0.478998999999999 0.627407144238143
0.479099000000001 0.638767709319757
0.479199 0.63976529263962
0.479298999999998 0.639870411859568
0.479399 0.655557094826916
0.479498999999999 0.646201472728126
0.479598999999998 0.67883220420658
0.479699 0.675617115815075
0.479798999999999 0.692641273344586
0.479899000000001 0.700567759458997
0.479999 0.686135614996825
0.480098999999998 0.672883233167794
0.480199 0.671411023217309
0.480298999999999 0.677241210068435
0.480398999999998 0.668726326382516
0.480499 0.650807921498333
0.480598999999999 0.66615087519375
0.480699000000001 0.660509269120428
0.480798999999999 0.651374699656926
0.480898999999998 0.674893161556668
0.480999 0.664736218422088
0.481098999999999 0.689577598909386
0.481199000000001 0.682703914442328
0.481299 0.691298403408233
0.481398999999999 0.699367421708888
0.481499000000001 0.676697672892154
0.481598999999999 0.690176911353466
0.481698999999998 0.699916300839956
0.481799 0.706166689277372
0.481898999999999 0.699887205333643
0.481999000000001 0.67700136502877
0.482099 0.673041500657215
0.482198999999998 0.672897817738957
0.482299 0.663342913657676
0.482398999999999 0.666814768636863
0.482498999999998 0.658207487963345
0.482599 0.674051851216667
0.482698999999999 0.664410671670824
0.482799000000001 0.64013985707454
0.482899 0.631769898454266
0.482998999999998 0.635244946031384
0.483099 0.638349886234458
0.483198999999999 0.644181750046797
0.483298999999998 0.643165961615693
0.483399 0.640081439381352
0.483498999999999 0.648050446524623
0.483599000000001 0.646910727569876
0.483698999999999 0.637443483985865
0.483798999999998 0.625819912039351
0.483899 0.621452760447971
0.483998999999999 0.595870867712438
0.484099000000001 0.590687131371141
0.484199 0.567015833129696
0.484298999999999 0.572795614244017
0.484399000000001 0.543300893117439
0.484498999999999 0.562429141965848
0.484598999999998 0.541586934351461
0.484699 0.523524551688444
0.484798999999999 0.513456068296104
0.484899000000001 0.495182744236793
0.484999 0.462910046501018
0.485098999999999 0.47547067596317
0.485199 0.476088386294791
0.485298999999999 0.451715020365487
0.485398999999998 0.46145225641364
0.485499 0.429561701924254
0.485598999999999 0.422611993416048
0.485699000000001 0.415979370338372
0.485799 0.403474065086956
0.485898999999998 0.387873398595416
0.485999 0.383956829663467
0.486098999999999 0.380621774064623
0.486198999999998 0.363450354029696
0.486299 0.356801369612953
0.486398999999999 0.353745558671506
0.486499000000001 0.330761743472911
0.486599 0.314471691302081
0.486698999999998 0.299055097981937
0.486799 0.292986631348417
0.486898999999999 0.274370918622453
0.486999000000001 0.242436466200903
0.487099 0.209310563443842
0.487198999999999 0.203407728008654
0.487299000000001 0.197527560173978
0.487398999999999 0.181846567198913
0.487498999999998 0.130844028957027
0.487599 0.109166452430758
0.487698999999999 0.0676087448842361
0.487799000000001 0.0449184684516671
0.487899 0.0118212869072643
0.487998999999999 -0.012501747202127
0.488099000000001 -0.0296701119965097
0.488198999999999 -0.0619493986241011
0.488298999999998 -0.101860400878912
0.488399 -0.104831825255377
0.488498999999999 -0.0964302806809428
0.488599000000001 -0.128563168605629
0.488699 -0.145691223392117
0.488798999999998 -0.157257185620121
0.488899 -0.174093276508649
0.488998999999999 -0.208283739761321
0.489098999999998 -0.24279007560107
0.489199 -0.259996652540053
0.489298999999999 -0.274951064412065
0.489399000000001 -0.3074471102205
0.489499 -0.330406823705307
0.489598999999998 -0.338800109152541
0.489699 -0.372317122233499
0.489798999999999 -0.372401264470528
0.489899000000001 -0.42000924941047
0.489999 -0.426147590850294
0.490098999999999 -0.443985516334295
0.490199000000001 -0.461793146696742
0.490298999999999 -0.487514586114492
0.490398999999998 -0.498845076065213
0.490499 -0.527557050980555
0.490598999999999 -0.540260688892744
0.490699000000001 -0.55798041633815
0.490799 -0.577378547362579
0.490898999999999 -0.589504906444509
0.490999000000001 -0.616473399924147
0.491098999999999 -0.643409996047329
0.491198999999998 -0.644855902042799
0.491299 -0.665503207769708
0.491398999999999 -0.686282722015428
0.491499000000001 -0.682146366093295
0.491599 -0.722994309636416
0.491698999999998 -0.752540141968027
0.491799 -0.79067804685438
0.491898999999999 -0.825736411690789
0.491998999999998 -0.822926619850803
0.492099 -0.833765668101915
0.492198999999999 -0.858429661727712
0.492299000000001 -0.867434755821851
0.492399 -0.888796290914224
0.492498999999998 -0.9003192552985
0.492599 -0.909919681885593
0.492698999999999 -0.926676910550111
0.492799000000001 -0.918222348664433
0.492899 -0.913723099561229
0.492998999999999 -0.932692829566367
0.493099000000001 -0.923206389571543
0.493198999999999 -0.909959361888223
0.493298999999998 -0.926585839692735
0.493399 -0.92532683099556
0.493498999999999 -0.956372163493852
0.493599000000001 -0.953302950774934
0.493699 -0.955969564955999
0.493798999999999 -0.960369542942497
0.493899000000001 -0.967944045985208
0.493998999999999 -0.957716709784752
0.494098999999998 -0.974595818175791
0.494199 -0.981512568822382
0.494298999999999 -0.98363673128121
0.494399000000001 -0.993962603817059
0.494499 -1.00149717448965
0.494598999999999 -1.00376890209435
0.494699 -0.998300533106499
0.494798999999999 -0.991456385810962
0.494898999999998 -0.972748370469919
0.494999 -0.962217026103033
0.495098999999999 -0.951694498000805
0.495199000000001 -0.944051802976905
0.495299 -0.927597568072914
0.495398999999998 -0.92577420327799
0.495499 -0.927663185316694
0.495598999999999 -0.908746419812482
0.495698999999998 -0.911558035440249
0.495799 -0.919402125498809
0.495898999999999 -0.904669076907746
0.495999000000001 -0.87914982990304
0.496099 -0.882577100120518
0.496198999999998 -0.840801436588437
0.496299 -0.81333342406942
0.496398999999999 -0.793476884064721
0.496499000000001 -0.801438855248142
0.496599 -0.800883542733671
0.496698999999999 -0.778557100861637
0.496799000000001 -0.763754818566283
0.496898999999999 -0.756060636246366
0.496998999999998 -0.723138207885379
0.497099 -0.670106870854795
0.497198999999999 -0.647913341896876
0.497299000000001 -0.615244154859275
0.497399 -0.571771440435917
0.497498999999999 -0.568666152917303
0.497599000000001 -0.532443087314334
0.497698999999999 -0.489665252668596
0.497798999999998 -0.453303485559959
0.497899 -0.424555058463907
0.497998999999999 -0.40425950543965
0.498099000000001 -0.372726392437261
0.498199 -0.350676773355935
0.498298999999998 -0.299190112068374
0.498399 -0.28400093373959
0.498498999999999 -0.241158694544752
0.498598999999998 -0.223503398011543
0.498699 -0.190995318463563
0.498798999999999 -0.144959952580576
0.498899000000001 -0.107633462629356
0.498999 -0.0788256139374493
0.499098999999998 -0.0593747714510979
0.499199 -0.0177641010274498
0.499298999999999 0.00916529590003023
0.499398999999998 0.0482493666128216
0.499499 0.0889215149513938
0.499598999999999 0.105313599744062
0.499699000000001 0.141189250668639
0.499798999999999 0.192874053328243
0.499898999999998 0.253902684905828
0.499999 0.265016892775623
