# Fix print output for fix def1
8.13079295895531e-16 0.0993044693806242
9.90000000008112e-05 0.0805507351709807
0.000199000000000812 0.194977194390656
0.000299000000000813 0.20741259826977
0.000399000000000814 0.306842927844195
0.000499000000000814 0.312027809640503
0.000599000000000816 0.35013002508742
0.000699000000000818 0.38624764942078
0.000799000000000816 0.446200664391076
0.000899000000000818 0.485289829349066
0.000999000000000821 0.516289624290055
0.00109900000000082 0.569932495180444
0.00119900000000082 0.6035496657211
0.00129900000000082 0.655314257577783
0.00139900000000082 0.69047721288863
0.00149900000000082 0.765862167344349
0.00159900000000083 0.785585927326636
0.00169900000000082 0.852506215643007
0.00179900000000083 0.874249351962791
0.00189900000000083 0.905590401295757
0.00199900000000083 0.948378437984238
0.00209900000000083 0.997615966742291
0.00219900000000083 1.03104650269318
0.00229900000000083 1.08878855068725
0.00239900000000083 1.10956905895208
0.00249900000000083 1.15029785495149
0.00259900000000084 1.21686598450047
0.00269900000000083 1.21515627736229
0.00279900000000084 1.26890725553477
0.00289900000000084 1.2969526161419
0.00299900000000083 1.35281462395851
0.00309900000000084 1.36390932301359
0.00319900000000084 1.41271164198522
0.00329900000000084 1.44627829306472
0.00339900000000084 1.50333951512682
0.00349900000000084 1.52307000902136
0.00359900000000084 1.56731363240147
0.00369900000000084 1.58985628518679
0.00379900000000084 1.63678360365579
0.00389900000000084 1.65947303357405
0.00399900000000084 1.71626721513381
0.00409900000000085 1.72836112266203
0.00419900000000085 1.76546964119213
0.00429900000000085 1.78026807975836
0.00439900000000085 1.8292997544622
0.00449900000000085 1.88709262404067
0.00459900000000085 1.92514439986324
0.00469900000000085 1.96032488051073
0.00479900000000083 1.99862680496525
0.00489900000000087 2.03738314722832
0.00499900000000085 2.07624754463213
0.00509900000000083 2.13167206709637
0.00519900000000086 2.16684885824415
0.00529900000000085 2.20647033265806
0.00539900000000088 2.22934166966865
0.00549900000000086 2.27165363270383
0.00559900000000084 2.31621603038083
0.00569900000000088 2.37684730896998
0.00579900000000086 2.3950043244407
0.00589900000000084 2.45283234457712
0.00599900000000087 2.46113216070378
0.00609900000000086 2.53857406824561
0.00619900000000089 2.56701061278747
0.00629900000000087 2.63691706326394
0.00639900000000085 2.62999612652579
0.00649900000000089 2.7103617062712
0.00659900000000087 2.69883929202598
0.00669900000000085 2.79546986218816
0.00679900000000088 2.80769289472938
0.00689900000000087 2.8627564704186
0.00699900000000085 2.90659135100357
0.00709900000000088 2.92277850646292
0.00719900000000086 2.98905498385855
0.0072990000000009 3.03555656055873
0.00739900000000088 3.12004719445091
0.00749900000000086 3.14013555294057
0.00759900000000089 3.21734103058733
0.00769900000000088 3.23005498211686
0.00779900000000086 3.27945474549569
0.00789900000000089 3.31299562957135
0.00799900000000087 3.41172617471417
0.0080990000000009 3.42848802470515
0.00819900000000089 3.47141885274755
0.00829900000000087 3.50106565085293
0.0083990000000009 3.50593766721174
0.00849900000000088 3.54451314563113
0.00859900000000087 3.60603328952955
0.0086990000000009 3.6484445222352
0.00879900000000088 3.70234875671424
0.00889900000000086 3.77262307921283
0.0089990000000009 3.80762169686894
0.00909900000000088 3.8480349315839
0.00919900000000091 3.8803743110417
0.00929900000000089 3.92194448492212
0.00939900000000088 3.96209641558215
0.00949900000000091 4.00043933680591
0.00959900000000089 4.03365532754945
0.00969900000000088 4.07605879879105
0.00979900000000091 4.10856848277799
0.00989900000000089 4.16470414374013
0.00999900000000092 4.17799109376705
0.0100990000000009 4.23091722278435
0.0101990000000009 4.25117984037965
0.0102990000000009 4.2860967478303
0.0103990000000009 4.31989487772779
0.0104990000000009 4.35675704603246
0.0105990000000009 4.37131672842078
0.0106990000000009 4.43968100068864
0.0107990000000009 4.45970151168622
0.0108990000000009 4.51783220009457
0.0109990000000009 4.54944006378441
0.0110990000000009 4.61419798818969
0.0111990000000009 4.64945118851274
0.0112990000000009 4.64905320972582
0.0113990000000009 4.70642194207663
0.0114990000000009 4.74225576430165
0.0115990000000009 4.76197041337446
0.0116990000000009 4.77720536841315
0.0117990000000009 4.80427138443082
0.0118990000000009 4.87007178941929
0.0119990000000009 4.89849888023669
0.0120990000000009 4.93425317471856
0.0121990000000009 4.98300922569382
0.0122990000000009 5.04613006791861
0.0123990000000009 5.06951117032362
0.0124990000000009 5.10564044854472
0.0125990000000009 5.1211523294443
0.0126990000000009 5.17978581042729
0.0127990000000009 5.19773906706723
0.0128990000000009 5.25256215207232
0.0129990000000009 5.29084349271466
0.0130990000000009 5.32851761773294
0.0131990000000009 5.37451349284791
0.0132990000000009 5.41038481324984
0.0133990000000009 5.4345298005173
0.0134990000000009 5.49290144347519
0.0135990000000009 5.52048956614346
0.0136990000000009 5.56144326913961
0.013799000000001 5.60870670208952
0.0138990000000009 5.65440476723816
0.0139990000000009 5.72458137257128
0.014099000000001 5.75361731178921
0.0141990000000009 5.80248496320879
0.0142990000000009 5.85499767933422
0.0143990000000009 5.88070413583785
0.0144990000000009 5.93195088472873
0.0145990000000009 5.95954554460503
0.0146990000000009 6.01335258276046
0.0147990000000009 6.03982068332502
0.014899000000001 6.08414673065612
0.0149990000000009 6.1266349622714
0.0150990000000009 6.15431439423645
0.015199000000001 6.19744381893199
0.0152990000000009 6.23295832563707
0.0153990000000009 6.30158051037637
0.015499000000001 6.36145099885214
0.0155990000000009 6.41065396993536
0.015699000000001 6.45697687074406
0.015799000000001 6.51722794285793
0.0158990000000009 6.54996700574372
0.015999000000001 6.57174159574007
0.016099000000001 6.6061348313442
0.0161990000000009 6.650607097464
0.016299000000001 6.66595874690004
0.0163990000000009 6.69340840251838
0.0164990000000009 6.74460229980732
0.016599000000001 6.77169846386403
0.0166990000000009 6.82397301578745
0.016799000000001 6.8832560883443
0.016899000000001 6.92450757631996
0.0169990000000009 6.95540787061486
0.017099000000001 7.0075150717663
0.0171990000000008 7.04465519538739
0.0172990000000008 7.11642858015383
0.0173990000000008 7.14642431449902
0.0174990000000008 7.17368005148897
0.0175990000000008 7.21555210420753
0.0176990000000008 7.22107601901147
0.0177990000000008 7.27018214778057
0.0178990000000008 7.28233712462649
0.0179990000000008 7.34587857028728
0.0180990000000008 7.3725655450745
0.0181990000000008 7.42095942558746
0.0182990000000007 7.43911760516568
0.0183990000000007 7.47853063618372
0.0184990000000007 7.5326551789461
0.0185990000000007 7.56729394128028
0.0186990000000007 7.59069709324736
0.0187990000000007 7.60260219104945
0.0188990000000007 7.65417537273073
0.0189990000000007 7.68277762721071
0.0190990000000007 7.72440470067331
0.0191990000000007 7.77180858613055
0.0192990000000007 7.79974993449821
0.0193990000000007 7.82991901851817
0.0194990000000007 7.86583836978476
0.0195990000000007 7.89600139286681
0.0196990000000007 7.9350067222739
0.0197990000000007 7.98000260523448
0.0198990000000007 8.02456564483562
0.0199990000000007 8.05624178222824
0.0200990000000007 8.08486726330111
0.0201990000000007 8.1315425687312
0.0202990000000007 8.15050081040237
0.0203990000000007 8.16738432023374
0.0204990000000007 8.24126142288834
0.0205990000000007 8.26403309323433
0.0206990000000007 8.30510414841831
0.0207990000000007 8.3447168763662
0.0208990000000007 8.39455929110302
0.0209990000000007 8.44652454630583
0.0210990000000007 8.47410339272636
0.0211990000000007 8.53336101896164
0.0212990000000007 8.53502028502152
0.0213990000000007 8.60948373646961
0.0214990000000007 8.6265461344802
0.0215990000000007 8.67966261875371
0.0216990000000007 8.728446791715
0.0217990000000007 8.78610709626937
0.0218990000000007 8.80290575460087
0.0219990000000007 8.85498805731746
0.0220990000000007 8.89378334494255
0.0221990000000007 8.92747852236787
0.0222990000000007 8.95082414476793
0.0223990000000007 9.0056762359034
0.0224990000000007 9.04654735911382
0.0225990000000007 9.08335416537671
0.0226990000000008 9.14735343646338
0.0227990000000007 9.1802668970113
0.0228990000000007 9.24446876070903
0.0229990000000008 9.30013582207013
0.0230990000000007 9.32721431589436
0.0231990000000007 9.37464331909924
0.0232990000000007 9.44028062089712
0.0233990000000007 9.43703508294539
0.0234990000000008 9.48499898234988
0.0235990000000007 9.51056551977436
0.0236990000000007 9.56571193338332
0.0237990000000008 9.59129924752927
0.0238990000000007 9.62887940198356
0.0239990000000007 9.68109627421889
0.0240990000000008 9.72850449259186
0.0241990000000007 9.7416250503882
0.0242990000000007 9.81304436023662
0.0243990000000008 9.82437129726989
0.0244990000000007 9.86284436445581
0.0245990000000008 9.88808249395747
0.0246990000000008 9.91252440853571
0.0247990000000007 9.95685343187454
0.0248990000000008 10.0062479020665
0.0249990000000008 10.0369482910634
0.0250990000000007 10.0902720338034
0.0251990000000008 10.1392557042782
0.0252990000000008 10.1537543841488
0.0253990000000008 10.2103149663862
0.0254990000000008 10.2427113071027
0.0255990000000007 10.2681634512243
0.0256990000000008 10.2998879298678
0.0257990000000008 10.3152956102665
0.0258990000000007 10.3560802505765
0.0259990000000008 10.3868095222785
0.0260990000000008 10.4314229726688
0.0261990000000007 10.4715523283431
0.0262990000000008 10.4996186239322
0.0263990000000008 10.5244339209467
0.0264990000000008 10.5432880611664
0.0265990000000008 10.5843687439816
0.0266990000000008 10.6128270015927
0.0267990000000008 10.647727731187
0.0268990000000008 10.6974817034494
0.0269990000000008 10.7179440742744
0.0270990000000008 10.7627400858971
0.0271990000000008 10.7762024890392
0.0272990000000008 10.8341012882449
0.0273990000000008 10.8518448577367
0.0274990000000008 10.8923805759025
0.0275990000000008 10.9347527692969
0.0276990000000008 10.9974183408628
0.0277990000000008 11.0152734747176
0.0278990000000008 11.0623277801002
0.0279990000000008 11.0860637267569
0.0280990000000008 11.1343946288243
0.0281990000000008 11.1739176372623
0.0282990000000008 11.1960323145221
0.0283990000000008 11.2539066059567
0.0284990000000008 11.2711253868004
0.0285990000000008 11.3230816240378
0.0286990000000008 11.3462107995337
0.0287990000000008 11.3794086916917
0.0288990000000008 11.3960501607755
0.0289990000000008 11.4665118536097
0.0290990000000008 11.481467028492
0.0291990000000008 11.5339232675891
0.0292990000000008 11.575256605641
0.0293990000000008 11.6321372997032
0.0294990000000008 11.652624344383
0.0295990000000008 11.7278797680429
0.0296990000000008 11.7286572568206
0.0297990000000008 11.792162262468
0.0298990000000008 11.8205337934228
0.0299990000000008 11.8815799390972
0.0300990000000008 11.9069381679667
0.0301990000000008 11.9455224433979
0.0302990000000008 11.966751701289
0.0303990000000008 12.0217161741509
0.0304990000000008 12.0488963556283
0.0305990000000008 12.1114716636219
0.0306990000000008 12.1417904274387
0.0307990000000008 12.1757091668349
0.0308990000000008 12.2127469140387
0.0309990000000008 12.2682082422653
0.0310990000000008 12.3017101952615
0.0311990000000008 12.3433427332168
0.0312990000000008 12.378604026032
0.0313990000000008 12.4148294974755
0.0314990000000008 12.4466045216077
0.0315990000000008 12.4917226834539
0.0316990000000008 12.4949688605442
0.0317990000000008 12.5488713220315
0.0318990000000008 12.5766972353429
0.0319990000000008 12.6293852242391
0.0320990000000008 12.6622387944669
0.0321990000000008 12.7074359440665
0.0322990000000008 12.742853318866
0.0323990000000008 12.7669406024751
0.0324990000000008 12.795429845597
0.0325990000000008 12.8220119981077
0.0326990000000008 12.8515104848888
0.0327990000000008 12.9037131892095
0.0328990000000008 12.9500397947861
0.0329990000000008 12.9822097616116
0.0330990000000008 12.9944518374849
0.0331990000000008 13.0330448200344
0.0332990000000008 13.0667243779924
0.0333990000000008 13.1007897914587
0.0334990000000008 13.1064538733166
0.0335990000000008 13.1530118113162
0.0336990000000008 13.1667771823599
0.0337990000000008 13.2240087691499
0.0338990000000008 13.2327163383168
0.0339990000000008 13.2745469160494
0.0340990000000009 13.3070542821544
0.0341990000000008 13.3416703124535
0.0342990000000008 13.3641885579371
0.0343990000000009 13.3904190194139
0.0344990000000008 13.4127994277037
0.0345990000000008 13.4670155727302
0.0346990000000008 13.4895396126757
0.0347990000000008 13.5493637547466
0.0348990000000009 13.5700682136529
0.0349990000000008 13.6071752448769
0.0350990000000008 13.6368038744388
0.0351990000000009 13.6674588539467
0.0352990000000008 13.6987498088379
0.0353990000000008 13.7326862395339
0.0354990000000009 13.7652906425692
0.0355990000000008 13.7955709420871
0.0356990000000008 13.8438752478318
0.0357990000000009 13.8726899869358
0.0358990000000008 13.9029831966577
0.0359990000000009 13.9548795851388
0.0360990000000009 13.9876330841531
0.0361990000000008 14.0244841048954
0.0362990000000009 14.0737266879104
0.0363990000000008 14.1010286176681
0.0364990000000008 14.1309767549641
0.0365990000000009 14.1706631076089
0.0366990000000008 14.2001913771471
0.0367990000000009 14.2423111380394
0.0368990000000009 14.2947303818659
0.0369990000000009 14.2981649309906
0.0370990000000009 14.3507406474941
0.0371990000000009 14.4001014306482
0.0372990000000008 14.4256459364832
0.0373990000000009 14.4572454253225
0.0374990000000009 14.5048462247513
0.0375990000000008 14.5370676525867
0.0376990000000009 14.5805845169512
0.0377990000000009 14.6105266616077
0.0378990000000009 14.6747091572274
0.0379990000000009 14.7000772148294
0.0380990000000009 14.7482068239987
0.0381990000000009 14.7849660413718
0.0382990000000009 14.8036370000384
0.0383990000000009 14.8421867415154
0.0384990000000009 14.8660587816552
0.0385990000000009 14.8999814082408
0.0386990000000009 14.9223735291034
0.0387990000000009 14.9606050574194
0.0388990000000009 14.9783121331578
0.0389990000000009 15.0350705888198
0.0390990000000009 15.0951071831368
0.0391990000000009 15.0938274534974
0.0392990000000009 15.1486583208023
0.0393990000000009 15.1871973955016
0.0394990000000009 15.1995159594242
0.0395990000000009 15.2292148996827
0.0396990000000009 15.2522149700846
0.0397990000000009 15.2815908360058
0.0398990000000009 15.3137072541592
0.0399990000000009 15.3629677564372
0.0400990000000009 15.3872949118658
0.0401990000000009 15.4136261690651
0.0402990000000009 15.454620697254
0.0403990000000009 15.4894408858516
0.0404990000000009 15.5365130399542
0.0405990000000009 15.544823333619
0.0406990000000009 15.558761154824
0.0407990000000009 15.6385056382734
0.0408990000000009 15.6508146508959
0.0409990000000009 15.6867398524766
0.0410990000000009 15.6730729222553
0.0411990000000009 15.7137769935037
0.0412990000000009 15.7199581580265
0.0413990000000009 15.7527104373847
0.0414990000000009 15.7461534171376
0.0415990000000009 15.7991275356515
0.0416990000000009 15.837960220639
0.0417990000000009 15.8606658438541
0.0418990000000009 15.8814377664411
0.0419990000000009 15.9105285240376
0.0420990000000009 15.9742212437808
0.0421990000000009 16.0072565231707
0.0422990000000009 16.0138884162402
0.0423990000000009 16.0681590289213
0.0424990000000009 16.0846615488662
0.0425990000000009 16.1111194224154
0.0426990000000009 16.1307229911148
0.0427990000000009 16.1631040905115
0.0428990000000009 16.1923094334001
0.0429990000000009 16.2238916443595
0.0430990000000009 16.2622674625467
0.0431990000000009 16.310307428869
0.0432990000000009 16.3430536481168
0.0433990000000009 16.356885538735
0.0434990000000009 16.3958142093122
0.0435990000000009 16.425559421832
0.0436990000000009 16.4590088702538
0.0437990000000009 16.4820825697783
0.0438990000000009 16.4999000135561
0.0439990000000009 16.5370303301273
0.0440990000000009 16.5791693357139
0.0441990000000009 16.617163813454
0.0442990000000009 16.6429078557775
0.044399000000001 16.6705218484862
0.0444990000000009 16.7356899944519
0.0445990000000009 16.7767204751671
0.0446990000000009 16.7886663685367
0.0447990000000009 16.8276524154633
0.0448990000000009 16.8674359071352
0.0449990000000009 16.8892790348718
0.0450990000000009 16.9161606546455
0.0451990000000009 16.9551464358997
0.0452990000000009 16.972780611559
0.0453990000000009 17.0190588250943
0.0454990000000009 17.0328693567888
0.0455990000000009 17.0832935839849
0.0456990000000009 17.1012212942585
0.045799000000001 17.1299432829941
0.0458990000000009 17.1541394275367
0.0459990000000009 17.2119329888076
0.0460990000000009 17.2265771891481
0.0461990000000009 17.2857198341819
0.046299000000001 17.3051494889523
0.046399000000001 17.3375261180597
0.0464990000000009 17.3499321204027
0.046599000000001 17.3718690214074
0.0466990000000009 17.4089100160488
0.0467990000000009 17.4335068534296
0.046899000000001 17.4619642826988
0.0469990000000009 17.4839375255206
0.0470990000000009 17.5288662993219
0.047199000000001 17.5533890283801
0.0472990000000009 17.6054453700043
0.047399000000001 17.6313930299576
0.047499000000001 17.6537472852881
0.0475990000000009 17.6718312740913
0.0476990000000011 17.704831301858
0.047799000000001 17.7232746507529
0.0478990000000009 17.7592572815142
0.0479990000000009 17.7553396429379
0.0480990000000008 17.7687155956464
0.0481990000000007 17.8096935916102
0.0482990000000012 17.8459308470651
0.0483990000000011 17.8716160438221
0.048499000000001 17.8687151242822
0.048599000000001 17.9268135351701
0.0486990000000009 17.9158723440034
0.0487990000000008 17.9597677460128
0.0488990000000008 17.9516134733202
0.0489990000000012 17.9949333719588
0.0490990000000011 18.0307842150154
0.049199000000001 18.0638411579078
0.049299000000001 18.058139575971
0.0493990000000009 18.0993699797104
0.0494990000000009 18.1260227695096
0.0495990000000008 18.128852873292
0.0496990000000012 18.1515407057783
0.0497990000000011 18.1940203361105
0.0498990000000011 18.2304571685178
0.049999000000001 18.2577471983829
0.0500990000000009 18.2967773026286
0.0501990000000009 18.3019091297665
0.0502990000000008 18.3449390945577
0.0503990000000008 18.34295483321
0.0504990000000012 18.3705838826707
0.0505990000000011 18.3804310495431
0.050699000000001 18.4142003525694
0.050799000000001 18.4286503519757
0.0508990000000009 18.476529732466
0.0509990000000008 18.4930501338699
0.0510990000000008 18.5125646082235
0.0511990000000012 18.5514061408173
0.0512990000000011 18.5723312260553
0.0513990000000011 18.6041300998381
0.051499000000001 18.628938561731
0.0515990000000009 18.6759298906051
0.0516990000000009 18.6816196319008
0.0517990000000008 18.7268656066922
0.0518990000000012 18.7429660777604
0.0519990000000007 18.770518248706
0.0520990000000011 18.8015882136696
0.052199000000001 18.8345931999307
0.052299000000001 18.860252874308
0.0523990000000009 18.8881648082874
0.0524990000000008 18.9054425550887
0.0525990000000008 18.9338571443035
0.0526990000000007 18.9504952779095
0.0527990000000006 18.9982110872972
0.0528990000000011 19.025436683407
0.052999000000001 19.0522183263856
0.0530990000000009 19.0944908813595
0.0531990000000009 19.1285287283156
0.0532990000000008 19.1309354493426
0.0533990000000007 19.1759739650954
0.0534990000000007 19.2053746212135
0.0535990000000011 19.221111767595
0.0536990000000005 19.2484372562355
0.053799000000001 19.2925099868319
0.0538990000000009 19.2966083505264
0.0539990000000008 19.3224167248206
0.0540990000000008 19.3390546391841
0.0541990000000007 19.3659076926842
0.0542990000000006 19.3711779117491
0.0543990000000006 19.434017447854
0.054499000000001 19.4414209814951
0.0545990000000009 19.4591956314976
0.0546990000000009 19.4820323603379
0.0547990000000008 19.5181794992654
0.0548990000000007 19.5424842866943
0.0549990000000007 19.5504353091604
0.0550990000000006 19.588018351325
0.0551990000000005 19.5998589803636
0.0552990000000009 19.6196384763578
0.0553990000000009 19.6119415950789
0.0554990000000008 19.6664569127466
0.0555990000000008 19.6660136018007
0.0556990000000007 19.7043295420662
0.0557990000000006 19.7271759947016
0.0558990000000006 19.7425351242894
0.055999000000001 19.7565406236294
0.0560990000000009 19.7806398501705
0.0561990000000008 19.7976032907917
0.0562990000000008 19.8211802311183
0.0563990000000007 19.8349658555574
0.0564990000000006 19.8691882525189
0.0565990000000006 19.8675685095944
0.056699000000001 19.876449391462
0.0567990000000009 19.9007721942007
0.0568990000000009 19.9141376897716
0.0569990000000008 19.9303928090659
0.0570990000000007 19.9575737581694
0.0571990000000007 19.984909057308
0.0572990000000006 20.001724779809
0.0573990000000005 19.9994515846802
0.057499000000001 20.0058480227306
0.0575990000000009 20.0415462009882
0.0576990000000008 20.038074120713
0.0577990000000008 20.0743023643846
0.0578990000000007 20.0730635236415
0.0579990000000006 20.1088525213942
0.0580990000000006 20.1325421826016
0.058199000000001 20.1610352832873
0.0582990000000009 20.1921823070208
0.0583990000000009 20.1884245723902
0.0584990000000008 20.2060086173567
0.0585990000000007 20.2270165234111
0.0586990000000007 20.2460004252923
0.0587990000000006 20.2388046974583
0.058899000000001 20.2865492318155
0.0589990000000009 20.3016984061466
0.0590990000000009 20.3217205266045
0.0591990000000008 20.3370417342459
0.0592990000000007 20.3814251945989
0.0593990000000007 20.3917672353029
0.0594990000000006 20.401803154056
0.0595990000000006 20.4229826779769
0.059699000000001 20.4567842907568
0.0597990000000009 20.4875314229237
0.0598990000000008 20.5036576208816
0.0599990000000008 20.5515336713609
0.0600990000000007 20.5522573287367
0.0601990000000006 20.5690966662161
0.0602990000000006 20.5757152108069
0.060399000000001 20.5969693778587
0.0604990000000009 20.6284714296838
0.0605990000000009 20.643954831539
0.0606990000000008 20.6847992572532
0.0607990000000007 20.7077715855106
0.0608990000000007 20.7280338689778
0.0609990000000006 20.748544852486
0.061099000000001 20.7781635855399
0.061199000000001 20.7980452984536
0.0612990000000009 20.8243448971484
0.0613990000000008 20.8588260511263
0.0614990000000008 20.8639970237448
0.0615990000000007 20.9020297891781
0.0616990000000006 20.887810653781
0.0617990000000006 20.9086601123505
0.061899000000001 20.951542521734
0.0619990000000009 20.9670839475149
0.0620990000000009 20.9865963508438
0.0621990000000008 21.0216688008132
0.0622990000000007 21.0320122211343
0.0623990000000007 21.0447758326641
0.0624990000000006 21.0834942156957
0.062599000000001 21.0661338599644
0.0626990000000009 21.0935469963315
0.0627990000000009 21.1013279189245
0.0628990000000008 21.0927438133604
0.0629990000000007 21.1269714753475
0.0630990000000007 21.1301188241636
0.0631990000000006 21.1438919231184
0.063299000000001 21.1467012425861
0.063399000000001 21.1831961967682
0.0634990000000009 21.1932108354085
0.0635990000000008 21.1963106053826
0.0636990000000008 21.2116108337119
0.0637990000000007 21.2349585115884
0.0638990000000006 21.2530445097247
0.0639990000000011 21.274740955854
0.064099000000001 21.2811161674578
0.0641990000000009 21.2879605345804
0.0642990000000009 21.2915994970901
0.0643990000000008 21.2956347769051
0.0644990000000007 21.3299337596592
0.0645990000000007 21.3347449829671
0.0646990000000006 21.3563254685527
0.064799000000001 21.3690137602196
0.064899000000001 21.3487742648806
0.0649990000000009 21.3522028410224
0.0650990000000008 21.3795916991019
0.0651990000000008 21.3584294616257
0.0652990000000007 21.3951246982514
0.0653990000000006 21.3963438014489
0.065499000000001 21.4167910399135
0.065599000000001 21.433865948855
0.0656990000000009 21.4416744805111
0.0657990000000009 21.4582252490115
0.0658990000000008 21.4560769273753
0.0659990000000007 21.4589648588939
0.0660990000000007 21.4672581870185
0.0661990000000011 21.4899669515527
0.066299000000001 21.486085646913
0.0663990000000009 21.5052600927329
0.0664990000000009 21.5115540052214
0.0665990000000008 21.5348432563017
0.0666990000000008 21.5458847817445
0.0667990000000007 21.5660908114525
0.0668990000000006 21.5886427687404
0.066999000000001 21.5783767633623
0.067099000000001 21.5970624329222
0.0671990000000009 21.5923717209515
0.0672990000000008 21.6175297197378
0.0673990000000008 21.6482558972226
0.0674990000000007 21.6693909782192
0.0675990000000006 21.6824884901388
0.0676990000000011 21.6988311899997
0.067799000000001 21.7007804472442
0.0678990000000009 21.7212109893634
0.0679990000000009 21.7448367646595
0.0680990000000008 21.7554377151489
0.0681990000000007 21.7652462196977
0.0682990000000007 21.8005268198112
0.0683990000000011 21.8171578559299
0.068499000000001 21.8416691493362
0.068599000000001 21.8589829061527
0.0686990000000009 21.880396958444
0.0687990000000008 21.8829852195134
0.0688990000000008 21.9018324028616
0.0689990000000007 21.8919473375946
0.0690990000000006 21.9158780556566
0.0691990000000011 21.9151376424258
0.069299000000001 21.92524069185
0.0693990000000009 21.9412351088104
0.0694990000000009 21.9770760737304
0.0695990000000008 22.0082164198805
0.0696990000000007 22.0158307594181
0.0697990000000007 22.0290736698874
0.0698990000000011 22.0301419568783
0.069999000000001 22.0498532286715
0.070099000000001 22.0373307135478
0.0701990000000009 22.0640776153615
0.0702990000000008 22.0601282235243
0.0703990000000008 22.0847257238414
0.0704990000000007 22.1156923596284
0.0705990000000011 22.1252401583837
0.070699000000001 22.1345982500339
0.070799000000001 22.1240306717528
0.0708990000000009 22.140301275753
0.0709990000000009 22.1415711816801
0.0710990000000008 22.1476775436284
0.0711990000000007 22.1467121310899
0.0712990000000007 22.157206192267
0.0713990000000011 22.1731980671206
0.071499000000001 22.1641269721794
0.0715990000000009 22.1486943081036
0.0716990000000009 22.1863241090923
0.0717990000000008 22.2008227064535
0.0718990000000008 22.2157683293185
0.0719990000000007 22.2224147756536
0.0720990000000011 22.2299763980905
0.072199000000001 22.2332778098355
0.072299000000001 22.2228025160213
0.0723990000000009 22.2332739755656
0.0724990000000008 22.2586970567975
0.0725990000000008 22.2366723965457
0.0726990000000007 22.2362614830487
0.0727990000000011 22.2208199671312
0.072899000000001 22.2487734768344
0.072999000000001 22.2512085884992
0.0730990000000009 22.2622448040879
0.0731990000000009 22.2396866072967
0.0732990000000008 22.2233143301407
0.0733990000000007 22.2257460825457
0.0734990000000007 22.2325935817117
0.0735990000000011 22.2539928006538
0.073699000000001 22.2342308535506
0.0737990000000009 22.2572415786787
0.0738990000000009 22.238159429285
0.0739990000000008 22.2256127884199
0.0740990000000008 22.245651054321
0.0741990000000007 22.2626685175226
0.0742990000000011 22.2722172742736
0.074399000000001 22.2673656836127
0.074499000000001 22.2495790186074
0.0745990000000009 22.2808515342981
0.0746990000000008 22.2439291830867
0.0747990000000008 22.2779742610606
0.0748990000000007 22.2680765816801
0.0749990000000011 22.2833276264705
0.0750990000000011 22.3086522932366
0.075199000000001 22.280712445312
0.0752990000000009 22.2971027993068
0.0753990000000009 22.2854743382056
0.0754990000000008 22.3118568776513
0.0755990000000007 22.3034583439387
0.0756990000000012 22.3035135584513
0.0757990000000011 22.2849105767558
0.075899000000001 22.2842921128911
0.075999000000001 22.3049619381269
0.0760990000000009 22.3240701619554
0.0761990000000008 22.3263750060659
0.0762990000000008 22.3444332453047
0.0763990000000007 22.3405756768779
0.0764990000000011 22.3376134344273
0.0765990000000011 22.3296401627771
0.076699000000001 22.3444817790563
0.0767990000000009 22.3419255418231
0.0768990000000009 22.3592666914037
0.0769990000000008 22.3505932210455
0.0770990000000007 22.3501523096808
0.0771990000000011 22.3552668202337
0.0772990000000011 22.363323740597
0.077399000000001 22.3455442069381
0.077499000000001 22.3434123879538
0.0775990000000009 22.3202054329034
0.0776990000000008 22.3444378863124
0.0777990000000008 22.3502704867086
0.0778990000000012 22.3645045286193
0.0779990000000011 22.3287626553137
0.078099000000001 22.3148412655652
0.078199000000001 22.3112068049066
0.0782990000000009 22.2879912299041
0.0783990000000008 22.3054967280655
0.0784990000000008 22.3152434392695
0.0785990000000007 22.3107157505484
0.0786990000000011 22.283740973053
0.0787990000000011 22.2800705199213
0.078899000000001 22.2647488022597
0.0789990000000009 22.276332263395
0.0790990000000009 22.2519362183938
0.0791990000000008 22.2274545550316
0.0792990000000008 22.231573248008
0.0793990000000012 22.1995377888443
0.0794990000000011 22.195966011706
0.079599000000001 22.1467239139195
0.079699000000001 22.0985404996427
0.0797990000000009 22.0564721122589
0.0798990000000008 22.0180728263396
0.0799990000000008 21.9674564358496
0.0800990000000012 21.8823352188646
0.0801990000000011 21.8670676052225
0.0802990000000011 21.7913503410819
0.080399000000001 21.7450194645545
0.0804990000000009 21.6495433443859
0.0805990000000009 21.559137993799
0.0806990000000008 21.4753112614435
0.0807990000000007 21.3456188551663
0.0808990000000012 21.2601779862907
0.0809990000000011 21.1427957461871
0.081099000000001 21.0110209744693
0.081199000000001 20.8609552526195
0.0812990000000009 20.7296989201742
0.0813990000000008 20.6061165416999
0.0814990000000008 20.4869900011324
0.0815990000000012 20.3470735198813
0.0816990000000011 20.1925250126731
0.0817990000000011 20.0315529760311
0.081899000000001 19.8692652512504
0.0819990000000009 19.6603172866416
0.0820990000000008 19.4881326008087
0.0821990000000008 19.2403968581367
0.0822990000000012 19.011776786415
0.0823990000000011 18.7684914671898
0.0824990000000011 18.5230586276394
0.082599000000001 18.2639550550614
0.082699000000001 17.9844722059523
0.0827990000000009 17.6806281068974
0.0828990000000008 17.4387773784878
0.0829990000000008 17.1282634032826
0.0830990000000012 16.8044375834456
0.0831990000000011 16.4853685081673
0.083299000000001 16.1605591432585
0.083399000000001 15.8209196366627
0.0834990000000009 15.4689326845512
0.0835990000000008 15.1212082405185
0.0836990000000008 14.7589223230788
0.0837990000000012 14.4570399653621
0.0838990000000011 14.1075419577117
0.0839990000000011 13.8176729228544
0.084099000000001 13.52248448781
0.0841990000000009 13.243836659179
0.0842990000000009 12.9543866838704
0.0843990000000008 12.7299465496204
0.0844990000000012 12.5030655778154
0.0845990000000012 12.267944780354
0.0846990000000011 12.0387775331464
0.084799000000001 11.8113345364222
0.084899000000001 11.5966021479595
0.0849990000000009 11.3455446366176
0.0850990000000008 11.1192616791107
0.0851990000000012 10.8604686450195
0.0852990000000012 10.6999981346871
0.0853990000000011 10.5011770534962
0.085499000000001 10.3113163278487
0.085599000000001 10.0834932623988
0.0856990000000009 9.90117443651006
0.0857990000000009 9.67322014395611
0.0858990000000008 9.52687068696465
0.0859990000000012 9.37148510246771
0.0860990000000011 9.21447077429224
0.0861990000000011 9.03640271822621
0.086299000000001 8.90882341068952
0.0863990000000009 8.74235620062369
0.0864990000000009 8.63342315898033
0.0865990000000008 8.50916501115503
0.0866990000000012 8.38864436785737
0.0867990000000012 8.30135435130112
0.0868990000000011 8.18821489310211
0.086999000000001 8.10285354947783
0.087099000000001 8.04958846117991
0.0871990000000009 7.98216925305204
0.0872990000000008 7.93582906587956
0.0873990000000013 7.87353579537529
0.0874990000000007 7.79550863772299
0.0875990000000011 7.72384993242376
0.0876990000000011 7.66729830783672
0.087799000000001 7.68016773940281
0.0878990000000009 7.61760904571737
0.0879990000000009 7.59417121425862
0.0880990000000008 7.52282521748769
0.0881990000000007 7.54045161478995
0.0882990000000007 7.53300711668012
0.0883990000000011 7.51718952487168
0.088499000000001 7.4819598988246
0.088599000000001 7.43426723362554
0.0886990000000009 7.43146363328612
0.0887990000000008 7.37016254852931
0.0888990000000008 7.36371247069276
0.0889990000000007 7.30161942373386
0.0890990000000011 7.2820120513422
0.0891990000000011 7.22659394942328
0.089299000000001 7.20600729072348
0.0893990000000009 7.19692902642041
0.0894990000000009 7.19521712995899
0.0895990000000008 7.18385622677849
0.0896990000000007 7.15271449214522
0.0897990000000012 7.09225856895914
0.0898990000000011 7.08163771457734
0.089999000000001 7.06774183797605
0.0900990000000009 7.02919144977927
0.0901990000000009 6.9888772159047
0.0902990000000008 6.94049655815088
0.0903990000000007 6.9368514658548
0.0904990000000007 6.880140985407
0.0905990000000006 6.89944572744529
0.0906990000000006 6.88980986435322
0.090799000000001 6.86349830825948
0.0908990000000009 6.85813812768473
0.0909990000000008 6.85953870424326
0.0910990000000008 6.87049430652804
0.0911990000000007 6.85452202409406
0.0912990000000007 6.86282309646271
0.0913990000000006 6.88761675605724
0.091499000000001 6.87774715406068
0.0915990000000009 6.86418408111198
0.0916990000000009 6.84415119011971
0.0917990000000008 6.86408307089196
0.0918990000000007 6.84888648256492
0.0919990000000007 6.8850482168818
0.0920990000000006 6.8818329458075
0.092199000000001 6.86807812472414
0.092299000000001 6.87294781238509
0.0923990000000009 6.87177999035605
0.0924990000000008 6.85973067272473
0.0925990000000008 6.87106934993087
0.0926990000000007 6.8594437726767
0.0927990000000006 6.89246628278029
0.0928990000000006 6.84931190563032
0.092999000000001 6.85839402709356
0.0930990000000009 6.84267190432119
0.0931990000000009 6.81155974757039
0.0932990000000008 6.80937888165047
0.0933990000000007 6.83217612319558
0.0934990000000007 6.8309504050971
0.0935990000000006 6.83419079625796
0.093699000000001 6.82619930206274
0.093799000000001 6.82771393438091
0.0938990000000009 6.81625834616979
0.0939990000000008 6.85219354274964
0.0940990000000008 6.86608290439572
0.0941990000000007 6.86633870435088
0.0942990000000006 6.89879518359322
0.094399000000001 6.87600210066266
0.094499000000001 6.86644632170378
0.0945990000000009 6.87177018470313
0.0946990000000009 6.88928754945138
0.0947990000000008 6.90937641151547
0.0948990000000007 6.91618199953518
0.0949990000000007 6.89436626415723
0.0950990000000006 6.89861257726895
0.095199000000001 6.90746957756259
0.0952990000000009 6.91365246173449
0.0953990000000009 6.87793872836022
0.0954990000000008 6.88801957207027
0.0955990000000007 6.86451153535302
0.0956990000000007 6.84839379520024
0.0957990000000006 6.82099777454733
0.095899000000001 6.81293907307151
0.095999000000001 6.80111817831677
0.0960990000000009 6.78472184347866
0.0961990000000008 6.7742565419828
0.0962990000000008 6.76254202265367
0.0963990000000007 6.74768532504914
0.0964990000000007 6.75352501450429
0.0965990000000011 6.71189673207645
0.096699000000001 6.69908656812202
0.0967990000000009 6.64147849717628
0.0968990000000009 6.64232447002899
0.0969990000000008 6.61389555015279
0.0970990000000007 6.63081189666235
0.0971990000000007 6.59973541099931
0.0972990000000006 6.6134338483693
0.097399000000001 6.57257207664827
0.0974990000000009 6.57755536493246
0.0975990000000009 6.56904967662798
0.0976990000000008 6.5450731012277
0.0977990000000008 6.57289531151125
0.0978990000000007 6.58682192635311
0.0979990000000006 6.57292846344423
0.098099000000001 6.60869141229176
0.098199000000001 6.60490877106034
0.0982990000000009 6.61702859356495
0.0983990000000008 6.61624042287519
0.0984990000000008 6.60279702333691
0.0985990000000007 6.55722780693196
0.0986990000000006 6.51291548971174
0.0987990000000011 6.51956913782103
0.098899000000001 6.48218092032857
0.0989990000000009 6.46244820364839
0.0990990000000009 6.42950319664264
0.0991990000000008 6.41731031288778
0.0992990000000007 6.40424625629634
0.0993990000000007 6.40232114155982
0.0994990000000011 6.37873769074684
0.099599000000001 6.40069983812885
0.099699000000001 6.43669392188363
0.0997990000000009 6.39753382375522
0.0998990000000008 6.42033623359451
0.0999990000000008 6.43606806692346
0.100099000000001 6.46625968606656
0.100199000000001 6.43617379277527
0.100299000000001 6.45037115278005
0.100399000000001 6.43305168541684
0.100499000000001 6.46189818517211
0.100599000000001 6.46414767326686
0.100699000000001 6.47933995949181
0.100799000000001 6.46274344534837
0.100899000000001 6.44630810270698
0.100999000000001 6.45420844736398
0.101099000000001 6.4390557850229
0.101199000000001 6.48887110652308
0.101299000000001 6.46010719713879
0.101399000000001 6.48018479559854
0.101499000000001 6.47526523502384
0.101599000000001 6.50922528252995
0.101699000000001 6.53752690754026
0.101799000000001 6.54856139504212
0.101899000000001 6.57483981888673
0.101999000000001 6.5760988686347
0.102099000000001 6.59667106634338
0.102199000000001 6.60685634469961
0.102299000000001 6.64078133486999
0.102399000000001 6.6338814675691
0.102499000000001 6.66070098406795
0.102599000000001 6.6689240761869
0.102699000000001 6.68676942058116
0.102799000000001 6.72324373934727
0.102899000000001 6.72441415008462
0.102999000000001 6.74554210132859
0.103099000000001 6.75973146166077
0.103199000000001 6.73673024291529
0.103299000000001 6.74242186975927
0.103399000000001 6.79198691366948
0.103499000000001 6.82223691558138
0.103599000000001 6.84075734003834
0.103699000000001 6.82220108289049
0.103799000000001 6.86352599842529
0.103899000000001 6.85535921931978
0.103999000000001 6.86215950655688
0.104099000000001 6.90259605136264
0.104199000000001 6.92057739944659
0.104299000000001 6.96737724088241
0.104399000000001 6.96588190281938
0.104499000000001 6.98634091336417
0.104599000000001 6.97664091565818
0.104699000000001 7.01597362807914
0.104799000000001 7.01569675828825
0.104899000000001 7.00659840000373
0.104999000000001 7.04489718900196
0.105099000000001 7.04275433567136
0.105199000000001 7.06427190954317
0.105299000000001 7.07456712745719
0.105399000000001 7.06481636907686
0.105499000000001 7.07314329305733
0.105599000000001 7.0843169465583
0.105699000000001 7.08221262821287
0.105799000000001 7.10493621965819
0.105899000000001 7.07591207480677
0.105999000000001 7.12147364701653
0.106099000000001 7.10817886556471
0.106199000000001 7.14403828794386
0.106299000000001 7.14672105727391
0.106399000000001 7.13907481760697
0.106499000000001 7.15809884190007
0.106599000000001 7.15034244104901
0.106699000000001 7.10322302065423
0.106799000000001 7.11536296635446
0.106899000000001 7.09813978973886
0.106999000000001 7.10301162617705
0.107099000000001 7.09339271518913
0.107199000000001 7.10150113874291
0.107299000000001 7.0609844861994
0.107399000000001 7.08040236488541
0.107499000000001 7.05269270872717
0.107599000000001 7.03281045379365
0.107699000000001 7.04087563057979
0.107799000000001 7.08446640185521
0.107899000000001 7.05740704673076
0.107999000000001 7.06423268255799
0.108099000000001 7.06806060854964
0.108199000000001 7.07146098511053
0.108299000000001 7.06642899815582
0.108399000000001 7.08138261236613
0.108499000000001 7.06846780133472
0.108599000000001 7.05299768467308
0.108699000000001 7.09566382964002
0.108799000000001 7.08487763622802
0.108899000000001 7.08401593019981
0.108999000000001 7.1060347069038
0.109099000000001 7.12028485586049
0.109199000000001 7.13377680273231
0.109299000000001 7.12192540641179
0.109399000000001 7.10879572525961
0.109499000000001 7.10631392088536
0.109599000000001 7.0973803755514
0.109699000000001 7.12390568788045
0.109799000000001 7.09089224433249
0.109899000000001 7.12720320173183
0.109999000000001 7.11202843483642
0.110099000000001 7.13929106882185
0.110199000000001 7.13115394301266
0.110299000000001 7.14982597465183
0.110399000000001 7.12967273300722
0.110499000000001 7.12936129691299
0.110599000000001 7.11497494272326
0.110699000000001 7.10435156199592
0.110799000000001 7.08627638867293
0.110899000000001 7.10083935220092
0.110999000000001 7.10329741565244
0.111099000000001 7.11808263631887
0.111199000000001 7.10293523467271
0.111299000000001 7.14084363534886
0.111399000000001 7.12030937624089
0.111499000000001 7.17210095835099
0.111599000000001 7.1585274050633
0.111699000000001 7.14219755278906
0.111799000000001 7.16316821392305
0.111899000000001 7.18571213857601
0.111999000000001 7.1895160915691
0.112099000000001 7.19819420243552
0.112199000000001 7.18562280780901
0.112299000000001 7.14267671538517
0.112399000000001 7.17687473575651
0.112499000000001 7.12938874500365
0.112599000000001 7.17468135513681
0.112699000000001 7.1638139039043
0.112799000000001 7.1634508165341
0.112899000000001 7.15102769231263
0.112999000000001 7.17251255032838
0.113099000000001 7.1535659446668
0.113199000000001 7.14564286212715
0.113299000000001 7.14665062803629
0.113399000000001 7.17683872752967
0.113499000000001 7.18632421645561
0.113599000000001 7.21504511711052
0.113699000000001 7.19070662124273
0.113799000000001 7.19692007321961
0.113899000000001 7.21961288901171
0.113999000000001 7.23319853730358
0.114099000000001 7.20705756210964
0.114199000000001 7.21876650307848
0.114299000000001 7.19726707990787
0.114399000000001 7.24653609136045
0.114499000000001 7.2163818807167
0.114599000000001 7.24439754465341
0.114699000000001 7.23753824771267
0.114799000000001 7.25578125776263
0.114899000000001 7.2221425753805
0.114999000000001 7.20441930334171
0.115099000000001 7.18703287814122
0.115199000000001 7.21245935984257
0.115299000000001 7.21149004906148
0.115399000000001 7.21392348946724
0.115499000000001 7.197696755892
0.115599000000001 7.21174662174594
0.115699000000001 7.18819331025193
0.115799000000001 7.23409793793062
0.115899000000001 7.22558596064112
0.115999000000001 7.20709184022736
0.116099000000001 7.21274104728688
0.116199000000001 7.22766173176462
0.116299000000001 7.24831736897713
0.116399000000001 7.24244995097761
0.116499000000001 7.24161721368467
0.116599000000001 7.22353145799986
0.116699000000001 7.22861877566074
0.116799000000001 7.22409684729332
0.116899000000001 7.26611899045523
0.116999000000001 7.23070145709072
0.117099000000001 7.23464452685203
0.117199000000001 7.2176596692934
0.117299000000001 7.18481016484326
0.117399000000001 7.17065155948592
0.117499000000001 7.21315000715095
0.117599000000001 7.21897173652615
0.117699000000001 7.19230183098881
0.117799000000001 7.18278374438915
0.117899000000001 7.21773014501695
0.117999000000001 7.21709359893619
0.118099000000001 7.24948975954383
0.118199000000001 7.23666323670398
0.118299000000001 7.24808850515695
0.118399000000001 7.24284621255856
0.118499000000001 7.26333590533142
0.118599000000001 7.29226039027189
0.118699000000001 7.30371440875188
0.118799000000001 7.31875431470629
0.118899000000001 7.33511121198249
0.118999000000001 7.37645969616935
0.119099000000001 7.40017089630221
0.119199000000001 7.40611865356656
0.119299000000001 7.39589744395303
0.119399000000001 7.40636681547369
0.119499000000001 7.42012000017635
0.119599000000001 7.40978121697015
0.119699000000001 7.42906619746075
0.119799000000001 7.42049584881845
0.119899000000001 7.4161785950281
0.119999000000001 7.43149346601545
0.120099000000001 7.43801875805531
0.120199000000001 7.47005395559416
0.120299000000001 7.46496869480874
0.120399000000001 7.4689101125614
0.120499000000001 7.45993189476244
0.120599000000001 7.50038125372962
0.120699000000001 7.4879442056861
0.120799000000001 7.52265894646722
0.120899000000001 7.54942094943136
0.120999000000001 7.52489424044326
0.121099000000001 7.56147817258309
0.121199000000001 7.59232901082173
0.121299000000001 7.60324288900031
0.121399000000001 7.623440539741
0.121499000000001 7.62753336444045
0.121599000000001 7.65431916806534
0.121699000000001 7.65321724985653
0.121799000000001 7.64697327916323
0.121899000000001 7.6754465491265
0.121999000000001 7.70373483218119
0.122099000000001 7.72238081597564
0.122199000000001 7.75593610588615
0.122299000000001 7.73336512104269
0.122399000000001 7.72240025648165
0.122499000000001 7.74083849706016
0.122599000000001 7.73931875677465
0.122699000000001 7.7293235792518
0.122799000000001 7.73415048080618
0.122899000000001 7.73044081516981
0.122999000000001 7.75920919498277
0.123099000000001 7.78233342374866
0.123199000000001 7.77797875044272
0.123299000000001 7.80557980946786
0.123399000000001 7.78364459904781
0.123499000000001 7.80934952443738
0.123599000000001 7.78670834668948
0.123699000000001 7.78949122447985
0.123799000000001 7.777417016971
0.123899000000001 7.79905850392585
0.123999000000001 7.77351025545783
0.124099000000001 7.80654419552647
0.124199000000001 7.77103704105821
0.124299000000001 7.8071414492078
0.124399000000001 7.79921169952605
0.124499000000001 7.82546545869303
0.124599000000001 7.82667085248758
0.124699000000001 7.88829046646617
0.124799000000001 7.86694109392105
0.124899000000001 7.89809861147378
0.124999000000001 7.89921049672505
0.125099000000001 7.89485177421748
0.125199000000001 7.92247405475364
0.125299000000001 7.96680836393517
0.125399000000001 7.98649691999345
0.125499000000001 8.01345806037653
0.125599000000001 8.05648206017847
0.125699000000001 8.07199518937497
0.125799000000001 8.08133077601991
0.125899000000001 8.1098395147691
0.125999000000001 8.08749380108481
0.126099000000001 8.11602588128235
0.126199000000001 8.08563894573119
0.126299000000001 8.11067725679241
0.126399000000001 8.11561792898184
0.126499000000001 8.11967485462241
0.126599000000001 8.10253795585584
0.126699000000001 8.10886918507356
0.126799000000001 8.10665380415029
0.126899000000001 8.09671500135254
0.126999000000001 8.11085637175907
0.127099000000001 8.05584084618556
0.127199000000001 8.05738957550184
0.127299000000001 8.07354592070987
0.127399000000001 8.10696137067173
0.127499000000001 8.10930129511847
0.127599000000001 8.13665017711971
0.127699000000001 8.13036854923816
0.127799000000001 8.11199517569154
0.127899000000001 8.1057077618285
0.127999000000001 8.13069808176552
0.128099000000001 8.13939764237991
0.128199000000001 8.1280705770906
0.128299000000001 8.13567827635628
0.128399000000001 8.16404484704906
0.128499000000001 8.14251235528536
0.128599000000001 8.13721458829481
0.128699000000001 8.1300416284242
0.128799000000001 8.13755917754055
0.128899000000001 8.10350620566543
0.128999000000001 8.06492152265915
0.129099000000001 8.06915362166119
0.129199000000001 8.0591719815938
0.129299000000001 8.05697117318705
0.129399000000001 8.03867079397462
0.129499000000001 8.06736386603019
0.129599000000001 8.02315338987473
0.129699000000001 8.01377705622205
0.129799000000001 8.05218340702093
0.129899000000001 8.01059144477873
0.129999000000001 8.04129867747131
0.130099000000001 8.03843239267143
0.130199000000001 8.06484564244608
0.130299000000001 8.0571159394071
0.130399000000001 8.0783325685332
0.130499000000001 8.09139331400814
0.130599000000001 8.10718807944919
0.130699000000001 8.1224887047794
0.130799000000001 8.12918282455864
0.130899000000001 8.13557308083307
0.130999000000001 8.1676864086141
0.131099000000001 8.16088204699783
0.131199000000001 8.16760263272421
0.131299000000001 8.19849633052181
0.131399000000001 8.17680629170835
0.131499000000001 8.1932116742539
0.131599000000001 8.19988694972815
0.131699000000001 8.23037325479343
0.131799000000001 8.22865846033013
0.131899000000001 8.27270001938414
0.131999000000001 8.2657720224716
0.132099000000001 8.30952625145631
0.132199000000001 8.30829339368118
0.132299000000001 8.3438497702614
0.132399000000001 8.38068949112842
0.132499000000001 8.38237486391087
0.132599000000001 8.38367218979036
0.132699000000001 8.41117775067425
0.132799000000001 8.43351213805357
0.132899000000001 8.43367728864414
0.132999000000001 8.49113818184694
0.133099000000001 8.45664936545779
0.133199000000001 8.45960906206138
0.133299000000001 8.44733636269509
0.133399000000001 8.45712519745506
0.133499000000001 8.47099456711891
0.133599000000001 8.46717739168234
0.133699000000001 8.4766870833341
0.133799000000001 8.47441718549033
0.133899000000001 8.4620801196449
0.133999000000001 8.50263582004566
0.134099000000001 8.49860750676321
0.134199000000001 8.50589492178052
0.134299000000001 8.50929784890753
0.134399000000001 8.52828033096356
0.134499000000001 8.53699141487737
0.134599000000001 8.54074264071187
0.134699000000001 8.53382554486029
0.134799000000001 8.54232883147241
0.134899000000001 8.55281155372848
0.134999000000001 8.54464349788605
0.135099000000001 8.56228897414879
0.135199000000001 8.578428875589
0.135299000000001 8.61673781416759
0.135399000000001 8.59347747019421
0.135499000000001 8.6232791252937
0.135599000000001 8.59972513021153
0.135699000000001 8.61689168891861
0.135799000000001 8.56911896724973
0.135899000000001 8.55455796952979
0.135999000000001 8.58657520202797
0.136099000000001 8.57671120937054
0.136199000000001 8.54233921376068
0.136299000000001 8.54399683003822
0.136399000000001 8.54961850796928
0.136499000000001 8.55667503477422
0.136599000000001 8.5794752543539
0.136699000000001 8.60285659674233
0.136799000000001 8.60381156155613
0.136899000000001 8.59552308528517
0.136999000000001 8.60817690329271
0.137099000000001 8.60250284703048
0.137199000000001 8.59963222027343
0.137299000000001 8.62380092221745
0.137399000000001 8.61863601083401
0.137499000000001 8.61989202539615
0.137599000000001 8.61053429577872
0.137699000000001 8.57981022776291
0.137799000000001 8.53900013810899
0.137899000000001 8.54212077223587
0.137999000000001 8.54291518632322
0.138099000000001 8.49602881384302
0.138199000000001 8.47712701683165
0.138299000000001 8.46754099725902
0.138399000000001 8.45231275090095
0.138499000000001 8.42170188349383
0.138599000000001 8.40738739230571
0.138699000000001 8.39651628269381
0.138799000000001 8.40470762970734
0.138899000000001 8.3982865042557
0.138999000000001 8.40214454606658
0.139099000000001 8.40175489875537
0.139199000000001 8.39938792267262
0.139299000000001 8.42451083066703
0.139399000000001 8.42823295053045
0.139499000000001 8.43079375816895
0.139599000000001 8.42730816382229
0.139699000000001 8.46492265672117
0.139799000000001 8.49843366093276
0.139899000000001 8.5405321692412
0.139999000000001 8.5352050697742
0.140099000000001 8.57374197838306
0.140199000000001 8.57088615626408
0.140299000000001 8.58839276185391
0.140399000000001 8.58646485022294
0.140499000000001 8.61733227094212
0.140599000000001 8.59402782567494
0.140699000000001 8.60770337005207
0.140799000000001 8.62308740514393
0.140899000000001 8.63985348561398
0.140999000000001 8.61834013352766
0.141099000000001 8.63006652249233
0.141199000000001 8.60646266202209
0.141299000000001 8.60263056139831
0.141399000000001 8.59645816494443
0.141499000000001 8.59657028559482
0.141599000000001 8.57289987967699
0.141699000000001 8.54963960392055
0.141799000000001 8.5629059482155
0.141899000000001 8.56652760369809
0.141999000000001 8.57455610643935
0.142099000000001 8.557185211453
0.142199000000001 8.53653586060693
0.142299000000001 8.52959693676425
0.142399000000001 8.52086865101082
0.142499000000001 8.51162425440587
0.142599000000001 8.48803684045563
0.142699000000001 8.48152348265501
0.142799000000001 8.47410208979903
0.142899000000001 8.47333956550287
0.142999000000001 8.48269053146912
0.143099000000001 8.4853618053548
0.143199000000001 8.48863937819688
0.143299000000001 8.48606261994346
0.143399000000001 8.48985854167213
0.143499000000001 8.52169228146358
0.143599000000001 8.56073648415644
0.143699000000001 8.59172515005958
0.143799000000001 8.6306943364662
0.143899000000001 8.63707075123899
0.143999000000001 8.68326985879941
0.144099000000001 8.6927516962453
0.144199000000001 8.76412938675828
0.144299000000001 8.75855468405573
0.144399000000001 8.77325572467936
0.144499000000001 8.83006838820215
0.144599000000001 8.8629605042985
0.144699000000001 8.87207121278216
0.144799000000001 8.9038999300558
0.144899000000001 8.93138140492758
0.144999000000001 8.96075272751605
0.145099000000001 8.98400161401655
0.145199000000001 8.9754019804809
0.145299000000001 9.00188092416754
0.145399000000001 8.99620723752569
0.145499000000001 8.97464186418266
0.145599000000001 8.9731651549388
0.145699000000001 8.95396628350377
0.145799000000001 8.96480225470295
0.145899000000001 8.95292995807989
0.145999000000001 8.96973150194341
0.146099000000001 8.9488141741099
0.146199000000001 8.98317063919609
0.146299000000001 8.94903025157623
0.146399000000001 8.97304502972731
0.146499000000001 8.9755559257636
0.146599000000001 8.98106280819548
0.146699000000001 8.98250845502739
0.146799000000001 9.02145668562588
0.146899000000001 9.04050439423385
0.146999000000001 9.05400385284359
0.147099000000001 9.04522683984431
0.147199000000001 9.07179664116021
0.147299000000001 9.07048917151907
0.147399000000001 9.08882814841992
0.147499000000001 9.12008463410705
0.147599000000001 9.10587778618797
0.147699000000001 9.1371367223436
0.147799000000001 9.1705683560054
0.147899000000001 9.17456769750048
0.147999000000001 9.18066959656732
0.148099000000001 9.19495911357593
0.148199000000001 9.19511586275762
0.148299000000001 9.20380539576935
0.148399000000001 9.18884699929674
0.148499000000001 9.22614545374837
0.148599000000001 9.20220132782341
0.148699000000001 9.22477905512176
0.148799000000001 9.22378023929623
0.148899000000001 9.23902509541508
0.148999000000001 9.22135928495439
0.149099000000001 9.23788284561117
0.149199000000001 9.24325570405689
0.149299000000001 9.24419856088272
0.149399000000001 9.26021513807491
0.149499000000001 9.2708728030699
0.149599000000001 9.2531535126439
0.149699000000001 9.23961654614475
0.149799000000001 9.26155588516446
0.149899000000001 9.25580951756023
0.149999000000001 9.23443121090018
0.150099000000001 9.18730026143952
0.150199000000001 9.1442800886283
0.150299000000001 9.11287345183027
0.150399000000001 9.10012498999186
0.150499000000001 9.07192956192201
0.150599000000001 9.02311120570248
0.150699000000001 9.01080581908182
0.150799000000001 8.96901216690493
0.150899000000001 8.9276607081592
0.150999000000001 8.91462675036186
0.151099000000001 8.92241288002573
0.151199000000001 8.92392012575273
0.151299000000001 8.92281138675651
0.151399000000001 8.90142152001127
0.151499000000001 8.88234935465802
0.151599000000001 8.868838869308
0.151699000000001 8.83895401998915
0.151799000000001 8.82424552371241
0.151899000000001 8.82893036432371
0.151999000000001 8.80881751189939
0.152099000000001 8.83473682128735
0.152199000000001 8.83554053585683
0.152299000000001 8.83822955081069
0.152399000000001 8.86200457716878
0.152499000000001 8.89011363653919
0.152599000000001 8.89930333799954
0.152699000000001 8.90536668163614
0.152799000000001 8.89272720193756
0.152899000000001 8.92130629191109
0.152999000000001 8.89958009318951
0.153099000000001 8.96846160480127
0.153199000000001 8.98823795855174
0.153299000000001 8.99897739092629
0.153399000000001 9.00481342713299
0.153499000000001 9.04169841308601
0.153599000000001 9.08030561763546
0.153699000000001 9.08799588362776
0.153799000000001 9.10386706107065
0.153899000000001 9.10108603366688
0.153999000000001 9.13935748749955
0.154099000000001 9.1447956783431
0.154199000000001 9.16274979397924
0.154299000000001 9.16439838033989
0.154399000000001 9.18854823775749
0.154499000000001 9.20902130300403
0.154599000000001 9.23754844293924
0.154699000000001 9.23351497950116
0.154799000000001 9.21106337641092
0.154899000000001 9.23659451079639
0.154999000000001 9.24367938583655
0.155099000000001 9.25343847595008
0.155199000000001 9.26473306302899
0.155299000000001 9.26734782228137
0.155399000000001 9.28732822879768
0.155499000000001 9.28201930398396
0.155599000000001 9.27363562259847
0.155699000000001 9.25157556772701
0.155799000000001 9.27353862971118
0.155899000000001 9.25362474028786
0.155999000000001 9.27945173876546
0.156099000000001 9.31121118910033
0.156199000000001 9.3036123092995
0.156299000000001 9.3075347376784
0.156399000000001 9.2776530027541
0.156499000000001 9.29909884745262
0.156599000000001 9.28615373704826
0.156699000000001 9.31305927781904
0.156799000000001 9.3089136710954
0.156899000000001 9.33174082984165
0.156999000000001 9.31144813433758
0.157099000000001 9.33387654147144
0.157199000000001 9.29689078085396
0.157299000000001 9.32592754048015
0.157399000000001 9.2877494330458
0.157499000000001 9.31317645232955
0.157599000000001 9.27981152324835
0.157699000000001 9.27876794232301
0.157799000000001 9.28572349502681
0.157899000000001 9.2931663292259
0.157999000000001 9.2904963135804
0.158099000000001 9.29938182930572
0.158199000000001 9.29834668527676
0.158299000000001 9.30472865707454
0.158399000000001 9.31128994397585
0.158499000000001 9.31463595458306
0.158599000000001 9.33628359261592
0.158699000000001 9.31092983930676
0.158799000000001 9.34274607170235
0.158899000000001 9.32546152366803
0.158999000000001 9.33661915904492
0.159099000000001 9.33172536977733
0.159199000000001 9.31405191131984
0.159299000000001 9.31368077214134
0.159399000000001 9.30556216633449
0.159499000000001 9.31074656124661
0.159599000000001 9.30888571846462
0.159699000000001 9.2878727613075
0.159799000000001 9.28299091053463
0.159899000000001 9.29963201323241
0.159999000000001 9.29101268737088
0.160099000000001 9.28555865483625
0.160199000000001 9.26582298408887
0.160299000000001 9.2761266501454
0.160399000000001 9.29497507528772
0.160499000000001 9.29593741894604
0.160599000000001 9.26629250045077
0.160699000000001 9.2591519003794
0.160799000000001 9.26042132942438
0.160899000000001 9.25081693656477
0.160999000000001 9.27725840281039
0.161099000000001 9.29115766003137
0.161199000000001 9.29508493739766
0.161299000000001 9.28213765413327
0.161399000000001 9.28295660102663
0.161499000000001 9.28358419813129
0.161599000000001 9.30549273084368
0.161699000000001 9.30880839936754
0.161799000000001 9.33674749575487
0.161899000000001 9.34584559322739
0.161999000000001 9.34280258367326
0.162099000000001 9.37404051374572
0.162199000000001 9.3718077421273
0.162299000000001 9.39144454638796
0.162399000000001 9.36109040466092
0.162499000000001 9.36962185357278
0.162599000000001 9.36958323126852
0.162699000000001 9.3757555890147
0.162799000000001 9.36323883057307
0.162899000000001 9.36384341606799
0.162999000000001 9.36850885905008
0.163099000000001 9.36118523138922
0.163199000000001 9.38605177865141
0.163299000000001 9.42683073086382
0.163399000000001 9.43621749625016
0.163499000000001 9.4594880574543
0.163599000000001 9.47262153646523
0.163699000000001 9.45619655476629
0.163799000000001 9.4760465851408
0.163899000000001 9.43534595413364
0.163999000000001 9.43523688132
0.164099000000001 9.40754091700091
0.164199000000001 9.42032178368115
0.164299000000001 9.42220657526497
0.164399000000001 9.42890108930544
0.164499000000001 9.42135813839999
0.164599000000001 9.42173577715595
0.164699000000001 9.39574374263516
0.164799000000001 9.3931650122143
0.164899000000001 9.37253666670278
0.164999000000001 9.37475538958933
0.165099000000001 9.37471660320682
0.165199000000001 9.37291836285061
0.165299000000001 9.33574533271342
0.165399000000001 9.34604227759442
0.165499000000001 9.32896088671669
0.165599000000001 9.30991611494022
0.165699000000001 9.33650912043947
0.165799000000001 9.30639293862655
0.165899000000001 9.33641083446928
0.165999000000001 9.3126577019907
0.166099000000001 9.31785114037641
0.166199000000001 9.30437808042387
0.166299000000001 9.29222044097385
0.166399000000001 9.26733735535707
0.166499000000001 9.20282856437359
0.166599000000001 9.21538680994215
0.166699000000001 9.18667038130897
0.166799000000001 9.17804979103022
0.166899000000001 9.15760890428113
0.166999000000001 9.16609188625347
0.167099000000001 9.13234121585837
0.167199000000001 9.08288685349413
0.167299000000001 9.07434672327391
0.167399000000001 9.03611557780337
0.167499000000001 9.00508989164971
0.167599000000001 8.9625111699385
0.167699000000001 8.94342829132602
0.167799000000001 8.94568222577378
0.167899000000001 8.97335134884401
0.167999000000001 8.92751672229372
0.168099000000001 8.92127038237557
0.168199000000001 8.89304492951365
0.168299000000001 8.9004292671609
0.168399000000001 8.85507320642452
0.168499000000001 8.87158558224798
0.168599000000001 8.87569937773123
0.168699000000001 8.84385411781756
0.168799000000001 8.85763318580103
0.168899000000001 8.81253931388963
0.168999000000001 8.8299465466409
0.169099000000001 8.81132899855226
0.169199000000001 8.78939571803238
0.169299000000001 8.76119420017855
0.169399000000001 8.75247987093875
0.169499000000001 8.71349364903481
0.169599000000001 8.69958220189024
0.169699000000001 8.64892211777177
0.169799000000001 8.64816487476231
0.169899000000001 8.61478199318714
0.169999000000001 8.57781871007518
0.170099000000001 8.53587200293805
0.170199000000001 8.49600598148789
0.170299000000001 8.46064938879908
0.170399000000001 8.45905323642217
0.170499000000001 8.41621790825564
0.170599000000001 8.40279952297621
0.170699000000001 8.38935648136116
0.170799000000001 8.37863934403062
0.170899000000001 8.39550422625492
0.170999000000001 8.3705132062633
0.171099000000001 8.37295982081946
0.171199000000001 8.36617533327233
0.171299000000001 8.35239511905579
0.171399000000001 8.34694161428549
0.171499000000001 8.32786623576614
0.171599000000001 8.33878149080229
0.171699000000001 8.30559256972599
0.171799000000001 8.29807060889154
0.171899000000001 8.26619844429346
0.171999000000001 8.2434651989307
0.172099000000001 8.25063201298653
0.172199000000001 8.27506258873177
0.172299000000001 8.26800029364881
0.172399000000001 8.26554295305149
0.172499000000001 8.25720483213502
0.172599000000001 8.26097483387792
0.172699000000001 8.24928224403925
0.172799000000001 8.22723311096817
0.172899000000001 8.21599150735426
0.172999000000001 8.20887769851898
0.173099000000001 8.21302110210826
0.173199000000001 8.17262696500785
0.173299000000001 8.17587605666481
0.173399000000001 8.18887347389508
0.173499000000001 8.17638886353448
0.173599000000001 8.17910710527897
0.173699000000001 8.17254147485098
0.173799000000001 8.17269374739844
0.173899000000001 8.1210388816591
0.173999000000001 8.14597918221679
0.174099000000001 8.1083038044425
0.174199000000001 8.08418458348748
0.174299000000001 8.03613222903708
0.174399000000001 8.01508264060861
0.174499000000001 7.96617413923101
0.174599000000001 7.96766337262574
0.174699000000001 7.91832586860101
0.174799000000001 7.9076727527529
0.174899000000001 7.8823505582377
0.174999000000001 7.8215451010411
0.175099000000001 7.79731367549648
0.175199000000001 7.77670380253783
0.175299000000001 7.72498063991488
0.175399000000001 7.71222667471711
0.175499000000001 7.65707619882045
0.175599000000001 7.63181111126156
0.175699000000001 7.5933736196932
0.175799000000001 7.56925424346451
0.175899000000001 7.52321701798547
0.175999000000001 7.50301346816884
0.176099000000001 7.44998846631083
0.176199000000001 7.41628272406719
0.176299000000001 7.33590061128852
0.176399000000001 7.3140615689658
0.176499000000001 7.2621557430701
0.176599000000001 7.22810983183225
0.176699000000001 7.17120323260989
0.176799000000001 7.0974876537245
0.176899000000001 7.04163177686452
0.176999000000001 6.98572302468095
0.177099000000001 6.93091054547561
0.177199000000001 6.8650199588095
0.177299000000001 6.80323763999256
0.177399000000001 6.76675147956874
0.177499000000001 6.7213793342695
0.177599000000001 6.66993858127936
0.177699000000001 6.62991133071062
0.177799000000001 6.60518429689174
0.177899000000001 6.53530831261375
0.177999000000001 6.47680396435689
0.178099000000001 6.40625497037497
0.178199000000001 6.36689640481858
0.178299000000001 6.30653512060779
0.178399000000001 6.27488714456977
0.178499000000001 6.21607590274549
0.178599000000001 6.14688017385714
0.178699000000001 6.10621698984225
0.178799000000001 6.0393390071422
0.178899000000001 5.97042277518512
0.178999000000001 5.89231032026614
0.179099000000001 5.82607238818649
0.179199000000001 5.71359477363888
0.179299000000001 5.63865141041854
0.179399000000001 5.55482391657432
0.179499000000001 5.4703393288154
0.179599000000001 5.38740776736476
0.179699000000001 5.287866495323
0.179799000000001 5.21179195669914
0.179899000000001 5.11459703985759
0.179999000000001 5.03755626087853
0.180099000000001 4.94022387876376
0.180199000000001 4.85410708179059
0.180299000000001 4.72841948790575
0.180399000000001 4.62563214805669
0.180499000000001 4.52795769942302
0.180599000000001 4.43289622104523
0.180699000000001 4.34951015260265
0.180799000000001 4.25718554921626
0.180899000000001 4.14016371927443
0.180999000000001 4.02708772310486
0.181099000000001 3.91944088427405
0.181199000000001 3.79604005222369
0.181299000000001 3.68241339246787
0.181399000000001 3.5542158517006
0.181499000000001 3.45846763803449
0.181599000000001 3.29770832727093
0.181699000000001 3.18240349886758
0.181799000000001 3.03061022110876
0.181899000000001 2.86301906600531
0.181999000000001 2.71875613267618
0.182099000000001 2.56331828012843
0.182199000000001 2.44828672998004
0.182299000000001 2.26057410153047
0.182399000000001 2.17845110300448
0.182499000000001 2.01364070784621
0.182599000000001 1.87833745215839
0.182699000000001 1.7337423831205
0.182799000000001 1.55306508539507
0.182899000000001 1.39939498808049
0.182999000000001 1.22405906169604
0.183099000000001 1.09655923193366
0.183199000000001 0.953421724022118
0.183299000000001 0.802911819143336
0.183399000000001 0.638609996460626
0.183499000000001 0.493386429954126
0.183599000000001 0.313158402565215
0.183699000000001 0.167088676214615
0.183799000000001 0.0218078385348793
0.183899000000001 -0.0858457514527169
0.183999000000001 -0.248846270064216
0.184099000000001 -0.349914341693537
0.184199000000001 -0.481358544261545
0.184299000000001 -0.623080751341154
0.184399000000001 -0.734555000439911
0.184499000000001 -0.809297541532755
0.184599000000001 -0.926772509916622
0.184699000000001 -1.05785004352761
0.184799000000001 -1.15535331838867
0.184899000000001 -1.28381275884623
0.184999000000001 -1.36640377758186
0.185099000000001 -1.46742986385652
0.185199000000001 -1.57062477697149
0.185299000000001 -1.68491594751806
0.185399000000001 -1.76705556266355
0.185499000000001 -1.83857280290362
0.185599000000001 -1.92955811724076
0.185699000000001 -2.00346043832879
0.185799000000001 -2.07962392438139
0.185899000000001 -2.17118224022867
0.185999000000001 -2.18261295882877
0.186099000000001 -2.24809721808498
0.186199000000001 -2.27673169968479
0.186299000000001 -2.32144746286312
0.186399000000001 -2.30926898931408
0.186499000000001 -2.34038413090572
0.186599000000001 -2.3191241411038
0.186699000000001 -2.2907366657645
0.186799000000001 -2.24742009282048
0.186899000000001 -2.19947757531813
0.186999000000001 -2.12479040739038
0.187099000000001 -2.10372989122962
0.187199000000001 -2.06825415264175
0.187299000000001 -1.97063722148296
0.187399000000001 -1.87199421024379
0.187499000000001 -1.81377908355421
0.187599000000001 -1.71355475947096
0.187699000000001 -1.62078420339816
0.187799000000001 -1.56590188008296
0.187899000000001 -1.48459293840693
0.187999000000001 -1.38884342529995
0.188099000000001 -1.26387586776864
0.188199000000001 -1.21161899800337
0.188299000000001 -1.11700301940348
0.188399000000001 -1.0702721559424
0.188499000000001 -0.947863821049898
0.188599000000001 -0.890771350252844
0.188699000000001 -0.81788577586555
0.188799000000001 -0.69501565755523
0.188899000000001 -0.61522448856234
0.188999000000001 -0.539966291763937
0.189099000000001 -0.496213090530359
0.189199000000001 -0.374603801355574
0.189299000000001 -0.316517403424856
0.189399000000001 -0.186634293777445
0.189499000000001 -0.11368993594935
0.189599000000001 -0.00848104895892094
0.189699000000001 0.102015562701446
0.189799000000001 0.176545400314566
0.189899000000001 0.275939857763587
0.189999000000001 0.364388363996171
0.190099000000001 0.458270678771754
0.190199000000001 0.571798323938323
0.190299000000001 0.656658793915932
0.190399000000001 0.769715842287368
0.190499000000001 0.844690723260948
0.190599000000001 0.917325581427525
0.190699000000001 1.02794443228223
0.190799000000001 1.08371862985087
0.190899000000001 1.1266181075526
0.190999000000001 1.22301534790622
0.191099000000001 1.24709922435579
0.191199000000001 1.27577942123416
0.191299000000001 1.30289915545416
0.191399000000001 1.35273444805684
0.191499000000001 1.34473808836702
0.191599000000001 1.37344893572474
0.191699000000001 1.3942076877694
0.191799000000001 1.42168771974634
0.191899000000001 1.45088119489873
0.191999000000001 1.47742528537111
0.192099000000001 1.48458700168643
0.192199000000001 1.46949596091152
0.192299000000001 1.48414394020616
0.192399000000001 1.44807387837684
0.192499000000001 1.43981354168614
0.192599000000001 1.39863304763252
0.192699000000001 1.39723474923943
0.192799000000001 1.34720453897498
0.192899000000001 1.3434560278356
0.192999000000001 1.35427840309724
0.193099000000001 1.30887977853878
0.193199000000001 1.29588105503979
0.193299000000001 1.23992979837439
0.193399000000001 1.21292579210088
0.193499000000001 1.18302101933492
0.193599000000001 1.18568963581395
0.193699000000001 1.17073599505065
0.193799000000001 1.08788239447564
0.193899000000001 1.04552489032162
0.193999000000001 0.993773538358985
0.194099000000001 0.947540055614885
0.194199000000001 0.87767453439058
0.194299000000001 0.819138302666001
0.194399000000001 0.783716342014996
0.194499000000001 0.720296140007288
0.194599000000001 0.63066231672687
0.194699000000001 0.541980367310704
0.194799000000001 0.48441354592404
0.194899000000001 0.420288524494802
0.194999000000001 0.352811331507457
0.195099000000001 0.292584479157266
0.195199000000001 0.189213761805433
0.195299000000001 0.135391433574895
0.195399000000001 0.0560930820295964
0.195499000000001 0.00290365002210676
0.195599000000001 -0.0339586111337469
0.195699000000001 -0.0845446521910382
0.195799000000001 -0.149295637521152
0.195899000000001 -0.193637821211839
0.195999000000001 -0.256168084012983
0.196099000000001 -0.295533112771819
0.196199000000001 -0.342606594789058
0.196299000000001 -0.427603044761115
0.196399000000001 -0.447760161283074
0.196499000000001 -0.49736940268867
0.196599000000001 -0.557111545798247
0.196699000000001 -0.605665032160562
0.196799000000001 -0.663615780792031
0.196899000000001 -0.6956605114067
0.196999000000001 -0.74314037915929
0.197099000000001 -0.784929124511605
0.197199000000001 -0.782418877720649
0.197299000000001 -0.824756803782914
0.197399000000001 -0.868905047685724
0.197499000000001 -0.850598028934071
0.197599000000001 -0.906157622296088
0.197699000000001 -0.924757952489915
0.197799000000001 -0.957583445680034
0.197899000000001 -0.96969407101454
0.197999000000001 -1.00421492421199
0.198099000000001 -1.02091523772494
0.198199000000001 -1.00279343679808
0.198299000000001 -1.02154959004873
0.198399000000001 -1.0219046811838
0.198499000000001 -0.987893069365524
0.198599000000001 -0.9567445569615
0.198699000000001 -0.954689251544241
0.198799000000001 -0.970088390695657
0.198899000000001 -0.91285097255099
0.198999000000001 -0.924591031483023
0.199099000000001 -0.884065308908049
0.199199000000001 -0.847849788681056
0.199299000000001 -0.844332799468335
0.199399000000001 -0.786301831065987
0.199499000000001 -0.778191527217244
0.199599000000001 -0.737596147797907
0.199699000000001 -0.713307711013107
0.199799000000001 -0.675056568721183
0.199899000000001 -0.672078021861774
0.199999000000001 -0.658159492124042
0.200099000000001 -0.630745361782273
0.200199000000001 -0.565643529925633
0.200299000000001 -0.561266041066135
0.200399000000001 -0.511717019175511
0.200499000000001 -0.475591701698794
0.200599000000001 -0.429898112729408
0.200699000000001 -0.41074047901039
0.200799000000001 -0.37842050077465
0.200899000000001 -0.310913372876955
0.200999000000001 -0.279519982819654
0.201099000000001 -0.223280532972801
0.201199000000001 -0.202670533592621
0.201299000000001 -0.149251592463018
0.201399000000001 -0.141821749089205
0.201499000000001 -0.0801397447187466
0.201599000000001 -0.0237776677679034
0.201699000000001 0.0348275089923668
0.201799000000001 0.0506912025945197
0.201899000000001 0.110865628405886
0.201999000000001 0.14397801513542
0.202099000000001 0.199235196269318
0.202199000000001 0.20010050514478
0.202299000000001 0.22694685762128
0.202399000000001 0.239055285651964
0.202499000000001 0.273513911829944
0.202599000000001 0.307173073611798
0.202699000000001 0.339608073556629
0.202799000000001 0.378802790810193
0.202899000000001 0.443280690172614
0.202999000000001 0.474096375532227
0.203099000000001 0.475596705326643
0.203199000000001 0.529577694153995
0.203299000000001 0.505553977553719
0.203399000000001 0.535012954653538
0.203499000000001 0.570311419471655
0.203599000000001 0.58631436120241
0.203699000000001 0.579637500435808
0.203799000000001 0.598705200235583
0.203899000000001 0.661438746038415
0.203999000000001 0.657813355053326
0.204099000000001 0.693994086702972
0.204199000000001 0.713593431805264
0.204299000000001 0.741959727683319
0.204399000000001 0.769651125055514
0.204499000000001 0.802663830572456
0.204599000000001 0.805780286229284
0.204699000000001 0.794027617947596
0.204799000000001 0.805456725092795
0.204899000000001 0.820465742349414
0.204999000000001 0.804586779163614
0.205099000000001 0.837330489815425
0.205199000000001 0.818216070120947
0.205299000000001 0.842255709681599
0.205399000000001 0.788071634889736
0.205499000000001 0.815867323352698
0.205599000000001 0.805829275875793
0.205699000000001 0.788385605931977
0.205799000000001 0.772959994893529
0.205899000000001 0.758505182621986
0.205999000000001 0.734404183226441
0.206099000000001 0.664196984638081
0.206199000000001 0.665470870027419
0.206299000000001 0.62511347655999
0.206399000000001 0.61638453469833
0.206499000000001 0.542580934503853
0.206599000000001 0.543286113574627
0.206699000000001 0.481246502761819
0.206799000000001 0.484429113801945
0.206899000000001 0.448844213659817
0.206999000000001 0.40160912067962
0.207099000000001 0.372557177974342
0.207199000000001 0.333508209387199
0.207299000000001 0.271441186045301
0.207399000000001 0.207162621070598
0.207499000000001 0.169471525034292
0.207599000000001 0.138174081977198
0.207699000000001 0.149139505939899
0.207799000000001 0.113217255797174
0.207899000000001 0.0483596264704461
0.207999000000001 0.00586551506802734
0.208099000000001 -0.0343123284469982
0.208199000000001 -0.0959124604269058
0.208299000000001 -0.123109052533321
0.208399000000001 -0.163555152681494
0.208499000000001 -0.200169235891953
0.208599000000001 -0.247491425627796
0.208699000000001 -0.319810731981649
0.208799000000001 -0.366750946684449
0.208899000000001 -0.442197784803681
0.208999000000001 -0.476569146123422
0.209099000000001 -0.543353796782459
0.209199000000001 -0.577536255864528
0.209299000000001 -0.663519633881589
0.209399000000001 -0.686104753685886
0.209499000000001 -0.762586058250113
0.209599000000001 -0.828215313802422
0.209699000000001 -0.839159401451737
0.209799000000001 -0.935822226173921
0.209899000000001 -0.964194401420483
0.209999000000001 -1.01354797418982
0.210099000000001 -1.04724178354812
0.210199000000001 -1.07969753777592
0.210299000000001 -1.08189301782951
0.210399000000001 -1.10587887668088
0.210499000000001 -1.12000951990711
0.210599000000001 -1.14724004284354
0.210699000000001 -1.16875880278117
0.210799000000001 -1.10208931006034
0.210899000000001 -1.13637006980598
0.210999000000001 -1.0948689108917
0.211099000000001 -1.08761582367124
0.211199000000001 -1.07887666564827
0.211299000000001 -1.07040578323873
0.211399000000001 -1.02743654855914
0.211499000000001 -0.997290786509122
0.211599000000001 -0.960189009360419
0.211699000000001 -0.922003196442022
0.211799000000001 -0.929105818618589
0.211899000000001 -0.846209509677354
0.211999000000001 -0.856331638869848
0.212099000000001 -0.794774940203998
0.212199000000001 -0.771350728073282
0.212299000000001 -0.749279373058274
0.212399000000001 -0.667712764418901
0.212499000000001 -0.614586479522928
0.212599000000001 -0.556859057231068
0.212699000000001 -0.474872178116154
0.212799000000001 -0.360083172792574
0.212899000000001 -0.329676647217218
0.212999000000001 -0.22603580044176
0.213099000000001 -0.178484871543294
0.213199000000001 -0.0636984615752399
0.213299000000001 0.00165978950542311
0.213399000000001 0.0748518919043053
0.213499000000001 0.158587170332409
0.213599000000001 0.189388407135598
0.213699000000001 0.292285204282204
0.213799000000001 0.336843051594071
0.213899000000001 0.44598561053648
0.213999000000001 0.51935625023849
0.214099000000001 0.593002733816277
0.214199000000001 0.685872819585495
0.214299000000001 0.758668971417105
0.214399000000001 0.835004134866308
0.214499000000001 0.899053307756545
0.214599000000001 0.969800398172113
0.214699000000001 0.986883030267787
0.214799000000001 1.04232862811706
0.214899000000001 1.11753749498099
0.214999000000001 1.14477127997243
0.215099000000001 1.16877831364545
0.215199000000001 1.20467149594478
0.215299000000001 1.250001164083
0.215399000000001 1.23841956333871
0.215499000000001 1.29354720859349
0.215599000000001 1.29402026265247
0.215699000000001 1.32049681199998
0.215799000000001 1.33372024546655
0.215899000000001 1.35710967704383
0.215999000000001 1.3468681156572
0.216099000000001 1.34574340835734
0.216199000000001 1.32489485249434
0.216299000000001 1.32414975501285
0.216399000000001 1.2963680830934
0.216499000000001 1.26039766701235
0.216599000000001 1.23365047171107
0.216699000000001 1.19815570789468
0.216799000000001 1.17130749646812
0.216899000000001 1.12459663344866
0.216999000000001 1.08315474433987
0.217099000000001 1.01392663341147
0.217199000000001 0.968240352518082
0.217299000000001 0.906619583813753
0.217399000000001 0.879096184562082
0.217499000000001 0.782674353650243
0.217599000000001 0.753094379696524
0.217699000000001 0.674981278726649
0.217799000000001 0.618607753277641
0.217899000000001 0.512268023755273
0.217999000000001 0.437871089341396
0.218099000000001 0.358869167606028
0.218199000000001 0.294093552226783
0.218299000000001 0.223747591996514
0.218399000000001 0.125871192142292
0.218499000000001 0.0477932177448095
0.218599000000001 -0.0404566865022434
0.218699000000001 -0.0955335509060883
0.218799000000001 -0.207334356984116
0.218899000000001 -0.241997842039465
0.218999000000001 -0.374293868240005
0.219099000000001 -0.418161613003792
0.219199000000001 -0.497413829099525
0.219299000000001 -0.588403140107373
0.219399000000001 -0.614822640162226
0.219499000000001 -0.688669570995298
0.219599000000001 -0.744760519860116
0.219699000000001 -0.8260324526736
0.219799000000001 -0.864759729153754
0.219899000000001 -0.928318282384122
0.219999000000001 -0.945333133583523
0.220099000000001 -1.02562635163632
0.220199000000001 -1.03708527330823
0.220299000000001 -1.08474047024048
0.220399000000001 -1.1278105463555
0.220499000000001 -1.17170691856952
0.220599000000001 -1.19776027026433
0.220699000000001 -1.19186130488851
0.220799000000001 -1.22183549010481
0.220899000000001 -1.2439978363154
0.220999000000001 -1.2448983858803
0.221099000000001 -1.2344646249546
0.221199000000001 -1.25265169323927
0.221299000000001 -1.22914633992353
0.221399000000001 -1.24847177993539
0.221499000000001 -1.22202701753792
0.221599000000001 -1.212933254605
0.221699000000001 -1.18869996539699
0.221799000000001 -1.15981539080014
0.221899000000001 -1.12637336821462
0.221999000000001 -1.04409089205846
0.222099000000001 -1.02114240610071
0.222199000000001 -0.976652914785296
0.222299000000001 -0.96015594343657
0.222399000000001 -0.875788358781639
0.222499000000001 -0.842675513314923
0.222599000000001 -0.767309973793298
0.222699000000001 -0.691499190203664
0.222799000000001 -0.630937730539456
0.222899000000001 -0.539470601350756
0.222999000000001 -0.481341565382701
0.223099000000001 -0.393882261937163
0.223199000000001 -0.338507089052059
0.223299000000001 -0.263348111895235
0.223399000000001 -0.205455335670821
0.223499000000001 -0.11319547093744
0.223599000000001 -0.0752005089725731
0.223699000000001 -0.00973050723744191
0.223799000000001 0.0575974521042524
0.223899000000001 0.118453749747783
0.223999000000001 0.187139493011867
0.224099000000001 0.217240052875109
0.224199000000001 0.341968728817285
0.224299000000001 0.361282320957975
0.224399000000001 0.419552529873045
0.224499000000001 0.46149072462383
0.224599000000001 0.525280385554717
0.224699000000001 0.558869841964948
0.224799000000001 0.586796527584171
0.224899000000001 0.632822446902377
0.224999000000001 0.686984835995388
0.225099000000001 0.72130252224703
0.225199000000001 0.779505550380999
0.225299000000001 0.813577068265387
0.225399000000001 0.837303935659726
0.225499000000001 0.897959504563048
0.225599000000001 0.90736881404237
0.225699000000001 0.951666390599802
0.225799000000001 0.946557778904555
0.225899000000001 1.00287516885548
0.225999000000001 1.05164670254083
0.226099000000001 1.04988608863243
0.226199000000001 1.06500650116139
0.226299000000001 1.05925504041025
0.226399000000001 1.07232809606681
0.226499000000001 1.05691833999709
0.226599000000001 1.03992348469179
0.226699000000001 1.04717147042904
0.226799000000001 0.998251613707873
0.226899000000001 0.9574815034963
0.226999000000001 0.968019676900237
0.227099000000001 0.90627542930358
0.227199000000001 0.893413841516049
0.227299000000001 0.879036293646729
0.227399000000001 0.820988819985767
0.227499000000001 0.791187738730618
0.227599000000001 0.721779562043347
0.227699000000001 0.695029651452749
0.227799000000001 0.656139723200755
0.227899000000001 0.59836845903962
0.227999000000001 0.493803224707727
0.228099000000001 0.469164801228806
0.228199000000001 0.421564925867289
0.228299000000001 0.372272671295602
0.228399000000001 0.325840912821321
0.228499000000001 0.299397281941523
0.228599000000001 0.240375057973705
0.228699000000001 0.208731352686389
0.228799000000001 0.135482726504845
0.228899000000001 0.0935021521016927
0.228999000000001 0.0354748466731348
0.229099000000001 0.016915836780346
0.229199000000001 -0.0309449058529321
0.229299000000001 -0.101224049732584
0.229399000000001 -0.165286795423272
0.229499000000001 -0.221366476541838
0.229599000000001 -0.266654337310303
0.229699000000001 -0.278639033480928
0.229799000000001 -0.353867702165606
0.229899000000001 -0.406468442926448
0.229999000000001 -0.419808762087356
0.230099000000001 -0.469171551997702
0.230199000000001 -0.492995332035238
0.230299000000001 -0.580803477966671
0.230399000000001 -0.583541780400934
0.230499000000001 -0.647273165440927
0.230599000000001 -0.649367197151803
0.230699000000001 -0.691177141253704
0.230799000000001 -0.724072173381207
0.230899000000001 -0.732986227281437
0.230999000000001 -0.752433591457411
0.231099000000001 -0.774742010534652
0.231199000000001 -0.779321831951705
0.231299000000001 -0.770964585004654
0.231399000000001 -0.766220371988734
0.231499000000001 -0.772280100479978
0.231599000000001 -0.762905292134477
0.231699000000001 -0.7694633538037
0.231799000000001 -0.761453884389084
0.231899000000001 -0.761035871794765
0.231999000000001 -0.720277240046198
0.232099000000001 -0.733723943298872
0.232199000000001 -0.67860037860202
0.232299000000001 -0.658146875471357
0.232399000000001 -0.668862782681651
0.232499000000001 -0.653497818720266
0.232599000000001 -0.610127846197395
0.232699000000001 -0.583002114138932
0.232799000000001 -0.559156912247695
0.232899000000001 -0.536106254222669
0.232999000000001 -0.51694894524806
0.233099000000001 -0.485877850740381
0.233199000000001 -0.469235467551593
0.233299000000001 -0.433616989529017
0.233399000000001 -0.433771736576167
0.233499000000001 -0.396351952425978
0.233599000000001 -0.382219424805407
0.233699000000001 -0.331176153858147
0.233799000000001 -0.308979769575181
0.233899000000001 -0.271085120097581
0.233999000000001 -0.245131683741222
0.234099000000001 -0.218278962318869
0.234199000000001 -0.15723319290344
0.234299000000001 -0.148711109976967
0.234399000000001 -0.0900493866507455
0.234499000000001 -0.0675069111463901
0.234599000000001 -0.0157810472993069
0.234699000000001 -0.00269729264491659
0.234799000000001 0.0369550829636438
0.234899000000001 0.0445099336148044
0.234999000000001 0.0911275541088804
0.235099000000001 0.115158447990516
0.235199000000001 0.138282569896899
0.235299000000001 0.145098113203018
0.235399000000001 0.213006169491485
0.235499000000001 0.241994223640131
0.235599000000001 0.244014883463954
0.235699000000001 0.303650960116553
0.235799000000001 0.320113428612451
0.235899000000001 0.353956086079266
0.235999000000001 0.356580810630688
0.236099000000001 0.411799880292264
0.236199000000001 0.413129867795144
0.236299000000001 0.403767076991509
0.236399000000001 0.402845336682026
0.236499000000001 0.388635605655766
0.236599000000001 0.456141132757579
0.236699000000001 0.439118916353113
0.236799000000001 0.4461436869445
0.236899000000001 0.450107212016534
0.236999000000001 0.458607638848633
0.237099000000001 0.481242802547433
0.237199000000001 0.482101905059668
0.237299000000001 0.453519339308716
0.237399000000001 0.463916165202128
0.237499000000001 0.437971215842425
0.237599000000001 0.447423583451241
0.237699000000001 0.438184946620516
0.237799000000001 0.467978189735779
0.237899000000001 0.442352237729586
0.237999000000001 0.451828214474924
0.238099000000001 0.46029049053147
0.238199000000001 0.496937687861971
0.238299000000001 0.465617536826373
0.238399000000001 0.462036418915769
0.238499000000001 0.448097906008388
0.238599000000001 0.470314134572604
0.238699000000001 0.475151224707571
0.238799000000001 0.4426440051991
0.238899000000001 0.431002303512556
0.238999000000001 0.413554201962568
0.239099000000001 0.379645116900654
0.239199000000001 0.361887944671201
0.239299000000001 0.356794773906573
0.239399000000001 0.345323527547864
0.239499000000001 0.351195347168011
0.239599000000001 0.31390021778069
0.239699000000001 0.347950586513653
0.239799000000001 0.299287956346753
0.239899000000001 0.280897685943041
0.239999000000001 0.261763112432004
0.240099000000001 0.243801977772634
0.240199000000001 0.193389245238379
0.240299000000001 0.14634782153412
0.240399000000001 0.122784425163502
0.240499000000001 0.117505507002665
0.240599000000001 0.0890448714114236
0.240699000000001 0.0368692869748345
0.240799000000001 0.0322791263722443
0.240899000000001 -0.00275948900627
0.240999000000001 -0.0192181271775779
0.241099000000001 -0.0388798367978
0.241199000000001 -0.0695783742893347
0.241299000000001 -0.0910344979346142
0.241399000000001 -0.1219443111751
0.241499000000001 -0.121711303539018
0.241599000000001 -0.144818183914389
0.241699000000001 -0.15292877455386
0.241799000000001 -0.173012081263381
0.241899000000001 -0.210377197824152
0.241999000000001 -0.179055553540972
0.242099000000001 -0.206350758726255
0.242199000000001 -0.228181895720859
0.242299000000001 -0.241349018623793
0.242399000000001 -0.250834565538077
0.242499000000001 -0.285034901334406
0.242599000000001 -0.290652371766016
0.242699000000001 -0.331652783855524
0.242799000000001 -0.364486069275855
0.242899000000001 -0.380297220522294
0.242999000000001 -0.429678272541806
0.243099000000001 -0.387350168227321
0.243199000000001 -0.429977536981648
0.243299000000001 -0.420005910801874
0.243399000000001 -0.486750864170571
0.243499000000001 -0.477323178932981
0.243599000000001 -0.502844568911527
0.243699000000001 -0.503327420520419
0.243799000000001 -0.551912748934981
0.243899000000001 -0.560285404578023
0.243999000000001 -0.568210998405284
0.244099000000001 -0.550336476811751
0.244199000000001 -0.566851674868565
0.244299000000001 -0.580317581063079
0.244399000000001 -0.596941931027153
0.244499000000001 -0.574682266557104
0.244599000000001 -0.580540606044538
0.244699000000001 -0.544913539595269
0.244799000000001 -0.533165390131281
0.244899000000001 -0.531785544211724
0.244999000000001 -0.524694639213569
0.245099000000001 -0.527958921746323
0.245199000000001 -0.515214881131806
0.245299000000001 -0.477920652225965
0.245399000000001 -0.462093802268914
0.245499000000001 -0.468679978921228
0.245599000000001 -0.44270463742053
0.245699000000001 -0.441970249081483
0.245799000000001 -0.389823577755198
0.245899000000001 -0.402389801573445
0.245999000000001 -0.366473464344427
0.246099000000001 -0.338551064053941
0.246199000000001 -0.331347344010178
0.246299000000001 -0.29593771768056
0.246399000000001 -0.277876854403873
0.246499000000001 -0.244226005653893
0.246599000000001 -0.203928359331436
0.246699000000001 -0.201473140117421
0.246799000000001 -0.163302286283219
0.246899000000001 -0.143420930393097
0.246999000000001 -0.0934351200965175
0.247099000000001 -0.0952170765956943
0.247199000000001 -0.0206837089264413
0.247299000000001 -0.00440922645790591
0.247399000000001 0.0463630813597086
0.247499000000001 0.0723395448417251
0.247599000000001 0.126406516031813
0.247699000000001 0.186774973226583
0.247799000000001 0.241752431214204
0.247899000000001 0.292801348745016
0.247999000000001 0.342609263360883
0.248099000000001 0.377401001464524
0.248199000000001 0.393874092394749
0.248299000000001 0.405265891999077
0.248399000000001 0.477234874552838
0.248499000000001 0.513195630370105
0.248599000000001 0.544096673416974
0.248699000000001 0.59214232029959
0.248799000000001 0.606221470300326
0.248899000000001 0.624159212874063
0.248999000000001 0.656232280757609
0.249099000000001 0.716208836151077
0.249199000000001 0.731476055662099
0.249299000000001 0.730421235426991
0.249399000000001 0.758295768357333
0.249499000000001 0.74886653978119
0.249599000000001 0.790738795922322
0.249699000000001 0.794801555092415
0.249799000000001 0.81108417580269
0.249899000000001 0.782131142372764
0.249999000000001 0.778138015806811
0.250099000000001 0.814742956830504
0.250199000000001 0.783460904498019
0.250299000000001 0.788364118474919
0.250399000000001 0.775298091863249
0.250499000000001 0.759188366916223
0.250599000000001 0.723426900269477
0.250699000000001 0.735706685916368
0.250799000000001 0.700362893357899
0.250899000000001 0.701987884587781
0.250999000000001 0.679035998363031
0.251099000000001 0.634840458577096
0.251199000000001 0.615889665670989
0.251299000000001 0.583524350654257
0.251399000000001 0.606419177238373
0.251499000000001 0.56194216477212
0.251599000000001 0.515463543778163
0.251699000000001 0.448431618698878
0.251799000000001 0.421523090384041
0.251899000000001 0.375419728255945
0.251999000000001 0.303518922962194
0.252099000000001 0.2609040781727
0.252199000000001 0.172233717889728
0.252299000000001 0.132152633554684
0.252399000000001 0.0693712653341114
0.252499000000001 0.0251601459060619
0.252599000000001 -0.0223825848409763
0.252699000000001 -0.0746216545139122
0.252799000000001 -0.127121743042478
0.252899000000001 -0.201815080948765
0.252999000000001 -0.240915331701135
0.253099000000001 -0.348833809136395
0.253199000000001 -0.3760180505204
0.253299000000001 -0.46034988761013
0.253399000000001 -0.473291818249211
0.253499000000001 -0.539048381501479
0.253599000000001 -0.579771225272092
0.253699000000001 -0.609105072322621
0.253799000000001 -0.650060064467449
0.253899000000001 -0.683088432466373
0.253999000000001 -0.710581026972373
0.254099000000001 -0.741678884028183
0.254199000000001 -0.767861456477667
0.254299000000001 -0.81412828159504
0.254399000000001 -0.847626330941112
0.254499000000001 -0.872495246195844
0.254599000000001 -0.89167026867792
0.254699000000001 -0.903029848691386
0.254799000000001 -0.88744759144654
0.254899000000001 -0.900147145167129
0.254999000000001 -0.930476200735322
0.255099000000001 -0.951795108834948
0.255199000000001 -0.963509535623488
0.255299000000001 -0.964632350016442
0.255399000000001 -0.94759452420606
0.255499000000001 -0.970108258460005
0.255599000000001 -0.930296517418514
0.255699000000001 -0.955130482230677
0.255799000000001 -0.922491331792662
0.255899000000001 -0.905308007755444
0.255999000000001 -0.858452407897874
0.256099000000001 -0.841282049403413
0.256199000000001 -0.79549339692302
0.256299000000001 -0.724036438878629
0.256399000000001 -0.723810737406661
0.256499000000001 -0.67364841046314
0.256599000000001 -0.645856815815862
0.256699000000001 -0.622129042554803
0.256799000000001 -0.592003210306581
0.256899000000001 -0.50900948029212
0.256999000000001 -0.4684963615033
0.257099000000001 -0.395035669623515
0.257199000000001 -0.340011441551449
0.257299000000001 -0.273251407248564
0.257399000000001 -0.20819115923803
0.257499000000001 -0.17056523554831
0.257599000000001 -0.0918565526140328
0.257699000000001 -0.0294059712266693
0.257799000000001 0.0166108947189431
0.257899000000001 0.0701797151315093
0.257999000000001 0.151686934395844
0.258099000000001 0.185628825531415
0.258199000000001 0.288850464796104
0.258299000000001 0.310448255292231
0.258399000000001 0.414586109448697
0.258499000000001 0.428289276056764
0.258599000000001 0.479612819744201
0.258699000000001 0.551824001469777
0.258799000000001 0.569161813510595
0.258899000000001 0.628992543626583
0.258999000000001 0.68834867020087
0.259099000000001 0.725449204925305
0.259199000000001 0.784489837457259
0.259299000000001 0.833593623699393
0.259399000000001 0.876342783955978
0.259499000000001 0.919678886981753
0.259599000000001 0.957852085525191
0.259699000000001 0.982647462197703
0.259799000000001 0.98095159600679
0.259899000000001 1.00415710478484
0.259999000000001 1.01889564375146
0.260099000000001 1.0427353026405
0.260199000000001 1.04267651090345
0.260299000000001 1.04321328780085
0.260399000000001 1.07154482275838
0.260499000000001 1.02788600137034
0.260599000000001 1.06867562042153
0.260699000000001 1.0826435938514
0.260799000000001 1.06999192996366
0.260899000000001 1.02146505744138
0.260999000000001 0.989665402026997
0.261099000000001 0.967062706084338
0.261199000000001 0.935513588003024
0.261299000000001 0.869724931209689
0.261399000000001 0.86485392205459
0.261499000000001 0.797513170623233
0.261599000000001 0.735726350207113
0.261699000000001 0.715251425142173
0.261799000000001 0.641888431527911
0.261899000000001 0.56880601672251
0.261999000000001 0.526994612404555
0.262099000000001 0.482571352163487
0.262199000000001 0.397945674352809
0.262299000000001 0.360971355001501
0.262399000000001 0.280375929381174
0.262499000000001 0.222821192909967
0.262599000000001 0.166977142014774
0.262699000000001 0.119605187181422
0.262799000000001 0.067006276937079
0.262899000000001 0.00409236921147526
0.262999000000001 -0.0774614747188198
0.263099000000001 -0.0987551522398998
0.263199000000001 -0.198480160849609
0.263299000000001 -0.217215495125669
0.263399000000001 -0.314149575076194
0.263499000000001 -0.370341807960713
0.263599000000001 -0.399975675548749
0.263699000000001 -0.480547914385571
0.263799000000001 -0.494142289671178
0.263899000000001 -0.563297995767815
0.263999000000001 -0.557605886522835
0.264099000000001 -0.634560658792012
0.264199000000001 -0.647211245801027
0.264299000000001 -0.689048136759395
0.264399000000001 -0.736606530793976
0.264499000000001 -0.795712721966364
0.264599000000001 -0.864660764794494
0.264699000000001 -0.888001346912725
0.264799000000001 -0.928863992552559
0.264899000000001 -0.93194944120014
0.264999000000001 -0.963862669869339
0.265099000000001 -0.999160946131217
0.265199000000001 -0.970023486864147
0.265299000000001 -0.93949669485572
0.265399000000001 -0.940158661225233
0.265499000000001 -0.967249167025522
0.265599000000001 -0.967017956369287
0.265699000000001 -0.957911858305963
0.265799000000001 -0.959910705143038
0.265899000000001 -0.934679828323511
0.265999000000001 -0.932782143256096
0.266099000000001 -0.913875270785369
0.266199000000001 -0.913143911856665
0.266299000000001 -0.872896646224942
0.266399000000001 -0.841174507705942
0.266499000000001 -0.748776424241767
0.266599000000001 -0.737994598667498
0.266699000000001 -0.699155042770599
0.266799000000001 -0.657795878620023
0.266899000000001 -0.602892499420434
0.266999000000001 -0.551858263406319
0.267099000000001 -0.501032901164562
0.267199000000001 -0.487158571358657
0.267299000000001 -0.445283455727656
0.267399000000001 -0.399087702486516
0.267499000000001 -0.341718413484823
0.267599000000001 -0.305357303184973
0.267699000000001 -0.220884512424116
0.267799000000001 -0.182021931077311
0.267899000000001 -0.10520117387843
0.267999000000001 -0.0901950457658548
0.268099000000001 -0.0335922160604149
0.268199000000001 0.00359939341630266
0.268299000000001 0.0868406096498975
0.268399000000001 0.111487741199771
0.268499000000001 0.15091957630981
0.268599000000001 0.210664229504518
0.268699000000001 0.272241018286838
0.268799000000001 0.321776754205799
0.268899000000001 0.35941995451784
0.268999000000001 0.419062161583529
0.269099000000001 0.462487307683739
0.269199000000001 0.525139787144495
0.269299000000001 0.553588026624294
0.269399000000001 0.619419007981425
0.269499000000001 0.643465231323566
0.269599000000001 0.68326986928777
0.269699000000001 0.714306287605569
0.269799000000001 0.741857206842287
0.269899000000001 0.779693386889532
0.269999000000001 0.796716048742461
0.270099000000001 0.811644702862316
0.270199000000001 0.842745480529797
0.270299000000001 0.843478339553653
0.270399000000001 0.86955383508501
0.270499000000001 0.848635526465066
0.270599000000001 0.872072569270779
0.270699000000001 0.894235812521442
0.270799000000001 0.863879638965417
0.270899000000001 0.848295823555058
0.270999000000001 0.816033893042903
0.271099000000001 0.822800310338352
0.271199000000001 0.797593613584138
0.271299000000001 0.791131598162524
0.271399000000001 0.775291425082911
0.271499000000001 0.722039170779831
0.271599000000001 0.700727961248635
0.271699000000001 0.667857812914182
0.271799000000001 0.617468421978737
0.271899000000001 0.587255554684743
0.271999000000001 0.56177046559342
0.272099000000001 0.520713803620854
0.272199000000001 0.510415479468874
0.272299000000001 0.458219877573598
0.272399000000001 0.411779652860389
0.272499000000001 0.365054762176036
0.272599000000001 0.315734494895243
0.272699000000001 0.27465610574845
0.272799000000001 0.24357051799496
0.272899000000001 0.179850623008999
0.272999000000001 0.145934636517436
0.273099000000001 0.0934651054760252
0.273199000000001 0.073126257299922
0.273299000000001 -0.00303777980703432
0.273399000000001 -0.034492883335818
0.273499000000001 -0.0770555405042975
0.273599000000001 -0.100121020885338
0.273699000000001 -0.163768234137246
0.273799000000001 -0.166084398316201
0.273899000000001 -0.21419728531819
0.273999000000001 -0.267861429065821
0.274099000000001 -0.259000920284489
0.274199000000001 -0.317648695905987
0.274299000000001 -0.334090707134967
0.274399000000001 -0.374525007608606
0.274499000000001 -0.406475201914966
0.274599000000001 -0.44354600382199
0.274699000000001 -0.468048623215036
0.274799000000001 -0.525981052688297
0.274899000000001 -0.538310701009487
0.274999000000001 -0.545311742825587
0.275099000000001 -0.570207737669978
0.275199000000001 -0.553917301225762
0.275299000000001 -0.574938165018928
0.275399000000001 -0.576481708762277
0.275499000000001 -0.596843095722579
0.275599000000001 -0.603954978054886
0.275699000000001 -0.613165235328525
0.275799000000001 -0.611392691504502
0.275899000000001 -0.618679253404409
0.275999000000001 -0.597810829129937
0.276099000000001 -0.592064594773726
0.276199000000001 -0.589061281388472
0.276299000000001 -0.579502376368059
0.276399000000001 -0.574027676717163
0.276499000000001 -0.538096149846926
0.276599000000001 -0.546458877395538
0.276699000000001 -0.511356294436523
0.276799000000001 -0.520434532099222
0.276899000000001 -0.465350786369158
0.276999000000001 -0.495540596479483
0.277099000000001 -0.472277861986248
0.277199000000001 -0.447379266031906
0.277299000000001 -0.414965907595584
0.277399000000001 -0.401872326598631
0.277499000000001 -0.398847233005495
0.277599000000001 -0.362030510689184
0.277699000000001 -0.343154082688353
0.277799000000001 -0.333398973680204
0.277899000000001 -0.296453921514676
0.277999000000001 -0.272006068214677
0.278099000000001 -0.248185780247712
0.278199000000001 -0.190520807295396
0.278299000000001 -0.203630605901109
0.278399000000001 -0.176151021850878
0.278499000000001 -0.154981370078291
0.278599000000001 -0.122799632482343
0.278699000000001 -0.0731298145682613
0.278799000000001 -0.0645362632207098
0.278899000000001 -0.00961492210881837
0.278999000000001 0.00531011645123477
0.279099000000001 0.0390775370850568
0.279199000000001 0.045520410064518
0.279299000000001 0.0407663551304408
0.279399000000001 0.058923475822383
0.279499000000001 0.104012052937973
0.279599000000001 0.132218573225545
0.279699000000001 0.142458566341954
0.279799000000001 0.180574453006921
0.279899000000001 0.201242268727806
0.279999000000001 0.221422425062399
0.280099000000001 0.239204938071097
0.280199000000001 0.238688869409825
0.280299000000001 0.211890537912061
0.280399000000001 0.251710258951704
0.280499000000001 0.241357591979283
0.280599000000001 0.2954554306313
0.280699000000001 0.298246024973297
0.280799000000001 0.33518797426647
0.280899000000001 0.330069093822748
0.280999000000001 0.330489798744326
0.281099000000001 0.34551891560059
0.281199000000001 0.395943660168495
0.281299000000001 0.419706301255626
0.281399000000001 0.413605536366294
0.281499000000001 0.3899658676735
0.281599000000001 0.404161428808623
0.281699000000001 0.385832679329772
0.281799000000001 0.414644709681087
0.281899000000001 0.41123172973476
0.281999000000001 0.369233904723479
0.282099000000001 0.398369627012488
0.282199000000001 0.387508802873577
0.282299000000001 0.417618854935268
0.282399000000001 0.41609778918965
0.282499000000001 0.400384131036203
0.282599000000001 0.410274806401719
0.282699000000001 0.399685331366073
0.282799000000001 0.417578618573482
0.282899000000001 0.406597057753975
0.282999000000001 0.410585183921141
0.283099000000001 0.374217458997396
0.283199000000001 0.345720516168431
0.283299000000001 0.3464635725698
0.283399000000001 0.324846838849218
0.283499000000001 0.326501115091208
0.283599000000001 0.319120887617734
0.283699000000001 0.328628964842867
0.283799000000001 0.315946975376567
0.283899000000001 0.293936622847439
0.283999000000001 0.281248847893857
0.284099000000001 0.259212705569336
0.284199000000001 0.256012258975979
0.284299000000001 0.215583989394789
0.284399000000001 0.203872414528345
0.284499000000001 0.179512914156272
0.284599000000001 0.196967022172932
0.284699000000001 0.145637327000692
0.284799000000001 0.15427197528563
0.284899000000001 0.104473287568363
0.284999000000001 0.116836552553406
0.285099000000001 0.0701015323969783
0.285199000000001 0.0435687606386081
0.285299000000001 0.0332816894441959
0.285399000000001 -0.0186166055505293
0.285499000000001 -0.0223862418442514
0.285599000000001 -0.0188581269900763
0.285699000000001 -0.0207651512053843
0.285799000000001 -0.0709561970290536
0.285899000000001 -0.0676092679382766
0.285999000000001 -0.106156658078115
0.286099000000001 -0.110837712410942
0.286199000000001 -0.130862929074806
0.286299000000001 -0.16215897459084
0.286399000000001 -0.180420962360224
0.286499000000001 -0.222687684361778
0.286599000000001 -0.24726560418904
0.286699000000001 -0.25151060545068
0.286799000000001 -0.228683968131006
0.286899000000001 -0.259486016411695
0.286999000000001 -0.284518117971916
0.287099000000001 -0.306448214744129
0.287199000000001 -0.293491361887947
0.287299000000001 -0.304191990210278
0.287399000000001 -0.335392939728499
0.287499000000001 -0.324446181439121
0.287599000000001 -0.344102127347101
0.287699000000001 -0.343415274961888
0.287799000000001 -0.388569625257494
0.287899000000001 -0.376109690738124
0.287999000000001 -0.4030941610704
0.288099000000001 -0.407648785099331
0.288199000000001 -0.425633108980901
0.288299000000001 -0.471153956571697
0.288399000000001 -0.47669430404366
0.288499000000001 -0.486707593451157
0.288599000000001 -0.515865955353937
0.288699000000001 -0.49533276333282
0.288799000000001 -0.535538042368992
0.288899000000001 -0.504376521254704
0.288999000000001 -0.495899957554565
0.289099000000001 -0.470515038645936
0.289199000000001 -0.477719582804191
0.289299000000001 -0.501791308019238
0.289399000000001 -0.491394137937226
0.289499000000001 -0.507146851148488
0.289599000000001 -0.500153885011505
0.289699000000001 -0.471361477364203
0.289799000000001 -0.452431601575303
0.289899000000001 -0.454059516982641
0.289999000000001 -0.434551759854664
0.290099000000001 -0.416366608350643
0.290199000000001 -0.410516500909319
0.290299000000001 -0.363175787599942
0.290399000000001 -0.341749223873338
0.290499000000001 -0.270701717111792
0.290599000000001 -0.261664677932549
0.290699000000001 -0.253604095778181
0.290799000000001 -0.197911213929488
0.290899000000001 -0.184789789642242
0.290999000000001 -0.15735281220736
0.291099000000001 -0.163858384945562
0.291199000000001 -0.130894029453739
0.291299000000001 -0.0836269007915715
0.291399000000001 -0.0495282316501173
0.291499000000001 -0.00773256931211012
0.291599000000001 0.00961506082304801
0.291699000000001 0.0468555667098805
0.291799000000001 0.0911457388808013
0.291899000000001 0.140602829580184
0.291999000000001 0.179274093277062
0.292099000000001 0.225457130206036
0.292199000000001 0.261446063128633
0.292299000000001 0.276410529939245
0.292399000000001 0.32301339696733
0.292499000000001 0.329341178716053
0.292599000000001 0.36112625313383
0.292699000000001 0.395920405007831
0.292799000000001 0.419361504046244
0.292899000000001 0.488900371086546
0.292999000000001 0.509965488825978
0.293099000000001 0.569107991033589
0.293199000000001 0.591574621590617
0.293299000000001 0.605939744714439
0.293399000000001 0.654188599172596
0.293499000000001 0.647900359419196
0.293599000000001 0.670398360467385
0.293699000000001 0.702171095100194
0.293799000000001 0.684864313924794
0.293899000000001 0.686564522129835
0.293999000000001 0.679312707794076
0.294099000000001 0.680793028154997
0.294199000000001 0.697481999817185
0.294299000000001 0.710201198809844
0.294399000000001 0.697316544223461
0.294499000000001 0.668004034113435
0.294599000000001 0.671955022194464
0.294699000000001 0.649636320085346
0.294799000000001 0.656824136668994
0.294899000000001 0.643379115297567
0.294999000000001 0.618066835006175
0.295099000000001 0.59755405274268
0.295199000000001 0.572850755004924
0.295299000000001 0.577272304844883
0.295399000000001 0.564711953727802
0.295499000000001 0.527927133251217
0.295599000000001 0.50058764622962
0.295699000000001 0.458624052704061
0.295799000000001 0.409612203074882
0.295899000000001 0.378126904158121
0.295999000000001 0.331783095077082
0.296099000000001 0.302542013703879
0.296199000000001 0.241357658752362
0.296299000000001 0.230524366268854
0.296399000000001 0.169268896688586
0.296499000000001 0.167992329376954
0.296599000000001 0.126886711623365
0.296699000000001 0.102573912663689
0.296799000000001 0.07985647415179
0.296899000000001 0.0159540379021775
0.296999000000001 -0.0168762807739401
0.297099000000001 -0.0916136776423939
0.297199000000001 -0.146096390427337
0.297299000000001 -0.196049532014799
0.297399000000001 -0.268021019890646
0.297499000000001 -0.293557886961772
0.297599000000001 -0.334253843767859
0.297699000000001 -0.377917224596213
0.297799000000001 -0.401443099861803
0.297899000000001 -0.464988400484395
0.297999000000001 -0.49793187465265
0.298099000000001 -0.590068998609811
0.298199000000001 -0.60994566971506
0.298299000000001 -0.652865355086288
0.298399000000001 -0.675177880046048
0.298499000000001 -0.700957068829349
0.298599000000001 -0.725600845461785
0.298699000000001 -0.726478503644758
0.298799000000001 -0.746481867403257
0.298899000000001 -0.775785682857181
0.298999000000001 -0.794449517899724
0.299099000000001 -0.801171878278098
0.299199000000001 -0.830549715309062
0.299299000000001 -0.824859801168401
0.299399000000001 -0.825687340342821
0.299499000000001 -0.846453050915082
0.299599000000001 -0.832769734927003
0.299699000000001 -0.829221486087313
0.299799000000001 -0.812871640201197
0.299899000000001 -0.799140981599466
0.299999000000001 -0.787900277735119
0.300099000000001 -0.764940963705329
0.300199000000001 -0.760129186158631
0.300299000000001 -0.733751504670951
0.300399000000001 -0.710860018455286
0.300499000000001 -0.719363277900342
0.300599000000001 -0.655614390002526
0.300699000000001 -0.639231122596976
0.300799000000001 -0.585244652714902
0.300899000000001 -0.561019624771378
0.300999000000001 -0.521966412135239
0.301099000000002 -0.466423041175253
0.301199000000001 -0.414648448262904
0.301299000000001 -0.381413783674206
0.301399000000001 -0.341177932112701
0.301499000000001 -0.286019750827064
0.301599000000001 -0.224524553310528
0.301699000000001 -0.202001829106173
0.301799000000001 -0.136201664797607
0.301899000000001 -0.100783059878771
0.301999000000001 -0.0513756350991533
0.302099000000001 0.0152023080375876
0.302199000000001 0.088270030260724
0.302299000000001 0.163811524452326
0.302399000000001 0.19710328445781
0.302499000000001 0.261982125038494
0.302599000000001 0.327055782942497
0.302699000000001 0.369579549410271
0.302799000000001 0.391231571978644
0.302899000000001 0.438174884083196
0.302999000000001 0.463751874977745
0.303099000000001 0.517376631956146
0.303199000000001 0.540205740609706
0.303299000000001 0.621356477516801
0.303399000000001 0.611803543228961
0.303499000000001 0.662719681251335
0.303599000000001 0.682591095517474
0.303699000000001 0.729446565533543
0.303799000000001 0.759240455872171
0.303899000000001 0.798298385665832
0.303999000000001 0.821431556789803
0.304099000000001 0.834304014625395
0.304199000000001 0.836057934219248
0.304299000000001 0.855926881459852
0.304399000000001 0.881474007180289
0.304499000000001 0.905089778612749
0.304599000000001 0.896547355947873
0.304699000000001 0.879105340030165
0.304799000000001 0.872519749324202
0.304899000000001 0.843180996627049
0.304999000000001 0.826194393248319
0.305099000000001 0.837860797389281
0.305199000000001 0.822968096970067
0.305299000000001 0.818050901077996
0.305399000000001 0.808076698613612
0.305499000000002 0.772891678264781
0.305599000000001 0.751095101520989
0.305699000000001 0.703808005975121
0.305799000000001 0.68131661436321
0.305899000000001 0.624615281502778
0.305999000000001 0.594992593044508
0.306099000000001 0.536169662476082
0.306199000000001 0.482410350218244
0.306299000000001 0.451624295775557
0.306399000000001 0.401894282703516
0.306499000000001 0.371702896155525
0.306599000000001 0.301329023432908
0.306699000000001 0.279219023968094
0.306799000000001 0.220935554623353
0.306899000000001 0.179233859235251
0.306999000000001 0.144242873458131
0.307099000000001 0.0673586404605861
0.307199000000001 -0.000158516965596771
0.307299000000001 -0.0386785105252319
0.307399000000001 -0.105822733770732
0.307499000000001 -0.162949948797058
0.307599000000001 -0.228229540465744
0.307699000000001 -0.268949507019233
0.307799000000001 -0.332996830140389
0.307899000000001 -0.35904487735472
0.307999000000001 -0.41960472234222
0.308099000000001 -0.446208611727982
0.308199000000001 -0.495003419875067
0.308299000000001 -0.552418307263635
0.308399000000001 -0.592275778511221
0.308499000000001 -0.653766131722015
0.308599000000001 -0.663442445064072
0.308699000000001 -0.682112534262558
0.308799000000001 -0.738270557909868
0.308899000000001 -0.728771788710594
0.308999000000001 -0.750221960955377
0.309099000000001 -0.767537048601303
0.309199000000001 -0.779552398283458
0.309299000000001 -0.784814291491783
0.309399000000001 -0.821177722401569
0.309499000000001 -0.817216964605599
0.309599000000001 -0.830850817941006
0.309699000000001 -0.840436511644989
0.309799000000001 -0.82173597499134
0.309899000000001 -0.836007533298799
0.309999000000001 -0.820447968743165
0.310099000000001 -0.80136235383195
0.310199000000001 -0.795471864319202
0.310299000000001 -0.764860593924034
0.310399000000001 -0.748459781143892
0.310499000000001 -0.74225455891274
0.310599000000001 -0.732215087634633
0.310699000000001 -0.693352599395222
0.310799000000001 -0.654758139295641
0.310899000000001 -0.607774503813596
0.310999000000001 -0.589441674075058
0.311099000000001 -0.589295288724263
0.311199000000001 -0.529550819720794
0.311299000000001 -0.506084431668974
0.311399000000001 -0.43803330480201
0.311499000000001 -0.409340266145097
0.311599000000001 -0.346339655032248
0.311699000000001 -0.313830338206667
0.311799000000001 -0.253807178572506
0.311899000000001 -0.217263484690969
0.311999000000001 -0.159047247409128
0.312099000000001 -0.117798383401558
0.312199000000001 -0.0837417480109469
0.312299000000001 -0.0483932496384246
0.312399000000001 0.00625234286529022
0.312499000000001 0.0459448030861151
0.312599000000001 0.104081442243131
0.312699000000001 0.100433420647632
0.312799000000001 0.197067811145108
0.312899000000001 0.221803121857808
0.312999000000001 0.274939557226176
0.313099000000001 0.298448965262389
0.313199000000001 0.34074636354459
0.313299000000001 0.411482556065359
0.313399000000001 0.424108994155317
0.313499000000001 0.476146862767308
0.313599000000001 0.522941739857399
0.313699000000001 0.540749696242516
0.313799000000001 0.577779712856929
0.313899000000001 0.600242912444554
0.313999000000001 0.594783563906797
0.314099000000001 0.624714315040146
0.314199000000001 0.627256142292079
0.314299000000001 0.638003812987465
0.314399000000001 0.646804470477075
0.314499000000001 0.677250230046365
0.314599000000001 0.70192764142368
0.314699000000001 0.699258998568017
0.314799000000001 0.702258443196674
0.314899000000001 0.67767368557818
0.314999000000001 0.67513809376355
0.315099000000001 0.69910948503095
0.315199000000001 0.673091694821769
0.315299000000001 0.690284895536988
0.315399000000001 0.668341992039397
0.315499000000001 0.622598061290488
0.315599000000001 0.601560615199979
0.315699000000001 0.600666514892403
0.315799000000001 0.586638434411902
0.315899000000001 0.56491055335923
0.315999000000001 0.538017943830668
0.316099000000001 0.500473705114091
0.316199000000001 0.477147879782239
0.316299000000001 0.455549586290977
0.316399000000001 0.455123307498941
0.316499000000001 0.389005353154707
0.316599000000001 0.384254997721769
0.316699000000001 0.372229663532827
0.316799000000001 0.321970805430768
0.316899000000001 0.281568870629032
0.316999000000001 0.180926317517642
0.317099000000001 0.18536555285066
0.317199000000001 0.141241876877158
0.317299000000001 0.10618847826654
0.317399000000001 0.0827131720227497
0.317499000000001 0.00625153645930548
0.317599000000001 0.00292636934329859
0.317699000000001 -0.0427493905040938
0.317799000000001 -0.0672083353848724
0.317899000000001 -0.095029355236956
0.317999000000001 -0.123167628404553
0.318099000000001 -0.155025092976834
0.318199000000001 -0.147038767636186
0.318299000000001 -0.20529810423831
0.318399000000001 -0.227471446342713
0.318499000000001 -0.278480375825895
0.318599000000001 -0.289908908989899
0.318699000000001 -0.344312857460743
0.318799000000001 -0.340766253762872
0.318899000000001 -0.357385535178436
0.318999000000001 -0.388028344031855
0.319099000000001 -0.390005201920304
0.319199000000001 -0.405791863342381
0.319299000000001 -0.448266439215542
0.319399000000001 -0.446788066179385
0.319499000000001 -0.477821712769923
0.319599000000001 -0.469744950238713
0.319699000000001 -0.475449426034123
0.319799000000001 -0.500226330508897
0.319899000000001 -0.472177248429359
0.319999000000001 -0.501322311853773
0.320099000000001 -0.469736995991966
0.320199000000001 -0.518042270997452
0.320299000000001 -0.498311348042009
0.320399000000001 -0.487070714463325
0.320499000000001 -0.491192402636529
0.320599000000001 -0.474325169881777
0.320699000000001 -0.452769977868141
0.320799000000001 -0.46616908820642
0.320899000000001 -0.446903095732878
0.320999000000001 -0.443734266083047
0.321099000000001 -0.41226395314781
0.321199000000001 -0.410624697687472
0.321299000000001 -0.408562317707531
0.321399000000001 -0.388990681465698
0.321499000000001 -0.371058895723063
0.321599000000001 -0.362828649185271
0.321699000000001 -0.356177208240594
0.321799000000001 -0.338241224731682
0.321899000000001 -0.336456151563215
0.321999000000001 -0.336296586775373
0.322099000000001 -0.289995375977999
0.322199000000001 -0.274144462087754
0.322299000000001 -0.231865623817578
0.322399000000001 -0.20848984753988
0.322499000000001 -0.219957760284309
0.322599000000001 -0.20438619558593
0.322699000000001 -0.15384148847595
0.322799000000001 -0.146333931970521
0.322899000000001 -0.110226200530956
0.322999000000001 -0.0919490515747401
0.323099000000001 -0.0771015795125477
0.323199000000001 -0.0509336885614613
0.323299000000001 -0.0349395711785613
0.323399000000001 0.000381586450954897
0.323499000000001 0.0183830599850986
0.323599000000001 0.0736495398471865
0.323699000000001 0.0716500867318013
0.323799000000001 0.102272366783401
0.323899000000001 0.121027891057203
0.323999000000001 0.121020857471672
0.324099000000001 0.146939300534991
0.324199000000001 0.187362404384335
0.324299000000001 0.165718782758464
0.324399000000001 0.177015788721132
0.324499000000001 0.20255122854194
0.324599000000001 0.197358036211914
0.324699000000001 0.24886137930928
0.324799000000001 0.228832960329984
0.324899000000001 0.256279118349927
0.324999000000001 0.233005679499193
0.325099000000001 0.275824882421148
0.325199000000001 0.288381250945838
0.325299000000001 0.298700927394426
0.325399000000001 0.299043779521343
0.325499000000001 0.344552666972614
0.325599000000001 0.327203453859125
0.325699000000001 0.325206485594142
0.325799000000001 0.336695425683557
0.325899000000001 0.336295158262516
0.325999000000001 0.354023592570884
0.326099000000001 0.3480810005312
0.326199000000001 0.344234718843347
0.326299000000001 0.35833629153664
0.326399000000001 0.348742695678168
0.326499000000001 0.356962714005227
0.326599000000001 0.323655833992389
0.326699000000001 0.350022722754653
0.326799000000001 0.3419962241217
0.326899000000001 0.358275711514444
0.326999000000001 0.344371204510403
0.327099000000001 0.341580583301087
0.327199000000001 0.333718749619456
0.327299000000001 0.336309009077107
0.327399000000001 0.333528889479715
0.327499000000001 0.300853746689005
0.327599000000001 0.311180464971548
0.327699000000001 0.280821769253874
0.327799000000001 0.283706428045276
0.327899000000001 0.262865746633222
0.327999000000001 0.262498475129538
0.328099000000001 0.24331027667164
0.328199000000001 0.24458244813995
0.328299000000001 0.234843524860878
0.328399000000001 0.191800886269954
0.328499000000001 0.200089606362206
0.328599000000001 0.19300314239574
0.328699000000001 0.155296918583564
0.328799000000001 0.176211354768675
0.328899000000001 0.177040601456751
0.328999000000001 0.146361724921175
0.329099000000001 0.118758077837051
0.329199000000001 0.115451812855769
0.329299000000001 0.111645139054311
0.329399000000001 0.0453289724767579
0.329499000000001 0.084813037812863
0.329599000000001 0.0450997541346431
0.329699000000001 0.0654950506430414
0.329799000000001 0.0309381114502617
0.329899000000001 0.0440326288299557
0.329999000000001 0.0105080751373558
0.330099000000001 -0.0195289602109622
0.330199000000001 -0.0562031774642952
0.330299000000001 -0.0961440730106582
0.330399000000001 -0.109439404167649
0.330499000000001 -0.11095095237833
0.330599000000001 -0.106052617270316
0.330699000000001 -0.141809448776884
0.330799000000001 -0.180221303151326
0.330899000000001 -0.176924259896943
0.330999000000001 -0.19867522862345
0.331099000000001 -0.194218246883396
0.331199000000001 -0.231364780100957
0.331299000000001 -0.248963557596
0.331399000000001 -0.286659020634304
0.331499000000001 -0.309209825640413
0.331599000000001 -0.325688955814524
0.331699000000001 -0.357363929424858
0.331799000000001 -0.37139201851778
0.331899000000001 -0.39105984445577
0.331999000000001 -0.385946204318573
0.332099000000001 -0.423409508141893
0.332199000000001 -0.400722956278091
0.332299000000001 -0.389181151540897
0.332399000000001 -0.42971884284171
0.332499000000001 -0.435281357504524
0.332599000000001 -0.458948592600208
0.332699000000001 -0.43362746564694
0.332799000000001 -0.452748981557884
0.332899000000001 -0.443201623545626
0.332999000000001 -0.435050528634847
0.333099000000001 -0.448293886476805
0.333199000000001 -0.453148539929808
0.333299000000001 -0.455754150875014
0.333399000000001 -0.419635672496631
0.333499000000001 -0.419393972693831
0.333599000000001 -0.411788825600615
0.333699000000001 -0.420351319508458
0.333799000000001 -0.391737745894776
0.333899000000001 -0.420798044840327
0.333999000000001 -0.385611083891033
0.334099000000001 -0.385837263932553
0.334199000000001 -0.355880271234991
0.334299000000001 -0.338441539135928
0.334399000000002 -0.317254434213707
0.334499000000001 -0.313698392236287
0.334599000000001 -0.299695086201945
0.334699000000001 -0.277371699081998
0.334799000000001 -0.267515411967787
0.334899000000001 -0.240137568211123
0.334999000000001 -0.228026800825399
0.335099000000001 -0.189619647263961
0.335199000000001 -0.157231010313943
0.335299000000001 -0.120374322589232
0.335399000000001 -0.100940466530929
0.335499000000001 -0.0554664793763388
0.335599000000001 -0.0518766415432635
0.335699000000001 -0.0201477799094037
0.335799000000001 0.00561565194475853
0.335899000000002 0.0426447876811192
0.335999000000001 0.0715566171415391
0.336099000000001 0.103891750272278
0.336199000000001 0.160761134162508
0.336299000000001 0.151939089120377
0.336399000000001 0.204949505187065
0.336499000000001 0.199275504424741
0.336599000000001 0.259236616572629
0.336699000000001 0.267171912443693
0.336799000000001 0.307635221651771
0.336899000000001 0.343749576930116
0.336999000000001 0.371799622622981
0.337099000000001 0.40579097727882
0.337199000000001 0.417381453152347
0.337299000000001 0.463851480896089
0.337399000000002 0.470117568271662
0.337499000000001 0.54787230539256
0.337599000000001 0.541813160224307
0.337699000000001 0.570788756187925
0.337799000000001 0.567690434412644
0.337899000000001 0.564241750138198
0.337999000000001 0.586906829084296
0.338099000000001 0.590417900276231
0.338199000000001 0.590817819802719
0.338299000000001 0.60404595497938
0.338399000000001 0.601461244316382
0.338499000000001 0.60714220460116
0.338599000000001 0.618787291188364
0.338699000000001 0.607883575164744
0.338799000000002 0.611996057676986
0.338899000000001 0.583830466516239
0.338999000000001 0.609867581179469
0.339099000000001 0.572948620811249
0.339199000000001 0.592560273315747
0.339299000000001 0.5494868843613
0.339399000000001 0.561548073366504
0.339499000000001 0.521578615538737
0.339599000000001 0.519114664584823
0.339699000000001 0.48361901223083
0.339799000000001 0.452775089239444
0.339899000000001 0.412870118233356
0.339999000000001 0.386833758465722
0.340099000000001 0.366901876433933
0.340199000000001 0.344120377326761
0.340299000000002 0.321780672391511
0.340399000000001 0.289062329474385
0.340499000000001 0.25457680637397
0.340599000000001 0.173266626676969
0.340699000000001 0.164008362730133
0.340799000000001 0.0994248091887008
0.340899000000001 0.0779958066723487
0.340999000000001 0.0403912944873836
0.341099000000001 -0.0286887127009455
0.341199000000001 -0.050723315715582
0.341299000000001 -0.105319866749802
0.341399000000001 -0.17101840244308
0.341499000000001 -0.173887926148797
0.341599000000001 -0.211725139597432
0.341699000000001 -0.222022433625188
0.341799000000002 -0.299528789131862
0.341899000000001 -0.322493214201742
0.341999000000001 -0.369484190256559
0.342099000000001 -0.425811028959069
0.342199000000001 -0.456449850250266
0.342299000000001 -0.493222610759732
0.342399000000001 -0.519282011790174
0.342499000000001 -0.552603599501432
0.342599000000001 -0.589223588967426
0.342699000000001 -0.594356717480613
0.342799000000001 -0.620458268695203
0.342899000000001 -0.654140946697479
0.342999000000001 -0.67015835996346
0.343099000000001 -0.656482141735627
0.343199000000001 -0.673916682657832
0.343299000000001 -0.709715980161758
0.343399000000001 -0.673208025859452
0.343499000000001 -0.71355229078474
0.343599000000001 -0.702838486140763
0.343699000000001 -0.736130062590486
0.343799000000001 -0.720769038054102
0.343899000000001 -0.732756742805375
0.343999000000001 -0.722506785461158
0.344099000000001 -0.723573529448872
0.344199000000001 -0.724872821844231
0.344299000000001 -0.706850763805435
0.344399000000001 -0.694966988478433
0.344499000000001 -0.658986145089398
0.344599000000001 -0.638341749131791
0.344699000000001 -0.596828817536096
0.344799000000001 -0.561965837674193
0.344899000000001 -0.519582544666529
0.344999000000001 -0.515252412105231
0.345099000000001 -0.481600665019471
0.345199000000001 -0.481330834136455
0.345299000000001 -0.406777466480191
0.345399000000001 -0.386782853478298
0.345499000000001 -0.34535661562901
0.345599000000001 -0.310941517912784
0.345699000000001 -0.234765049587073
0.345799000000001 -0.220775223859377
0.345899000000001 -0.176613743714691
0.345999000000001 -0.126356389429223
0.346099000000001 -0.0928117439277832
0.346199000000001 -0.0279360708849282
0.346299000000001 0.00597476201691412
0.346399000000001 0.0501131136332393
0.346499000000001 0.114838309328728
0.346599000000001 0.15980743032443
0.346699000000001 0.212198844747893
0.346799000000001 0.258977762497525
0.346899000000001 0.316110855649752
0.346999000000001 0.336401817031035
0.347099000000001 0.396167220545833
0.347199000000001 0.409877329606024
0.347299000000001 0.449657030718306
0.347399000000001 0.484328086571468
0.347499000000001 0.530631615871119
0.347599000000001 0.551572511965495
0.347699000000001 0.578644092752039
0.347799000000001 0.647994666918553
0.347899000000001 0.643510706214436
0.347999000000001 0.687634052411912
0.348099000000001 0.680993200800518
0.348199000000001 0.745208688323053
0.348299000000001 0.722432209380924
0.348399000000001 0.776903891194404
0.348499000000001 0.762672944387874
0.348599000000001 0.771242163281892
0.348699000000001 0.774285066747713
0.348799000000001 0.754467663473617
0.348899000000001 0.778426527382879
0.348999000000001 0.735988486028021
0.349099000000001 0.740444410779775
0.349199000000001 0.718833177769122
0.349299000000001 0.700575769453008
0.349399000000001 0.692488282153834
0.349499000000001 0.688906544172423
0.349599000000001 0.696495661369303
0.349699000000001 0.659530801912354
0.349799000000001 0.638551163375525
0.349899000000001 0.603944756447927
0.349999000000001 0.588476119316389
0.350099000000001 0.542819750239632
0.350199000000001 0.515608934620341
0.350299000000001 0.476705311480853
0.350399000000001 0.463708604856947
0.350499000000001 0.390271967568799
0.350599000000001 0.314853421886837
0.350699000000001 0.29720654121028
0.350799000000001 0.26505713794043
0.350899000000001 0.208517951432776
0.350999000000001 0.170046686873671
0.351099000000001 0.099591942135135
0.351199000000001 0.081043505971492
0.351299000000001 0.0373769448604889
0.351399000000001 -0.023193227146109
0.351499000000001 -0.0482254883254967
0.351599000000001 -0.0979252040996538
0.351699000000001 -0.144686032692235
0.351799000000001 -0.158515025607985
0.351899000000001 -0.215592775435597
0.351999000000001 -0.257150825293243
0.352099000000001 -0.302659585489904
0.352199000000001 -0.352653030084465
0.352299000000001 -0.380657551575625
0.352399000000001 -0.422665657975303
0.352499000000001 -0.451833956630566
0.352599000000001 -0.466109815617372
0.352699000000001 -0.506649602103329
0.352799000000001 -0.547638185293815
0.352899000000001 -0.571328342063734
0.352999000000001 -0.613211687414686
0.353099000000001 -0.621503060226904
0.353199000000001 -0.646160685892925
0.353299000000001 -0.661266970451269
0.353399000000001 -0.686801870724627
0.353499000000001 -0.713673414206812
0.353599000000001 -0.722419818999761
0.353699000000001 -0.728462502855951
0.353799000000001 -0.714391257012841
0.353899000000001 -0.710630916219978
0.353999000000001 -0.684014777974497
0.354099000000001 -0.701596440065371
0.354199000000001 -0.678325356578584
0.354299000000001 -0.690275599292209
0.354399000000001 -0.657267052490507
0.354499000000001 -0.654418426565705
0.354599000000001 -0.647132747270359
0.354699000000001 -0.631735869475009
0.354799000000001 -0.609825523772107
0.354899000000001 -0.585283953608959
0.354999000000001 -0.593428643845147
0.355099000000001 -0.549896733137553
0.355199000000001 -0.528691035426173
0.355299000000001 -0.50025835170967
0.355399000000001 -0.472261290989343
0.355499000000001 -0.423171542747303
0.355599000000001 -0.433323029602837
0.355699000000001 -0.348953532687142
0.355799000000001 -0.330666799698401
0.355899000000001 -0.264439863001393
0.355999000000001 -0.25951660432071
0.356099000000001 -0.184494423878106
0.356199000000001 -0.175243929445159
0.356299000000001 -0.131269143693481
0.356399000000001 -0.0799041804956773
0.356499000000001 -0.0687538077901842
0.356599000000001 0.00590710253655398
0.356699000000001 0.0334945132827618
0.356799000000001 0.0980197004555931
0.356899000000001 0.140526556184476
0.356999000000001 0.172993598283436
0.357099000000001 0.223467971415081
0.357199000000001 0.229744024784057
0.357299000000001 0.270266664595583
0.357399000000001 0.292500894240296
0.357499000000001 0.315437627573535
0.357599000000001 0.333733627177586
0.357699000000001 0.366087856635408
0.357799000000001 0.398585093046707
0.357899000000001 0.439214964013077
0.357999000000001 0.459209322210666
0.358099000000001 0.493089961114801
0.358199000000001 0.509948037881171
0.358299000000001 0.545389991057616
0.358399000000001 0.562800068216363
0.358499000000001 0.537904141524684
0.358599000000001 0.575664998968189
0.358699000000001 0.580371855304638
0.358799000000001 0.570485166847116
0.358899000000001 0.58463520960007
0.358999000000001 0.580206212232741
0.359099000000001 0.592340995513988
0.359199000000001 0.580516949944521
0.359299000000001 0.584165258350033
0.359399000000001 0.57647550593817
0.359499000000001 0.540738715669121
0.359599000000001 0.610982436386598
0.359699000000001 0.600315000534038
0.359799000000001 0.549935912593276
0.359899000000001 0.536754382557002
0.359999000000001 0.525032906374592
0.360099000000001 0.512938645715347
0.360199000000001 0.482005785514524
0.360299000000001 0.452184545229395
0.360399000000001 0.410255019632574
0.360499000000001 0.394128733825416
0.360599000000001 0.380314929773364
0.360699000000001 0.350964272143523
0.360799000000001 0.308718776201055
0.360899000000001 0.258464000435287
0.360999000000001 0.248091384843515
0.361099000000001 0.208250095007343
0.361199000000001 0.205556520047818
0.361299000000001 0.168304801277818
0.361399000000001 0.131705371557344
0.361499000000001 0.117711300598906
0.361599000000001 0.0886808775978013
0.361699000000001 0.0633456673967361
0.361799000000001 0.0339933797179271
0.361899000000001 0.0310974935188521
0.361999000000001 -0.0214990832088251
0.362099000000001 -0.0156430671900223
0.362199000000001 -0.0303189166084625
0.362299000000001 -0.0654013952181386
0.362399000000001 -0.0982567919227501
0.362499000000001 -0.155609440351837
0.362599000000001 -0.176804296757508
0.362699000000001 -0.229945207825107
0.362799000000001 -0.24900368280337
0.362899000000001 -0.25097492632341
0.362999000000001 -0.297690636573017
0.363099000000001 -0.286807637156873
0.363199000000001 -0.299306203697039
0.363299000000001 -0.328915310503226
0.363399000000001 -0.341532395725167
0.363499000000001 -0.375190395393388
0.363599000000001 -0.363545540840371
0.363699000000001 -0.389058676239473
0.363799000000001 -0.408756553335109
0.363899000000001 -0.437527476489194
0.363999000000001 -0.438918923001033
0.364099000000001 -0.43717988822897
0.364199000000001 -0.424041042023823
0.364299000000001 -0.433749196424722
0.364399000000001 -0.43606394531716
0.364499000000001 -0.460558350422901
0.364599000000001 -0.447384353400969
0.364699000000001 -0.451256985995822
0.364799000000001 -0.423078082805392
0.364899000000001 -0.422823129332265
0.364999000000001 -0.384738082785757
0.365099000000001 -0.397430100310481
0.365199000000001 -0.401629183771623
0.365299000000001 -0.362614458882579
0.365399000000001 -0.37504993971262
0.365499000000001 -0.364943656721832
0.365599000000001 -0.349104792490648
0.365699000000001 -0.327398163892735
0.365799000000001 -0.331066104235712
0.365899000000001 -0.300147441842699
0.365999000000001 -0.254570814243824
0.366099000000001 -0.28308574241677
0.366199000000001 -0.272106730812789
0.366299000000001 -0.255331942057264
0.366399000000001 -0.242209147431363
0.366499000000001 -0.186383416580856
0.366599000000001 -0.171193747370503
0.366699000000001 -0.137036812588681
0.366799000000001 -0.117354502644598
0.366899000000001 -0.0916885345190808
0.366999000000001 -0.0857343431872694
0.367099000000001 -0.0982534202063946
0.367199000000001 -0.0882765488847559
0.367299000000001 -0.0531124734046147
0.367399000000001 -0.0474429146035201
0.367499000000001 -0.0283141218019699
0.367599000000001 -0.016701463543975
0.367699000000001 0.0143421630973162
0.367799000000001 0.0322773096168365
0.367899000000001 0.0570632077355779
0.367999000000001 0.0665642165632776
0.368099000000001 0.102817255377139
0.368199000000001 0.108855593891279
0.368299000000001 0.129442293900347
0.368399000000001 0.156950996426764
0.368499000000002 0.142342869737274
0.368599000000001 0.176919337252596
0.368699000000001 0.163040721880979
0.368799000000001 0.174475013064319
0.368899000000001 0.153915470987152
0.368999000000001 0.168634242449552
0.369099000000001 0.169076611128466
0.369199000000001 0.203182078985099
0.369299000000001 0.217946409720006
0.369399000000001 0.22491106016952
0.369499000000001 0.23508242568724
0.369599000000001 0.238828373189803
0.369699000000001 0.268534423707164
0.369799000000001 0.23038075472625
0.369899000000002 0.241195865316336
0.369999000000001 0.253021068922796
0.370099000000001 0.259443362666363
0.370199000000001 0.253060248067937
0.370299000000001 0.249883788142099
0.370399000000001 0.263235766197981
0.370499000000001 0.252084250975217
0.370599000000001 0.294268080717226
0.370699000000001 0.291850734148815
0.370799000000001 0.310734520454799
0.370899000000001 0.316453221365771
0.370999000000001 0.339274810764631
0.371099000000001 0.339911974132325
0.371199000000001 0.314183762211768
0.371299000000001 0.319780127292984
0.371399000000002 0.299693676573918
0.371499000000001 0.326960270731038
0.371599000000001 0.300416754393221
0.371699000000001 0.333482859890594
0.371799000000001 0.299883329320708
0.371899000000001 0.299261115297894
0.371999000000001 0.30103239667424
0.372099000000002 0.268007566287392
0.372199000000001 0.273835642045025
0.372299000000001 0.234454091345611
0.372399000000001 0.240716128201896
0.372499000000001 0.211852424470021
0.372599000000001 0.229144900691309
0.372699000000001 0.197082062918052
0.372799000000001 0.161463899929019
0.372899000000001 0.175721644994409
0.372999000000001 0.149186674516662
0.373099000000001 0.118977375310414
0.373199000000001 0.129452161389229
0.373299000000001 0.103062545704836
0.373399000000001 0.0937126594545417
0.373499000000001 0.0895955536158539
0.373599000000002 0.0683256251077812
0.373699000000002 0.0795251340885405
0.373799000000001 0.0693783290509433
0.373899000000001 0.0744243451854216
0.373999000000001 0.0632452618349811
0.374099000000001 0.0190961140107689
0.374199000000001 0.0203862831012837
0.374299000000002 -0.0171670034151438
0.374399000000001 -0.0204727205491926
0.374499000000001 -0.0359820730463929
0.374599000000001 -0.0743105463145742
0.374699000000001 -0.100979869959561
0.374799000000001 -0.103313967385957
0.374899000000001 -0.138992427007108
0.374999000000001 -0.134560329918982
0.375099000000002 -0.158305154918613
0.375199000000002 -0.163675687988231
0.375299000000001 -0.205762852742055
0.375399000000001 -0.204398501765223
0.375499000000001 -0.228811325260756
0.375599000000001 -0.251220042470918
0.375699000000001 -0.275933200669078
0.375799000000001 -0.286784076565131
0.375899000000001 -0.278217003381025
0.375999000000001 -0.298071420662501
0.376099000000001 -0.329421433031986
0.376199000000001 -0.353359284407691
0.376299000000001 -0.346336142350871
0.376399000000001 -0.366158988464188
0.376499000000001 -0.364268666618793
0.376599000000002 -0.380524843242879
0.376699000000001 -0.371427120888
0.376799000000001 -0.397857218719046
0.376899000000001 -0.403404579315853
0.376999000000001 -0.404931885005021
0.377099000000001 -0.397381408182126
0.377199000000001 -0.399718498818197
0.377299000000001 -0.419959020611073
0.377399000000001 -0.394793036247034
0.377499000000001 -0.425911935069848
0.377599000000001 -0.406455027193002
0.377699000000001 -0.410900665220814
0.377799000000001 -0.360447647784631
0.377899000000001 -0.367403490196563
0.377999000000001 -0.340014452627375
0.378099000000001 -0.35145649060311
0.378199000000001 -0.352938709503841
0.378299000000001 -0.35434060452195
0.378399000000001 -0.358626609927279
0.378499000000001 -0.329677078659403
0.378599000000001 -0.318947144760538
0.378699000000001 -0.313419542291537
0.378799000000001 -0.278149620182492
0.378899000000001 -0.278315583350227
0.378999000000001 -0.241560364687571
0.379099000000001 -0.210757939830851
0.379199000000001 -0.183863177654876
0.379299000000001 -0.151405950293012
0.379399000000001 -0.14453462395237
0.379499000000001 -0.113618151932947
0.379599000000001 -0.0738973696716134
0.379699000000001 -0.0604714302311297
0.379799000000001 -0.0424649061868845
0.379899000000001 -0.0119974592170794
0.379999000000001 0.0290405103782357
0.380099000000001 0.0462665464081638
0.380199000000001 0.0950076074411607
0.380299000000001 0.118671686002802
0.380399000000001 0.141025558270469
0.380499000000001 0.192702498383155
0.380599000000001 0.212767109489962
0.380699000000001 0.240094061214518
0.380799000000001 0.237651843149184
0.380899000000001 0.29063436344896
0.380999000000001 0.296128682991155
0.381099000000001 0.334989319392861
0.381199000000001 0.334918280876747
0.381299000000001 0.362740426746507
0.381399000000001 0.390794015792292
0.381499000000001 0.416027265558058
0.381599000000001 0.438651108570836
0.381699000000001 0.44926795470258
0.381799000000001 0.46456489990821
0.381899000000001 0.458076608983948
0.381999000000001 0.451040122116493
0.382099000000001 0.46527325301948
0.382199000000001 0.496800280324437
0.382299000000001 0.48889586032839
0.382399000000001 0.517406284022232
0.382499000000001 0.508844642620154
0.382599000000001 0.507768596683143
0.382699000000001 0.542667954167845
0.382799000000001 0.530561651641999
0.382899000000001 0.531813570718462
0.382999000000001 0.528945017091669
0.383099000000001 0.529598692546508
0.383199000000001 0.531409844220414
0.383299000000001 0.532108645551129
0.383399000000001 0.503561973764983
0.383499000000001 0.504922956589088
0.383599000000001 0.468576029401478
0.383699000000001 0.47387050629887
0.383799000000001 0.434382873773925
0.383899000000001 0.414262792039968
0.383999000000001 0.38472060429139
0.384099000000001 0.397256815060646
0.384199000000001 0.346081032139272
0.384299000000001 0.330827715707217
0.384399000000001 0.277627403102114
0.384499000000001 0.257991887935468
0.384599000000001 0.203496949711096
0.384699000000001 0.164452193202927
0.384799000000001 0.134141260852781
0.384899000000001 0.0973833167881587
0.384999000000001 0.0835043091630692
0.385099000000001 0.0396814315799318
0.385199000000001 0.021560096259928
0.385299000000001 -0.0261745790598261
0.385399000000001 -0.0847349556734655
0.385499000000001 -0.114726006057685
0.385599000000001 -0.145632340299958
0.385699000000001 -0.169879722443225
0.385799000000001 -0.191458901409903
0.385899000000001 -0.232599872509786
0.385999000000001 -0.248364529930558
0.386099000000001 -0.304659171954525
0.386199000000001 -0.328313414920954
0.386299000000001 -0.335343970189739
0.386399000000001 -0.38298031960243
0.386499000000001 -0.426287896648312
0.386599000000001 -0.462874303877497
0.386699000000001 -0.443126029309673
0.386799000000001 -0.490256219182887
0.386899000000001 -0.484869916176915
0.386999000000001 -0.53269363832628
0.387099000000001 -0.565641853169105
0.387199000000001 -0.589782537322344
0.387299000000001 -0.599424304532158
0.387399000000001 -0.60784517871359
0.387499000000001 -0.592972904907701
0.387599000000001 -0.6221898911421
0.387699000000001 -0.618753183548048
0.387799000000001 -0.644611830126639
0.387899000000001 -0.651023927661144
0.387999000000001 -0.651064596662186
0.388099000000001 -0.63410610822593
0.388199000000001 -0.62049746748946
0.388299000000001 -0.606568954704107
0.388399000000001 -0.585368078772214
0.388499000000001 -0.582838518202547
0.388599000000001 -0.567940956498529
0.388699000000001 -0.565747816871568
0.388799000000001 -0.533899458756428
0.388899000000001 -0.51814746901561
0.388999000000001 -0.484706815517941
0.389099000000001 -0.474004882280062
0.389199000000001 -0.449084340808549
0.389299000000001 -0.408922040049876
0.389399000000001 -0.370394726501709
0.389499000000001 -0.313377659866131
0.389599000000001 -0.302661164846109
0.389699000000001 -0.255521786344758
0.389799000000001 -0.230138970464517
0.389899000000001 -0.178807166178897
0.389999000000001 -0.167734202736821
0.390099000000001 -0.113118163731991
0.390199000000001 -0.0973872496621302
0.390299000000001 -0.0549927720377491
0.390399000000001 -0.0111664215127064
0.390499000000001 0.0356845855032005
0.390599000000001 0.0353460769713694
0.390699000000001 0.0913240639320237
0.390799000000001 0.114183024230027
0.390899000000001 0.16412502775322
0.390999000000001 0.219243102125862
0.391099000000001 0.254592243841594
0.391199000000001 0.314864548179667
0.391299000000001 0.320321445501284
0.391399000000001 0.364658824819087
0.391499000000001 0.371815415967863
0.391599000000001 0.438189560583976
0.391699000000001 0.423104216836899
0.391799000000001 0.485952079866191
0.391899000000001 0.486265611345675
0.391999000000001 0.524659275852022
0.392099000000001 0.546250003376396
0.392199000000001 0.589560680666185
0.392299000000001 0.61584191431049
0.392399000000001 0.623106558649939
0.392499000000001 0.638397711833657
0.392599000000001 0.648028795063907
0.392699000000001 0.681754183603699
0.392799000000001 0.667726572920046
0.392899000000001 0.681308707276974
0.392999000000001 0.681610488313572
0.393099000000001 0.657814295180747
0.393199000000001 0.667146844452907
0.393299000000001 0.660172971708243
0.393399000000001 0.640788416754603
0.393499000000001 0.649666315062178
0.393599000000001 0.620935132991999
0.393699000000001 0.616334171478144
0.393799000000001 0.580399094523543
0.393899000000001 0.594476922306158
0.393999000000001 0.529104341120892
0.394099000000001 0.536414317224019
0.394199000000001 0.4729406536255
0.394299000000001 0.476460668319364
0.394399000000001 0.429382649581692
0.394499000000001 0.399123881190885
0.394599000000001 0.374256885206843
0.394699000000001 0.350139991962324
0.394799000000001 0.334936420494617
0.394899000000001 0.298938013669757
0.394999000000001 0.24655232997133
0.395099000000001 0.212596841409195
0.395199000000001 0.16983276484212
0.395299000000001 0.114350188063536
0.395399000000001 0.0868166272641264
0.395499000000001 0.0449937081015789
0.395599000000001 0.0158021389660136
0.395699000000001 -0.0168691728320153
0.395799000000001 -0.0559381739083674
0.395899000000001 -0.0827555687253661
0.395999000000001 -0.122551573169723
0.396099000000001 -0.18543685799516
0.396199000000001 -0.196142200848058
0.396299000000001 -0.275979763122861
0.396399000000001 -0.276226073416537
0.396499000000001 -0.323128241305153
0.396599000000001 -0.362132466820913
0.396699000000001 -0.368800371732584
0.396799000000001 -0.428522475135741
0.396899000000001 -0.498746164815799
0.396999000000001 -0.52255045949531
0.397099000000001 -0.541092894976627
0.397199000000001 -0.543408491304126
0.397299000000001 -0.584156905552685
0.397399000000002 -0.564374342039433
0.397499000000001 -0.580308602690823
0.397599000000001 -0.594563584432962
0.397699000000001 -0.621531804053481
0.397799000000001 -0.634130510823047
0.397899000000001 -0.644552472957259
0.397999000000001 -0.629088689583114
0.398099000000001 -0.616233017439756
0.398199000000001 -0.609382458338403
0.398299000000001 -0.592134594424013
0.398399000000001 -0.574559632955737
0.398499000000001 -0.555298734239402
0.398599000000001 -0.53180755508911
0.398699000000001 -0.561680764023912
0.398799000000001 -0.509297144099871
0.398899000000002 -0.518897272760948
0.398999000000001 -0.49408639195874
0.399099000000001 -0.492574196878245
0.399199000000001 -0.475850371063335
0.399299000000001 -0.438392943110252
0.399399000000001 -0.418719466665301
0.399499000000001 -0.396800046711661
0.399599000000001 -0.412846145173622
0.399699000000001 -0.373856312292681
0.399799000000001 -0.34950568549471
0.399899000000001 -0.339515430837753
0.399999000000001 -0.290419909467419
0.400099000000001 -0.241941676852783
0.400199000000001 -0.207587767205404
0.400299000000002 -0.179038231645622
0.400399000000001 -0.139531476331508
0.400499000000001 -0.122496506675082
0.400599000000001 -0.070174718641729
0.400699000000001 -0.0443696941041828
0.400799000000001 0.000178911003316099
0.400899000000001 0.0235536711999589
0.400999000000001 0.0669191419814946
0.401099000000002 0.111072358665616
0.401199000000001 0.139686793633885
0.401299000000001 0.163903771095074
0.401399000000001 0.21155443207523
0.401499000000001 0.236907423671123
0.401599000000001 0.255479989271917
0.401699000000001 0.282868456407895
0.401799000000002 0.292875793675143
0.401899000000001 0.324442652935672
0.401999000000001 0.340431105026748
0.402099000000001 0.358609227322764
0.402199000000001 0.368630596316962
0.402299000000001 0.412085118221194
0.402399000000001 0.411423511756855
0.402499000000002 0.431470445330624
0.402599000000001 0.439728393276989
0.402699000000001 0.440426509199851
0.402799000000001 0.465463188342816
0.402899000000001 0.483374671932434
0.402999000000001 0.494231191366369
0.403099000000001 0.506525639426291
0.403199000000002 0.492750474189222
0.403299000000002 0.488470162069647
0.403399000000001 0.471300446492897
0.403499000000001 0.481304865440578
0.403599000000001 0.470170952377796
0.403699000000001 0.476478752719874
0.403799000000001 0.502512000033923
0.403899000000001 0.490953040370792
0.403999000000002 0.484583221126294
0.404099000000001 0.472524954212079
0.404199000000001 0.457980193317889
0.404299000000001 0.433817372317343
0.404399000000001 0.415165938301395
0.404499000000001 0.410760256382868
0.404599000000001 0.400446747011539
0.404699000000002 0.346197754772095
0.404799000000001 0.362573728883938
0.404899000000001 0.336034358390853
0.404999000000001 0.312391649740445
0.405099000000001 0.296771954006306
0.405199000000001 0.242365551860729
0.405299000000001 0.235615060331716
0.405399000000002 0.194374866912077
0.405499000000001 0.161482730187715
0.405599000000001 0.141720212411558
0.405699000000001 0.0999061269263771
0.405799000000001 0.0668714110749499
0.405899000000001 0.0483746517583373
0.405999000000001 0.0155220144705
0.406099000000001 -0.011771221460105
0.406199000000002 -0.0360532928027415
0.406299000000001 -0.0788235605770714
0.406399000000001 -0.0787616274836868
0.406499000000001 -0.0721575342680314
0.406599000000001 -0.103136562916463
0.406699000000001 -0.109483689002712
0.406799000000001 -0.138643617363338
0.406899000000002 -0.163585489765015
0.406999000000001 -0.200148530650543
0.407099000000001 -0.203682148943243
0.407199000000001 -0.215892079958643
0.407299000000001 -0.23152615671922
0.407399000000001 -0.253596816520095
0.407499000000001 -0.245476550094198
0.407599000000002 -0.275424543287856
0.407699000000001 -0.273368527093595
0.407799000000001 -0.285903507943551
0.407899000000001 -0.298168459622251
0.407999000000001 -0.303420515092251
0.408099000000001 -0.327583184798296
0.408199000000001 -0.325133924183103
0.408299000000001 -0.351746489468864
0.408399000000002 -0.344087742405106
0.408499000000001 -0.359586387753733
0.408599000000001 -0.345803269076845
0.408699000000001 -0.357289492906094
0.408799000000001 -0.347277112837627
0.408899000000001 -0.355349719349157
0.408999000000001 -0.35000338497161
0.409099000000001 -0.35412775172929
0.409199000000001 -0.330604252857038
0.409299000000001 -0.329027943294279
0.409399000000001 -0.302811704338131
0.409499000000001 -0.291885962705966
0.409599000000001 -0.311775251305508
0.409699000000001 -0.287100420049889
0.409799000000002 -0.300995865232511
0.409899000000002 -0.285599300026677
0.409999000000001 -0.297415762701986
0.410099000000001 -0.279912013474654
0.410199000000001 -0.267463600307186
0.410299000000001 -0.260952444535565
0.410399000000001 -0.246969008915067
0.410499000000001 -0.208845362244267
0.410599000000001 -0.208190183099707
0.410699000000001 -0.188887092991012
0.410799000000001 -0.176521304857192
0.410899000000001 -0.141502888897946
0.410999000000001 -0.134591906049313
0.411099000000001 -0.118792238933761
0.411199000000001 -0.111209132190967
0.411299000000002 -0.121410201060682
0.411399000000002 -0.103520735252768
0.411499000000001 -0.103381920466815
0.411599000000001 -0.0734210836580535
0.411699000000001 -0.0676431529053044
0.411799000000001 -0.0614615157618431
0.411899000000001 -0.0507183104152186
0.411999000000001 -0.0147984702294451
0.412099000000001 0.010083679523218
0.412199000000001 0.0078554395030379
0.412299000000001 0.0425746367242268
0.412399000000001 0.0434880037355109
0.412499000000001 0.0721981587735465
0.412599000000001 0.0570283081427269
0.412699000000001 0.100806697062082
0.412799000000002 0.0800354633011579
0.412899000000001 0.090655904179042
0.412999000000001 0.111602764398611
0.413099000000001 0.115798736303007
0.413199000000001 0.153488226905836
0.413299000000001 0.131518824684286
0.413399000000001 0.167612906233216
0.413499000000001 0.153686068742269
0.413599000000001 0.185734188633424
0.413699000000001 0.176142093481287
0.413799000000001 0.166005972408506
0.413899000000001 0.201873636978702
0.413999000000001 0.208131881861213
0.414099000000001 0.229075244462672
0.414199000000001 0.2166995198591
0.414299000000001 0.254369946289793
0.414399000000001 0.229579921865564
0.414499000000001 0.262868596239888
0.414599000000001 0.240732174659109
0.414699000000001 0.280993431473791
0.414799000000001 0.268155979916243
0.414899000000001 0.266760381779407
0.414999000000001 0.274514201018159
0.415099000000001 0.291716566439287
0.415199000000001 0.269934377015108
0.415299000000001 0.252731706648428
0.415399000000001 0.271714104009879
0.415499000000001 0.261438552601195
0.415599000000001 0.276505491040385
0.415699000000001 0.246497753877054
0.415799000000001 0.267151112581335
0.415899000000001 0.266400914963857
0.415999000000001 0.268361965738431
0.416099000000001 0.265777461101665
0.416199000000001 0.250629629592093
0.416299000000001 0.269260409502826
0.416399000000001 0.245065607175217
0.416499000000001 0.267171084701218
0.416599000000001 0.229477143271556
0.416699000000001 0.212483597264825
0.416799000000001 0.231413885912285
0.416899000000001 0.241416648597428
0.416999000000001 0.196811426287297
0.417099000000001 0.187039659018525
0.417199000000001 0.178825254350813
0.417299000000001 0.161966817620851
0.417399000000001 0.167907680194056
0.417499000000001 0.125536177179776
0.417599000000001 0.112595745138217
0.417699000000001 0.0871780846979069
0.417799000000001 0.103092128802785
0.417899000000001 0.0834505631006615
0.417999000000001 0.079948753930722
0.418099000000001 0.0551726104252903
0.418199000000001 0.049105112831782
0.418299000000001 0.00418056796365306
0.418399000000001 0.0176586610125297
0.418499000000001 -0.0182938150294135
0.418599000000001 -0.0147683716323617
0.418699000000001 -0.0399447183320253
0.418799000000001 -0.0552183355700798
0.418899000000001 -0.0821328345185021
0.418999000000001 -0.0907280464141369
0.419099000000001 -0.122793678467798
0.419199000000001 -0.120836085611867
0.419299000000001 -0.158468188730453
0.419399000000001 -0.148195770590187
0.419499000000001 -0.173257832479075
0.419599000000001 -0.192178362624792
0.419699000000001 -0.220561017642628
0.419799000000001 -0.20424603054422
0.419899000000001 -0.226057814538852
0.419999000000001 -0.239843453546072
0.420099000000001 -0.269749862002684
0.420199000000001 -0.271736459948922
0.420299000000001 -0.288207501126418
0.420399000000001 -0.288303083310965
0.420499000000001 -0.302464577031024
0.420599000000001 -0.300888018377338
0.420699000000001 -0.312303288028622
0.420799000000001 -0.334035102872123
0.420899000000001 -0.349990185772523
0.420999000000001 -0.357412080321646
0.421099000000001 -0.342292617187861
0.421199000000001 -0.352275231378339
0.421299000000001 -0.343125027629488
0.421399000000001 -0.360207102653765
0.421499000000001 -0.365285450060679
0.421599000000001 -0.359101083438442
0.421699000000001 -0.366453896629255
0.421799000000001 -0.370494406799577
0.421899000000001 -0.376092243445681
0.421999000000001 -0.384497314109697
0.422099000000001 -0.372576138798291
0.422199000000001 -0.33734161314216
0.422299000000001 -0.357535760187121
0.422399000000001 -0.342574804807109
0.422499000000001 -0.324985188639819
0.422599000000001 -0.288547432815248
0.422699000000001 -0.31397711074903
0.422799000000001 -0.273487921189147
0.422899000000001 -0.274079595795191
0.422999000000001 -0.268779957731637
0.423099000000001 -0.25797305586016
0.423199000000001 -0.231011197532901
0.423299000000001 -0.196584105027291
0.423399000000001 -0.176415090716551
0.423499000000001 -0.140807426363277
0.423599000000001 -0.139731880494849
0.423699000000001 -0.118208861789487
0.423799000000001 -0.122337746320569
0.423899000000001 -0.0769022004371969
0.423999000000001 -0.0622511254844961
0.424099000000001 -0.00173717433119571
0.424199000000001 0.000950084348976596
0.424299000000001 0.0446733145921361
0.424399000000001 0.0653942748199856
0.424499000000001 0.0860190497531469
0.424599000000001 0.09947860690336
0.424699000000001 0.0986602814485392
0.424799000000001 0.15718241080598
0.424899000000001 0.170406407370508
0.424999000000001 0.22467413604318
0.425099000000001 0.221734259270079
0.425199000000001 0.242109336495765
0.425299000000001 0.253585096065169
0.425399000000001 0.292051551077293
0.425499000000001 0.314906859083965
0.425599000000001 0.333686827914447
0.425699000000001 0.374290393681953
0.425799000000001 0.376139037930046
0.425899000000001 0.407473431510295
0.425999000000001 0.399376619061246
0.426099000000001 0.437050097961213
0.426199000000001 0.428231937919645
0.426299000000001 0.465839501668155
0.426399000000001 0.459084768415171
0.426499000000001 0.466774335126064
0.426599000000001 0.479383007127178
0.426699000000001 0.488128820078125
0.426799000000001 0.514067951685825
0.426899000000001 0.527737862281031
0.426999000000002 0.504980053426941
0.427099000000001 0.529306005356996
0.427199000000001 0.518433161081958
0.427299000000001 0.493449305638286
0.427399000000001 0.498550241594801
0.427499000000001 0.482416619450457
0.427599000000001 0.465832100447452
0.427699000000001 0.469882503461653
0.427799000000001 0.442648415152372
0.427899000000001 0.443696422224716
0.427999000000001 0.424330424999647
0.428099000000001 0.423210838377195
0.428199000000001 0.393885558190131
0.428299000000001 0.350000639906878
0.428399000000001 0.3125539454382
0.428499000000001 0.288481108274054
0.428599000000001 0.237330203404485
0.428699000000001 0.20956410491018
0.428799000000001 0.190877859027505
0.428899000000001 0.159362407555617
0.428999000000001 0.134023602274515
0.429099000000001 0.110161954511466
0.429199000000001 0.0804682200085807
0.429299000000001 0.0649204208384745
0.429399000000001 0.0200012348473112
0.429499000000001 -0.0172570534670341
0.429599000000001 -0.064515589453397
0.429699000000001 -0.0712177902310212
0.429799000000001 -0.0763720275490161
0.429899000000001 -0.14365936770666
0.429999000000001 -0.190564987443887
0.430099000000001 -0.225166865625935
0.430199000000001 -0.262843607328743
0.430299000000001 -0.260240603057572
0.430399000000001 -0.297896351819228
0.430499000000001 -0.340107093022783
0.430599000000001 -0.341211810927874
0.430699000000001 -0.379709138224156
0.430799000000001 -0.392254420580956
0.430899000000001 -0.427558821047919
0.430999000000001 -0.429570394902839
0.431099000000001 -0.468678714043845
0.431199000000001 -0.485125535162397
0.431299000000001 -0.507168350837329
0.431399000000001 -0.511720479240786
0.431499000000001 -0.536877711206639
0.431599000000001 -0.53330657776122
0.431699000000001 -0.565556735889908
0.431799000000001 -0.558129269362106
0.431899000000001 -0.573470684002141
0.431999000000001 -0.557291367405189
0.432099000000001 -0.561373886694728
0.432199000000001 -0.538551703043152
0.432299000000001 -0.578775892457551
0.432399000000001 -0.572586232869687
0.432499000000001 -0.570909207193785
0.432599000000001 -0.538329868189543
0.432699000000001 -0.536063580723802
0.432799000000001 -0.529559465854889
0.432899000000002 -0.506891447630965
0.432999000000001 -0.500163989570455
0.433099000000001 -0.460776088531862
0.433199000000001 -0.460118264276271
0.433299000000001 -0.424219843523249
0.433399000000001 -0.398187537121904
0.433499000000001 -0.360931525741281
0.433599000000002 -0.326276428509047
0.433699000000001 -0.284935988156083
0.433799000000001 -0.287902240023534
0.433899000000001 -0.248546686306806
0.433999000000001 -0.233580888824024
0.434099000000001 -0.196676064687641
0.434199000000001 -0.17859614532066
0.434299000000001 -0.148296340237003
0.434399000000002 -0.10031051304035
0.434499000000001 -0.0802762569975887
0.434599000000001 -0.0245869433854894
0.434699000000001 0.00609196367336445
0.434799000000001 0.0524617896877503
0.434899000000001 0.0673926746708183
0.434999000000001 0.110562841354726
0.435099000000002 0.154489295257291
0.435199000000001 0.206208665392545
0.435299000000001 0.275681785122375
0.435399000000001 0.281571357410755
0.435499000000001 0.338187077382259
0.435599000000001 0.341221212628149
0.435699000000001 0.388596656287023
0.435799000000002 0.372649069888516
0.435899000000001 0.427143452117919
0.435999000000001 0.441053337904765
0.436099000000001 0.4650461365763
0.436199000000001 0.494013575017988
0.436299000000001 0.497814652994384
0.436399000000001 0.52144139549449
0.436499000000002 0.533713196093747
0.436599000000002 0.542458979490413
0.436699000000002 0.572383004770323
0.436799000000001 0.579745836083986
0.436899000000001 0.581827209939718
0.436999000000001 0.580176494793382
0.437099000000001 0.582685284751685
0.437199000000001 0.594075871041183
0.437299000000001 0.578800064123348
0.437399000000001 0.571941295919776
0.437499000000001 0.589164419240303
0.437599000000001 0.592204458399789
0.437699000000001 0.561243902986525
0.437799000000001 0.542537360690122
0.437899000000001 0.54442987530987
0.437999000000002 0.507445611261694
0.438099000000001 0.504592523865948
0.438199000000001 0.473341592274925
0.438299000000001 0.462991611653086
0.438399000000001 0.398851189833565
0.438499000000001 0.395291899667292
0.438599000000001 0.378042916918828
0.438699000000001 0.343391921960133
0.438799000000001 0.292320748657671
0.438899000000001 0.284872481033249
0.438999000000001 0.256311256883748
0.439099000000001 0.221008500153734
0.439199000000001 0.178056202284119
0.439299000000001 0.115523443581905
0.439399000000001 0.122054322289061
0.439499000000001 0.0727709293622993
0.439599000000002 0.0358369936015155
0.439699000000001 0.0346613999952947
0.439799000000001 0.0113545472705636
0.439899000000001 -0.0315670695275306
0.439999000000001 -0.070983821133663
0.440099000000001 -0.102062715092371
0.440199000000002 -0.14682796369229
0.440299000000001 -0.171868676481472
0.440399000000001 -0.196846786234934
0.440499000000001 -0.223060048882507
0.440599000000001 -0.285729049915177
0.440699000000001 -0.299252875994629
0.440799000000001 -0.328403663587881
0.440899000000001 -0.34208440530713
0.440999000000001 -0.369909874499964
0.441099000000001 -0.406257420482442
0.441199000000001 -0.422015555345365
0.441299000000001 -0.425199196537856
0.441399000000001 -0.43246861591373
0.441499000000001 -0.463120239302934
0.441599000000001 -0.468379280724248
0.441699000000001 -0.503449906282925
0.441799000000002 -0.500841574872123
0.441899000000001 -0.502644364177846
0.441999000000001 -0.537663475684034
0.442099000000001 -0.505936394517496
0.442199000000001 -0.512381789174925
0.442299000000001 -0.523105241096101
0.442399000000001 -0.517825302984088
0.442499000000001 -0.534981578834667
0.442599000000001 -0.516456638373974
0.442699000000001 -0.517554656201778
0.442799000000001 -0.46883863510331
0.442899000000001 -0.477322281536954
0.442999000000001 -0.437798334709402
0.443099000000001 -0.466106203994406
0.443199000000002 -0.441614234782651
0.443299000000001 -0.448369285817586
0.443399000000001 -0.413930872885709
0.443499000000001 -0.384614028434533
0.443599000000001 -0.374710425963494
0.443699000000001 -0.364239100126803
0.443799000000001 -0.327507737664178
0.443899000000001 -0.323735426407609
0.443999000000001 -0.315659843888332
0.444099000000001 -0.277601368380327
0.444199000000001 -0.257143898930141
0.444299000000001 -0.201543908533046
0.444399000000001 -0.19220865738781
0.444499000000001 -0.139658053680513
0.444599000000002 -0.113625219353426
0.444699000000001 -0.110411907132336
0.444799000000001 -0.0683904926655374
0.444899000000001 -0.0367575362352761
0.444999000000001 -0.0278184199177539
0.445099000000001 0.0104786449506996
0.445199000000001 0.0412998223964889
0.445299000000001 0.070082442187776
0.445399000000001 0.104786427224129
0.445499000000001 0.150463426352952
0.445599000000001 0.163310003434819
0.445699000000001 0.186805212687874
0.445799000000001 0.234343900934756
0.445899000000001 0.269296475518571
0.445999000000001 0.268362132839502
0.446099000000001 0.293254876188734
0.446199000000001 0.304367252907028
0.446299000000001 0.293685753221409
0.446399000000001 0.309174818524737
0.446499000000001 0.328123653441249
0.446599000000001 0.362140016887572
0.446699000000001 0.36056815643757
0.446799000000001 0.404752418150905
0.446899000000001 0.381699252720391
0.446999000000001 0.415148000685349
0.447099000000001 0.39305587656936
0.447199000000001 0.395757651509403
0.447299000000001 0.405643475462605
0.447399000000001 0.415693068469887
0.447499000000001 0.42241962358687
0.447599000000001 0.414914032634516
0.447699000000001 0.40338385754937
0.447799000000001 0.399991188119149
0.447899000000001 0.405945489161498
0.447999000000001 0.426281811623303
0.448099000000001 0.430136102824106
0.448199000000001 0.435131988647848
0.448299000000001 0.418830927659952
0.448399000000001 0.399963813967747
0.448499000000001 0.378879351181733
0.448599000000001 0.354607499111449
0.448699000000001 0.336973588902386
0.448799000000001 0.314344064632629
0.448899000000001 0.2969112967014
0.448999000000001 0.285932910491677
0.449099000000001 0.266744679392163
0.449199000000001 0.257081465359821
0.449299000000001 0.249264425781751
0.449399000000001 0.211456783521422
0.449499000000001 0.202177924913147
0.449599000000001 0.17366254200384
0.449699000000001 0.158233692394587
0.449799000000001 0.129458303888915
0.449899000000001 0.0953838667086871
0.449999000000001 0.0771741639733297
0.450099000000001 0.0171059100779518
0.450199000000001 0.00209791600830148
0.450299000000001 -0.0093422208059946
0.450399000000001 -0.00421356130029821
0.450499000000001 -0.0158907804452101
0.450599000000001 -0.057452792759323
0.450699000000001 -0.0535294372838857
0.450799000000001 -0.0900958796802309
0.450899000000001 -0.104212996565574
0.450999000000001 -0.104263805724362
0.451099000000001 -0.122688877841498
0.451199000000001 -0.151911415864181
0.451299000000001 -0.178495540277943
0.451399000000001 -0.171733467383737
0.451499000000001 -0.210716074677895
0.451599000000001 -0.193159145394598
0.451699000000001 -0.235724914736895
0.451799000000001 -0.255106069402934
0.451899000000001 -0.25237377068184
0.451999000000001 -0.274950686868121
0.452099000000001 -0.2798972378396
0.452199000000001 -0.269639433504336
0.452299000000001 -0.300239513358104
0.452399000000001 -0.29313247536222
0.452499000000001 -0.294470635521372
0.452599000000001 -0.288966364820922
0.452699000000001 -0.274657109944671
0.452799000000001 -0.302545493552669
0.452899000000001 -0.292626536453661
0.452999000000001 -0.296094062135325
0.453099000000001 -0.324748466380444
0.453199000000001 -0.304720182836123
0.453299000000001 -0.31928094718908
0.453399000000001 -0.320928574776077
0.453499000000001 -0.296103786150322
0.453599000000001 -0.307275785228652
0.453699000000001 -0.276514393533545
0.453799000000001 -0.301041283499469
0.453899000000001 -0.287839630073772
0.453999000000001 -0.282848726071377
0.454099000000001 -0.257687748878481
0.454199000000001 -0.252968414574324
0.454299000000001 -0.240916064543414
0.454399000000001 -0.23530150921077
0.454499000000001 -0.204522949116885
0.454599000000001 -0.197751094250183
0.454699000000001 -0.166051104723449
0.454799000000001 -0.165859845170075
0.454899000000001 -0.149161857437685
0.454999000000001 -0.151356203165368
0.455099000000001 -0.127772758424928
0.455199000000001 -0.132572508684008
0.455299000000001 -0.120268884818682
0.455399000000001 -0.10928655705558
0.455499000000001 -0.103552886480792
0.455599000000001 -0.0581427469950972
0.455699000000001 -0.100152903062205
0.455799000000001 -0.0607400968878276
0.455899000000001 -0.0793870471068382
0.455999000000001 -0.0610302804196838
0.456099000000001 -0.0503213143697012
0.456199000000001 -0.0522442855173627
0.456299000000001 -0.0210742816734502
0.456399000000001 -0.0143406027029194
0.456499000000001 0.0266542421345829
0.456599000000001 -0.00145009797738322
0.456699000000001 0.0429287073410441
0.456799000000001 0.0691599530549706
0.456899000000001 0.0646548766559231
0.456999000000001 0.0814485997408811
0.457099000000001 0.0869536538765783
0.457199000000001 0.103062795582837
0.457299000000001 0.111564477126243
0.457399000000001 0.134025773619874
0.457499000000001 0.119767174132157
0.457599000000001 0.159835215597136
0.457699000000001 0.141944310938406
0.457799000000001 0.16722776911404
0.457899000000001 0.169735969463114
0.457999000000001 0.15861567635036
0.458099000000001 0.175467076850824
0.458199000000001 0.183867079594499
0.458299000000001 0.194217249359409
0.458399000000001 0.190714475994749
0.458499000000001 0.222873141130442
0.458599000000001 0.223374972491841
0.458699000000001 0.254423509362431
0.458799000000001 0.234684849502534
0.458899000000001 0.235896180037152
0.458999000000001 0.234837703672299
0.459099000000001 0.253634958544107
0.459199000000001 0.237499045249111
0.459299000000001 0.22329666175184
0.459399000000001 0.238979192832938
0.459499000000001 0.231042440506414
0.459599000000001 0.228174551172848
0.459699000000001 0.22676903250499
0.459799000000001 0.232106986477746
0.459899000000001 0.220994791128607
0.459999000000001 0.242905872755031
0.460099000000001 0.235676174758737
0.460199000000001 0.214085485101137
0.460299000000001 0.226212998997972
0.460399000000002 0.255356565965227
0.460499000000001 0.235334763352277
0.460599000000001 0.227538773981668
0.460699000000001 0.204319909321662
0.460799000000001 0.198357791617118
0.460899000000001 0.204407494853694
0.460999000000001 0.173531074704986
0.461099000000001 0.217233040882024
0.461199000000001 0.205821635474273
0.461299000000001 0.212046830330649
0.461399000000001 0.195814356103579
0.461499000000001 0.205033662569747
0.461599000000001 0.16792962535924
0.461699000000001 0.143610974947371
0.461799000000002 0.107039837823874
0.461899000000001 0.105149430000663
0.461999000000001 0.0855626075714774
0.462099000000001 0.0630799455778329
0.462199000000001 0.0483262159258516
0.462299000000001 0.0403782229371115
0.462399000000001 0.0543510063592729
0.462499000000001 0.0194166193462942
0.462599000000001 0.0011369439266868
0.462699000000001 -0.0296494980125092
0.462799000000001 -0.0357217980700079
0.462899000000001 -0.0695731276528536
0.462999000000001 -0.0807608226137747
0.463099000000001 -0.104940601112676
0.463199000000001 -0.108464735591045
0.463299000000002 -0.121588684123677
0.463399000000001 -0.12175256286007
0.463499000000001 -0.119363081290128
0.463599000000001 -0.13262812670065
0.463699000000001 -0.113208274593656
0.463799000000001 -0.12111191174591
0.463899000000001 -0.11496758717242
0.463999000000001 -0.150576411012877
0.464099000000001 -0.180817936497801
0.464199000000001 -0.206529446501693
0.464299000000001 -0.2203756279125
0.464399000000001 -0.215399895679971
0.464499000000001 -0.235346634386532
0.464599000000001 -0.258034386522224
0.464699000000002 -0.243892829542149
0.464799000000001 -0.285922137279272
0.464899000000001 -0.289833957804761
0.464999000000001 -0.310085128642003
0.465099000000001 -0.329042428438682
0.465199000000001 -0.327059718373672
0.465299000000001 -0.334929202531866
0.465399000000001 -0.356365553535176
0.465499000000002 -0.347033079125305
0.465599000000001 -0.361369409420047
0.465699000000001 -0.360842650672897
0.465799000000001 -0.38485457837258
0.465899000000001 -0.372453458604377
0.465999000000001 -0.374384471467893
0.466099000000001 -0.374587781493336
0.466199000000001 -0.370434421197058
0.466299000000001 -0.349069449120114
0.466399000000001 -0.324932776130901
0.466499000000001 -0.306631011982793
0.466599000000001 -0.301646217804869
0.466699000000001 -0.302435397567801
0.466799000000001 -0.285614956212887
0.466899000000002 -0.281237375937108
0.466999000000001 -0.256137873256825
0.467099000000001 -0.230049527986803
0.467199000000001 -0.20768000052099
0.467299000000001 -0.197727781401112
0.467399000000001 -0.189742056747882
0.467499000000001 -0.15356848848873
0.467599000000001 -0.141534052137845
0.467699000000002 -0.10353629488984
0.467799000000001 -0.101105193305454
0.467899000000001 -0.0809432339741878
0.467999000000001 -0.0471081016380874
0.468099000000001 -0.028355025825378
0.468199000000001 -0.0114487018785005
0.468299000000001 0.0104558735303401
0.468399000000001 0.0175782246703828
0.468499000000001 0.0377439159516717
0.468599000000001 0.0648344947570419
0.468699000000001 0.0861509179349076
0.468799000000001 0.124718154495581
0.468899000000001 0.148439638487606
0.468999000000001 0.174966697210625
0.469099000000002 0.194377248075138
0.469199000000001 0.227591670870856
0.469299000000001 0.248249876903519
0.469399000000001 0.272245616235438
0.469499000000001 0.296968464765765
0.469599000000001 0.334429163782804
0.469699000000001 0.364651993534749
0.469799000000001 0.372036879162051
0.469899000000002 0.389683036592361
0.469999000000001 0.391419585536777
0.470099000000001 0.421777635190582
0.470199000000001 0.410100569975221
0.470299000000001 0.431461634465834
0.470399000000001 0.442445550533381
0.470499000000001 0.436282987946485
0.470599000000001 0.451169253156619
0.470699000000001 0.445049400936233
0.470799000000001 0.425686029277429
0.470899000000001 0.42756319006673
0.470999000000001 0.424423330414877
0.471099000000001 0.418153746395941
0.471199000000001 0.41386301493373
0.471299000000002 0.42931343426718
0.471399000000001 0.452949176935317
0.471499000000001 0.45037876070334
0.471599000000001 0.405056036192929
0.471699000000001 0.410043924026254
0.471799000000001 0.383429079715908
0.471899000000001 0.359078485026037
0.471999000000001 0.380626160249584
0.472099000000002 0.33922149724897
0.472199000000001 0.326083029253343
0.472299000000001 0.295479290571477
0.472399000000001 0.304501311858922
0.472499000000001 0.276638575526944
0.472599000000001 0.268315825708167
0.472699000000001 0.261664998925538
0.472799000000001 0.20245542905754
0.472899000000002 0.180835293532018
0.472999000000001 0.13648583536514
0.473099000000001 0.139167857894723
0.473199000000001 0.0667009049022892
0.473299000000001 0.0696554765771479
0.473399000000001 0.0253897368828906
0.473499000000002 -0.00230555861548415
0.473599000000001 -0.0392525733988093
0.473699000000001 -0.0559286620234804
0.473799000000001 -0.0923831111392535
0.473899000000001 -0.127762641362333
0.473999000000001 -0.163387510517101
0.474099000000001 -0.172515997025747
0.474199000000001 -0.219326333589953
0.474299000000002 -0.212345145088698
0.474399000000001 -0.246332822780066
0.474499000000001 -0.267946894933167
0.474599000000001 -0.30815417373283
0.474699000000001 -0.31736376564257
0.474799000000001 -0.335580868456751
0.474899000000001 -0.369814236761255
0.474999000000001 -0.397008090446791
0.475099000000002 -0.409773404797164
0.475199000000001 -0.443592696637362
0.475299000000001 -0.441471791480475
0.475399000000001 -0.440143221052681
0.475499000000001 -0.468113954368162
0.475599000000001 -0.481006477869081
0.475699000000002 -0.4909344885481
0.475799000000001 -0.485250395025805
0.475899000000001 -0.488420508848392
0.475999000000001 -0.510157022162533
0.476099000000001 -0.519371380267064
0.476199000000001 -0.510291822557733
0.476299000000001 -0.521122104437239
0.476399000000001 -0.530029972015121
0.476499000000002 -0.508577645013103
0.476599000000001 -0.495634131145014
0.476699000000001 -0.484307527420316
0.476799 -0.491386008695184
0.476899000000003 -0.466934904565961
0.476999000000002 -0.452647285480109
0.477099 -0.421614256115717
0.477199000000004 -0.419381117982479
0.477299000000002 -0.396155171419508
0.477399000000001 -0.368071836359557
0.477499000000004 -0.344051732975225
0.477599000000002 -0.324228205768032
0.477699000000001 -0.295306937900144
0.477798999999999 -0.298509334158928
0.477899000000003 -0.27335836564123
0.477999000000001 -0.25136587348878
0.478099 -0.206849220507568
0.478199000000003 -0.183587437529914
0.478299000000001 -0.139125432337606
0.478399 -0.06997657015889
0.478499000000003 -0.0545703728424608
0.478599000000002 -0.0145273470196195
0.478699 -0.00303153980497216
0.478799000000003 0.0241910644918457
0.478899000000002 0.0208315990968177
0.478999 0.0586712238103661
0.479098999999999 0.096281394995364
0.479199000000002 0.136512032629074
0.479299000000001 0.197928497433815
0.479398999999999 0.215953277488732
0.479499000000003 0.23344856733395
0.479599000000001 0.249433386167777
0.479699 0.280718895316428
0.479799000000003 0.312183491520484
0.479899000000001 0.32576259674246
0.479999 0.344833803784507
0.480099000000003 0.384937018978117
0.480199000000002 0.407344344864987
0.480299 0.411869515351106
0.480399000000003 0.453854026473956
0.480499000000002 0.481013143524279
0.480599 0.479887072254695
0.480698999999999 0.5043229310312
0.480799000000002 0.511141444808405
0.480899000000001 0.512794041903111
0.480998999999999 0.549695467782263
0.481099000000002 0.55816569823159
0.481199000000001 0.553217587432861
0.481298999999999 0.553428382629275
0.481399000000003 0.535966651115958
0.481499000000001 0.519706725975154
0.481599 0.501591787454819
0.481699000000003 0.489031958532665
0.481799000000002 0.491258156981286
0.481899 0.483180668086471
0.481999000000003 0.488749961103125
0.482099000000002 0.472240414497292
0.482199 0.469738082555198
0.482299000000004 0.434919339850807
0.482399000000002 0.393392944978488
0.482499000000001 0.390815919224386
0.482598999999999 0.349067731086143
0.482699000000002 0.333398256862831
0.482799000000001 0.305776430949036
0.482898999999999 0.271291011042489
0.482999000000003 0.246825570361648
0.483099000000001 0.231587060065853
0.483199 0.204534307995576
0.483299000000003 0.15572464857613
0.483399000000001 0.153413466940756
0.483499 0.141411926792734
0.483599000000003 0.102680038020648
0.483699000000002 0.078494040122448
0.483799 0.0129547117498035
0.483899000000004 -0.0262991957611631
0.483999000000002 -0.0421533650519163
0.484099 -0.0835006579518005
0.484198999999999 -0.12191755935909
0.484299000000002 -0.13013269921112
0.484399000000001 -0.171453309897104
0.484498999999999 -0.164451877072211
0.484599000000003 -0.201955035403032
0.484699000000001 -0.218604203310079
0.484799 -0.236108788329685
0.484899000000003 -0.268066902827105
0.484999000000001 -0.283140352366797
0.485099 -0.360836221718537
0.485199000000003 -0.366404752627853
0.485299000000002 -0.375501330056556
0.485399 -0.425567360596922
0.485499000000003 -0.437279768482881
0.485599000000002 -0.461303106097812
0.485699 -0.451810367420963
0.485798999999999 -0.458160994341539
0.485899000000002 -0.446726900315101
0.485999000000001 -0.475563645209579
0.486098999999999 -0.487029075910516
0.486199000000003 -0.480285482533207
0.486299000000001 -0.491568784071221
0.486398999999999 -0.497642488914913
0.486499000000003 -0.494040767440456
0.486599000000001 -0.498440199940689
0.486699 -0.47771451482788
0.486799000000003 -0.452730052046883
0.486899000000002 -0.450863449763734
0.486999 -0.401807067244854
0.487099000000003 -0.408063205201466
0.487199000000002 -0.385343718949722
0.487299 -0.357844848625587
0.487399000000004 -0.331822784703771
0.487499000000002 -0.35574985195462
0.487599000000001 -0.319360442475694
0.487698999999999 -0.341963695629871
0.487799000000002 -0.313186307266137
0.487899000000001 -0.308466175593813
0.487998999999999 -0.293531209304063
0.488099000000003 -0.258660719954664
0.488199000000001 -0.257162143157093
0.488299 -0.213974135492308
0.488399000000003 -0.193039805247821
0.488499000000001 -0.166353012859816
0.488599 -0.136582819886784
0.488699000000003 -0.0940006336393477
0.488799000000002 -0.087908239533462
0.488899 -0.0682373976470848
0.488999000000004 -0.0452790501978674
0.489099000000002 -0.0110605478987345
0.489199000000001 0.0281590129243919
0.489298999999999 0.0525380435786468
0.489399000000002 0.0658328150182683
0.489499000000001 0.0900289217799828
0.489598999999999 0.118186848996992
0.489699000000003 0.136561078649572
0.489799000000001 0.157854473527745
0.489899 0.190634719403019
0.489999000000003 0.209735508836571
0.490099000000001 0.237918769129447
0.490199 0.248254616071361
0.490299000000003 0.280433169836521
0.490399000000002 0.30152816029688
0.490499 0.325501431666905
0.490599000000003 0.351934033960574
0.490699000000002 0.339333974749827
0.490799 0.366292198633508
0.490898999999999 0.370367109138978
0.490999000000002 0.380420060093551
0.491099000000001 0.378080535127722
0.491198999999999 0.393469416618631
0.491299000000003 0.389097630654277
0.491399000000001 0.391631838156474
0.491499 0.401287240349376
0.491599000000003 0.383771850389918
0.491699000000001 0.398825199910293
0.491799 0.374270667849244
0.491899000000003 0.387638792844201
0.491999000000002 0.357020651659181
0.492099 0.373729715354083
0.492199000000003 0.32464378656987
0.492299000000002 0.343195169210058
0.492399 0.324901806047479
0.492498999999999 0.340832759037728
0.492599000000002 0.335458994361478
0.492699000000001 0.33391766826425
0.492798999999999 0.2999195220872
0.492899000000002 0.288122146429044
0.492999000000001 0.264619090471173
0.493098999999999 0.250118462469666
0.493199000000003 0.262030293112332
0.493299000000001 0.238159368007636
0.493399 0.232844297249517
0.493499000000003 0.209808758802008
0.493599000000002 0.205505900751431
0.493699 0.15938528702564
0.493799000000003 0.15062024026993
0.493899000000002 0.100793515225143
0.493999 0.0925021317481644
0.494099000000004 0.0462091660567581
0.494199000000002 0.0428548758641005
0.494299000000001 0.0208312243401925
0.494398999999999 -0.0175861177953447
0.494499000000002 -0.0350411494826727
0.494599000000001 -0.0654763010283386
0.494698999999999 -0.042426851760658
0.494799000000003 -0.0709073910535921
0.494899000000001 -0.0691604301098023
0.494999 -0.092916634032157
0.495099000000003 -0.115805450472524
0.495199000000001 -0.145621251936894
0.495299 -0.146937593087819
0.495399000000003 -0.167891493375016
0.495499000000002 -0.189647773939683
0.495599 -0.172731435266319
0.495699000000004 -0.216354851467005
0.495799000000002 -0.229169115035776
0.495899 -0.239238130330113
0.495998999999999 -0.245813184846797
0.496099000000002 -0.2563766449414
0.496199000000001 -0.226734949864248
0.496298999999999 -0.234540554703112
0.496399000000003 -0.241827921531987
0.496499000000001 -0.243488378841486
0.496599 -0.248135117118921
0.496699000000003 -0.245072696253997
0.496799000000001 -0.26370838637234
0.496899 -0.239819482032052
0.496999000000003 -0.274665651685337
0.497099000000002 -0.242780464194859
0.497199 -0.285608507039426
0.497299000000003 -0.277392065121354
0.497399000000002 -0.274585907022101
0.497499 -0.269343405140693
0.497598999999999 -0.281948402115542
0.497699000000002 -0.270899827462582
0.497799000000001 -0.266200073000066
0.497898999999999 -0.248956563959353
0.497999000000003 -0.266746642750752
0.498099000000001 -0.241754793483346
0.498199 -0.247596134185749
0.498299000000003 -0.227431719585928
0.498399000000001 -0.223126118890674
0.498499 -0.19195947631505
0.498599000000003 -0.198731878923167
0.498699000000002 -0.174273412069807
0.498799 -0.178156594514594
0.498899000000003 -0.180260964547808
0.498999000000002 -0.170677739635498
0.499099 -0.160879555048357
0.499199000000004 -0.146438417983424
0.499299000000002 -0.14050129701236
0.499399000000001 -0.126124907352592
0.499498999999999 -0.119064281864364
0.499599000000002 -0.0888680081333545
0.499699000000001 -0.0933844014207515
0.499798999999999 -0.0789779175708804
0.499899000000003 -0.0492219523318283
0.499999000000001 -0.0392396147654769
