# Fix print output for fix def1
1.35745549819746e-15 0.0322025127644147
9.90000000013443e-05 -0.0211182669321624
0.000199000000001353 0.162368271240726
0.000299000000001362 0.179302729187597
0.000399000000001371 0.290615051104331
0.000499000000001379 0.288461085554457
0.000599000000001388 0.355741436434263
0.000699000000001397 0.370320246691625
0.000799000000001406 0.450728842989701
0.000899000000001415 0.476356128727309
0.000999000000001425 0.53354994090949
0.00109900000000143 0.585867697556651
0.00119900000000144 0.634882072896472
0.00129900000000145 0.680185209464684
0.00139900000000146 0.718889660181595
0.00149900000000147 0.760284644600709
0.00159900000000148 0.816743274012032
0.00169900000000149 0.840684147048141
0.00179900000000149 0.885813800745895
0.00189900000000137 0.922711558181551
0.00199900000000138 0.979863011459023
0.00209900000000139 0.994263932813839
0.00219900000000139 1.03675785435079
0.0022990000000014 1.09873741483642
0.00239900000000141 1.14236373049149
0.00249900000000142 1.15604611668796
0.00259900000000143 1.19331938755165
0.00269900000000144 1.22139759403724
0.00279900000000145 1.28338247228174
0.00289900000000145 1.30760631804571
0.00299900000000146 1.34745129713812
0.00309900000000147 1.39646598912483
0.00319900000000135 1.44648071290635
0.00329900000000136 1.47512704988408
0.00339900000000137 1.50249176292505
0.00349900000000137 1.54391229644656
0.00359900000000138 1.57539172402596
0.00369900000000139 1.6112983442231
0.0037990000000014 1.59748660199335
0.00389900000000141 1.68760534126562
0.00399900000000141 1.69829682639452
0.00409900000000142 1.75056057913675
0.00419900000000143 1.79243115166128
0.00429900000000144 1.80980442842558
0.00439900000000145 1.87240424018508
0.00449900000000146 1.90940256367544
0.00459900000000147 1.92913723384065
0.00469900000000148 1.96830621857564
0.00479900000000149 1.96671872762836
0.00489900000000151 2.00043948187948
0.00499900000000138 2.05764697618108
0.0050990000000014 2.09413351883005
0.00519900000000137 2.11466765653801
0.00529900000000139 2.16038857894024
0.00539900000000141 2.20400923067958
0.00549900000000143 2.23569538284835
0.00559900000000145 2.28836286740354
0.00569900000000142 2.31563276547779
0.00579900000000143 2.37946652570928
0.00589900000000145 2.39405234461833
0.00599900000000147 2.42411411726047
0.00609900000000144 2.46794667716773
0.00619900000000146 2.53535967661718
0.00629900000000134 2.5628123019553
0.00639900000000135 2.61418740487168
0.00649900000000137 2.65140644301859
0.00659900000000139 2.7008771312713
0.00669900000000136 2.75164182994058
0.00679900000000138 2.78981854276188
0.0068990000000014 2.83107189411152
0.00699900000000142 2.87496037079867
0.00709900000000144 2.92588171380647
0.00719900000000141 2.96132482343425
0.00729900000000143 3.01893239055619
0.00739900000000145 3.0672279909888
0.00749900000000147 3.10266805552707
0.00759900000000148 3.14752489442447
0.00769900000000145 3.18752178136943
0.00779900000000147 3.23737209781637
0.00789900000000149 3.31520424835012
0.00799900000000151 3.35821371157509
0.00809900000000138 3.40965260659332
0.00819900000000136 3.41778114820911
0.00829900000000137 3.47575269212437
0.00839900000000139 3.49646300471238
0.00849900000000141 3.5670149358834
0.00859900000000143 3.60959552347321
0.0086990000000014 3.64101966696153
0.00879900000000142 3.68247627931337
0.00889900000000144 3.7444401673057
0.00899900000000146 3.76834956970016
0.00909900000000148 3.82327579642463
0.00919900000000145 3.87504192072767
0.00929900000000147 3.90923295964712
0.00939900000000134 3.94984889780945
0.00949900000000136 4.00205193043397
0.00959900000000138 4.02560101767793
0.0096990000000014 4.05907197671431
0.00979900000000137 4.0740824690376
0.00989900000000139 4.10397832445595
0.00999900000000141 4.16183840568215
0.0100990000000014 4.1686004177811
0.0101990000000014 4.22345633419643
0.0102990000000014 4.27100280633976
0.0103990000000014 4.32299267979413
0.0104990000000014 4.34453813476241
0.0105990000000015 4.4064383059931
0.0106990000000015 4.43546394509706
0.0107990000000015 4.46309368566588
0.0108990000000015 4.4844883031767
0.0109990000000015 4.53636217712548
0.0110990000000015 4.55423096466331
0.0111990000000014 4.58600825395781
0.0112990000000014 4.62154922203363
0.0113990000000014 4.65831915413866
0.0114990000000014 4.67081890249305
0.0115990000000014 4.72470830525392
0.0116990000000014 4.75094847548531
0.0117990000000014 4.81165181955957
0.0118990000000014 4.82365575218621
0.0119990000000014 4.87945436120181
0.0120990000000015 4.90300720521841
0.0121990000000015 4.96336715581888
0.0122990000000015 4.96444708835809
0.0123990000000015 5.02914580088466
0.0124990000000015 5.03469847596164
0.0125990000000014 5.07036975507375
0.0126990000000014 5.10869994829958
0.0127990000000014 5.15428618779696
0.0128990000000014 5.18600547054635
0.0129990000000014 5.23912906701791
0.0130990000000014 5.23544632798897
0.0131990000000014 5.30834107893629
0.0132990000000014 5.3457415144847
0.0133990000000014 5.40429505333953
0.0134990000000014 5.42411443347388
0.0135990000000015 5.47048609248049
0.0136990000000015 5.51299511912274
0.0137990000000014 5.5449851807844
0.0138990000000015 5.59740125776104
0.0139990000000015 5.62360854395807
0.0140990000000015 5.66571679219056
0.0141990000000015 5.71288604296683
0.0142990000000014 5.75617607346394
0.0143990000000014 5.80677677963936
0.0144990000000014 5.82594992741995
0.0145990000000014 5.87063107637265
0.0146990000000014 5.92227274635944
0.0147990000000014 5.97645105343462
0.0148990000000014 6.00359084975825
0.0149990000000014 6.06293080218548
0.0150990000000014 6.09648989682538
0.0151990000000015 6.14188615908118
0.0152990000000015 6.1808276976073
0.0153990000000015 6.22417282531852
0.0154990000000015 6.29042388215439
0.0155990000000015 6.31270991461365
0.0156990000000014 6.36556351099352
0.0157990000000014 6.41571123505316
0.0158990000000014 6.47425816235878
0.0159990000000014 6.52738108440415
0.0160990000000014 6.54884781962861
0.0161990000000014 6.58136166671557
0.0162990000000014 6.62089968968426
0.0163990000000014 6.68922606205064
0.0164990000000014 6.71797912529052
0.0165990000000014 6.76570270176087
0.0166990000000015 6.81838904197453
0.0167990000000015 6.83943435248321
0.0168990000000014 6.90096233828257
0.0169990000000015 6.92901526378163
0.0170990000000015 6.95538563328215
0.0171990000000015 6.97595171165694
0.0172990000000015 7.03137534352894
0.0173990000000014 7.03967378487667
0.0174990000000014 7.09387830495517
0.0175990000000014 7.10940492925738
0.0176990000000014 7.15385025137733
0.0177990000000014 7.23295797042989
0.0178990000000014 7.2513500674301
0.0179990000000014 7.29796958415422
0.0180990000000014 7.33014650586941
0.0181990000000015 7.3754793563687
0.0182990000000015 7.3960075808119
0.0183990000000015 7.42660624045206
0.0184990000000015 7.45856808546865
0.0185990000000015 7.49313564523977
0.0186990000000015 7.50856112185427
0.0187990000000014 7.53859561074064
0.0188990000000014 7.56767032574725
0.0189990000000014 7.58763479993122
0.0190990000000014 7.63873325616698
0.0191990000000014 7.66425808214778
0.0192990000000014 7.70132823797127
0.0193990000000014 7.74769918861445
0.0194990000000014 7.77919701004509
0.0195990000000014 7.8046967726138
0.0196990000000014 7.81803990795901
0.0197990000000015 7.87768496217418
0.0198990000000015 7.8860906468195
0.0199990000000015 7.9534044123975
0.0200990000000015 7.97281473139781
0.0201990000000015 8.03757981139596
0.0202990000000015 8.05066459498644
0.0203990000000015 8.07820538993554
0.0204990000000014 8.12926633981629
0.0205990000000014 8.14224796123641
0.0206990000000014 8.19678589800777
0.0207990000000014 8.24217476640941
0.0208990000000014 8.29170903219503
0.0209990000000014 8.32225186091856
0.0210990000000014 8.34796113227512
0.0211990000000014 8.41197616088203
0.0212990000000015 8.46107942281625
0.0213990000000015 8.48147665485714
0.0214990000000014 8.5301918531929
0.0215990000000015 8.54854029488073
0.0216990000000015 8.57699713772188
0.0217990000000015 8.64225257088555
0.0218990000000014 8.70096343134458
0.0219990000000014 8.72293586009963
0.0220990000000014 8.77345545817104
0.0221990000000014 8.80502771943958
0.0222990000000014 8.85410400079842
0.0223990000000014 8.88063456676774
0.0224990000000014 8.93544617864031
0.0225990000000014 8.98166089565645
0.0226990000000014 9.04000866284093
0.0227990000000015 9.04520296208419
0.0228990000000015 9.10091561745121
0.0229990000000015 9.15952840652772
0.0230990000000015 9.20112158706559
0.0231990000000015 9.25174034340599
0.0232990000000015 9.27080908787255
0.0233990000000015 9.34746755545087
0.0234990000000015 9.38447553068638
0.0235990000000014 9.42492068923105
0.0236990000000014 9.45038557027777
0.0237990000000014 9.5011676916191
0.0238990000000014 9.50719855754633
0.0239990000000014 9.57062020065289
0.0240990000000014 9.56895911148052
0.0241990000000014 9.62758426256094
0.0242990000000014 9.65708468821499
0.0243990000000015 9.72750545786219
0.0244990000000015 9.73923874656842
0.0245990000000014 9.81532525106808
0.0246990000000015 9.83255261846123
0.0247990000000015 9.88124964928398
0.0248990000000015 9.89691156533696
0.0249990000000015 9.94335818877684
0.0250990000000014 9.96631290422669
0.0251990000000014 10.0170901483262
0.0252990000000014 10.0642628315528
0.0253990000000014 10.083336700098
0.0254990000000014 10.120497479834
0.0255990000000014 10.12902459361
0.0256990000000014 10.1675052150915
0.0257990000000014 10.2064850656672
0.0258990000000015 10.2250794563642
0.0259990000000015 10.2476855604546
0.0260990000000014 10.2786914018719
0.0261990000000015 10.3130857112052
0.0262990000000015 10.3436712584669
0.0263990000000015 10.3718077224309
0.0264990000000015 10.3875297588055
0.0265990000000015 10.4525437915029
0.0266990000000014 10.4755462854305
0.0267990000000014 10.5301420874022
0.0268990000000014 10.5308361446501
0.0269990000000014 10.6010713608387
0.0270990000000014 10.5937689847827
0.0271990000000014 10.6406262798971
0.0272990000000014 10.6421924954546
0.0273990000000014 10.6784244750943
0.0274990000000015 10.6913817556804
0.0275990000000015 10.7540323540691
0.0276990000000015 10.7646102159279
0.0277990000000015 10.8251543838462
0.0278990000000015 10.8810586324113
0.0279990000000015 10.8871215355063
0.0280990000000015 10.9442496678691
0.0281990000000014 10.9966055984112
0.0282990000000014 11.0118173951051
0.0283990000000014 11.0642947091685
0.0284990000000014 11.0679477329217
0.0285990000000014 11.1327828169167
0.0286990000000014 11.1570019542656
0.0287990000000014 11.2168247812452
0.0288990000000014 11.2547291256573
0.0289990000000015 11.2808953596955
0.0290990000000015 11.3135643069356
0.0291990000000014 11.3755660210312
0.0292990000000015 11.4096183159112
0.0293990000000015 11.4294310321636
0.0294990000000015 11.4615195701879
0.0295990000000015 11.4988294460783
0.0296990000000015 11.5653646613012
0.0297990000000014 11.5747524893992
0.0298990000000014 11.6345630935579
0.0299990000000014 11.6584398393451
0.0300990000000014 11.701028004413
0.0301990000000014 11.7615010469002
0.0302990000000014 11.7889793425468
0.0303990000000014 11.8300802352554
0.0304990000000015 11.8603535654832
0.0305990000000015 11.9129349704439
0.0306990000000015 11.9533291772204
0.0307990000000015 11.9938398383137
0.0308990000000015 12.0462726127129
0.0309990000000015 12.0653026969522
0.0310990000000015 12.1354300245295
0.0311990000000015 12.159975547793
0.0312990000000014 12.2282552619512
0.0313990000000014 12.2426096073435
0.0314990000000014 12.2898399915359
0.0315990000000014 12.2929952784889
0.0316990000000014 12.3440089679703
0.0317990000000014 12.371207732232
0.0318990000000014 12.4304474827753
0.0319990000000014 12.4336604217538
0.0320990000000015 12.4772765772474
0.0321990000000015 12.5059521334521
0.0322990000000015 12.5646745747653
0.0323990000000015 12.5830925239842
0.0324990000000015 12.6199307226928
0.0325990000000015 12.658300879198
0.0326990000000015 12.6888693748426
0.0327990000000015 12.7130392333314
0.0328990000000014 12.750630492136
0.0329990000000014 12.7794715762433
0.0330990000000014 12.7798367226483
0.0331990000000014 12.8447985309843
0.0332990000000014 12.8661870116974
0.0333990000000014 12.900530049932
0.0334990000000014 12.9332843361308
0.0335990000000015 12.9532735832916
0.0336990000000015 12.9988202772257
0.0337990000000014 13.0357130244619
0.0338990000000015 13.0507128447764
0.0339990000000015 13.0547018787079
0.0340990000000015 13.0892964062764
0.0341990000000015 13.1397518926097
0.0342990000000015 13.143581200838
0.0343990000000014 13.1961421477181
0.0344990000000014 13.191976072779
0.0345990000000014 13.2323932117709
0.0346990000000014 13.2556169023522
0.0347990000000014 13.2899745707357
0.0348990000000014 13.3061815736158
0.0349990000000014 13.3505608467265
0.0350990000000014 13.3787919045638
0.0351990000000015 13.4147119242245
0.0352990000000015 13.4202198777909
0.0353990000000015 13.4782387728514
0.0354990000000015 13.5200529002953
0.0355990000000015 13.5361104095357
0.0356990000000015 13.5929465080778
0.0357990000000015 13.6474777700974
0.0358990000000015 13.6920310115857
0.0359990000000015 13.7019200175239
0.0360990000000014 13.7249194033331
0.0361990000000014 13.7500794756029
0.0362990000000014 13.7849650416402
0.0363990000000014 13.8162742103438
0.0364990000000014 13.8600824477409
0.0365990000000014 13.897296866407
0.0366990000000015 13.9361887074372
0.0367990000000015 13.9516201675607
0.0368990000000015 14.0009385944183
0.0369990000000015 14.0237853796799
0.0370990000000015 14.0683326419232
0.0371990000000015 14.1070304269585
0.0372990000000015 14.1318032619229
0.0373990000000015 14.1776871063419
0.0374990000000014 14.2387741699306
0.0375990000000014 14.2699874605808
0.0376990000000014 14.3328305629814
0.0377990000000014 14.3596533441039
0.0378990000000014 14.4315143761178
0.0379990000000014 14.4560195422147
0.0380990000000014 14.4957470445579
0.0381990000000015 14.5077460308908
0.0382990000000015 14.5497137935009
0.0383990000000015 14.5854894779415
0.0384990000000015 14.6175377382591
0.0385990000000015 14.643202835792
0.0386990000000015 14.7016966028285
0.0387990000000015 14.7303843759281
0.0388990000000015 14.7701277679426
0.0389990000000015 14.7962318015221
0.0390990000000014 14.8279363130417
0.0391990000000014 14.8774076677102
0.0392990000000014 14.9295048909184
0.0393990000000014 14.9666453900147
0.0394990000000014 14.9852738086712
0.0395990000000014 14.9848164543295
0.0396990000000014 15.0429570655463
0.0397990000000015 15.0444585163907
0.0398990000000015 15.0922447638812
0.0399990000000015 15.0863895166797
0.0400990000000015 15.1150230565381
0.0401990000000015 15.1396170782821
0.0402990000000015 15.2067114616565
0.0403990000000015 15.2218019217499
0.0404990000000015 15.2667852313932
0.0405990000000015 15.2669580512844
0.0406990000000014 15.3170655946269
0.0407990000000014 15.3116684897484
0.0408990000000014 15.3672422546414
0.0409990000000014 15.3845018006439
0.0410990000000014 15.4312641698376
0.0411990000000014 15.4401850745537
0.0412990000000015 15.4885998216146
0.0413990000000015 15.493596915582
0.0414990000000014 15.5395485469203
0.0415990000000015 15.5609636020054
0.0416990000000015 15.5756624297578
0.0417990000000015 15.5929945767503
0.0418990000000015 15.6224961341602
0.0419990000000015 15.6445334972584
0.0420990000000015 15.6724802821366
0.0421990000000014 15.665796163291
0.0422990000000014 15.6999405552959
0.0423990000000014 15.7237773215926
0.0424990000000014 15.7599407406969
0.0425990000000014 15.7886144016606
0.0426990000000014 15.8088258679424
0.0427990000000014 15.8210588351643
0.0428990000000015 15.8517808823192
0.0429990000000015 15.9007258116175
0.0430990000000015 15.9524937098626
0.0431990000000015 15.9823309856283
0.0432990000000015 16.0079790479642
0.0433990000000015 16.0321209643675
0.0434990000000015 16.0489642973104
0.0435990000000015 16.0743051085948
0.0436990000000015 16.1340729688869
0.0437990000000014 16.1709451594894
0.0438990000000014 16.1931426674262
0.0439990000000014 16.2011544392401
0.0440990000000014 16.2563094641472
0.0441990000000014 16.2867027099892
0.0442990000000014 16.3157800200615
0.0443990000000015 16.3237151603023
0.0444990000000015 16.3407395179979
0.0445990000000014 16.3838521095091
0.0446990000000015 16.4259745639028
0.0447990000000015 16.4785946758183
0.0448990000000015 16.5212290727341
0.0449990000000015 16.5376858664369
0.0450990000000015 16.5801367953883
0.0451990000000015 16.6189623413722
0.0452990000000014 16.6715710568637
0.0453990000000014 16.6933051695929
0.0454990000000014 16.7331113590235
0.0455990000000015 16.7301695819059
0.0456990000000014 16.7635027450775
0.0457990000000014 16.7907450616719
0.0458990000000014 16.8397030728541
0.0459990000000015 16.863097723831
0.0460990000000015 16.8767787995263
0.0461990000000015 16.949614867679
0.0462990000000015 16.9985899683135
0.0463990000000015 17.0332732383721
0.0464990000000015 17.0579284705556
0.0465990000000015 17.0864057123001
0.0466990000000015 17.1127547290763
0.0467990000000015 17.1519292379789
0.0468990000000014 17.1618795565818
0.0469990000000014 17.1954763542684
0.0470990000000014 17.2174791496016
0.0471990000000014 17.2543606279769
0.0472990000000014 17.2844667139036
0.0473990000000014 17.3207843857385
0.0474990000000015 17.3210576978196
0.0475990000000015 17.349692563345
0.0476990000000015 17.3881818095731
0.0477990000000017 17.393556037006
0.0478990000000016 17.4293727644513
0.0479990000000015 17.4327516025116
0.0480990000000013 17.4535910821432
0.0481990000000017 17.4824741393211
0.0482990000000016 17.511539777902
0.0483990000000014 17.5121931691303
0.0484990000000013 17.5484200565926
0.0485990000000012 17.570616258778
0.0486990000000015 17.5882015225502
0.0487990000000014 17.6278923085647
0.0488990000000013 17.6425347673422
0.0489990000000016 17.6745016675018
0.0490990000000015 17.6816665240498
0.0491990000000014 17.7245536261068
0.0492990000000013 17.7266625116309
0.0493990000000016 17.7431345687917
0.0494990000000015 17.7767123198649
0.0495990000000014 17.8013931536381
0.0496990000000017 17.8107799241976
0.0497990000000016 17.8257550647287
0.0498990000000015 17.8408248451256
0.0499990000000014 17.840032488347
0.0500990000000012 17.8797324666001
0.0501990000000016 17.8871249148967
0.0502990000000015 17.8811304979109
0.0503990000000013 17.9346721722708
0.0504990000000012 17.9321778833509
0.0505990000000016 17.9901330397685
0.0506990000000014 17.985711972514
0.0507990000000013 18.0065805868473
0.0508990000000017 18.0466396671126
0.0509990000000015 18.0981899226359
0.0510990000000014 18.1229452823695
0.0511990000000013 18.1451282201182
0.0512990000000016 18.1593925341303
0.0513990000000015 18.1715221671778
0.0514990000000014 18.2173032246657
0.0515990000000013 18.2321980563637
0.0516990000000016 18.2800626080576
0.0517990000000015 18.3035664561939
0.0518990000000014 18.3412109648317
0.0519990000000013 18.3456488542435
0.0520990000000016 18.3972342125071
0.0521990000000015 18.4206892902953
0.0522990000000014 18.4349323153241
0.0523990000000017 18.4567628956297
0.0524990000000016 18.4924846621764
0.0525990000000015 18.5058051802913
0.0526990000000013 18.5526873260271
0.0527990000000017 18.5702481415639
0.0528990000000016 18.6009451945826
0.0529990000000014 18.6301179745901
0.0530990000000013 18.654519952277
0.0531990000000012 18.6765849270313
0.0532990000000015 18.7050089371496
0.0533990000000014 18.7294657069223
0.0534990000000013 18.7692074691382
0.0535990000000016 18.7971517475358
0.0536990000000015 18.8267997562528
0.0537990000000014 18.8621669734031
0.0538990000000013 18.8591432961134
0.0539990000000016 18.9246779973629
0.0540990000000015 18.9404287280779
0.0541990000000014 18.9843368821654
0.0542990000000017 18.9960060804446
0.0543990000000016 19.0463983852111
0.0544990000000015 19.0770921847517
0.0545990000000013 19.1012589774622
0.0546990000000012 19.1200573648185
0.0547990000000016 19.1526672613044
0.0548990000000015 19.1812248564133
0.0549990000000013 19.2033406726264
0.0550990000000012 19.2244901582871
0.0551990000000016 19.2254776897483
0.0552990000000014 19.2439723908346
0.0553990000000013 19.2548812625044
0.0554990000000017 19.2750306772966
0.0555990000000015 19.2849849709157
0.0556990000000014 19.3148083189743
0.0557990000000013 19.3355501310239
0.0558990000000016 19.328356153131
0.0559990000000015 19.3642456324034
0.0560990000000014 19.3776739528475
0.0561990000000017 19.4044084504329
0.0562990000000016 19.4117076538601
0.0563990000000015 19.4171392838191
0.0564990000000014 19.468369408183
0.0565990000000012 19.4947580871432
0.0566990000000016 19.5054809880807
0.0567990000000015 19.528209578897
0.0568990000000014 19.5264777629761
0.0569990000000017 19.5312843559874
0.0570990000000016 19.5481072939484
0.0571990000000015 19.5583030356759
0.0572990000000013 19.5649905309812
0.0573990000000017 19.5613623556601
0.0574990000000016 19.61497005053
0.0575990000000014 19.6069837759775
0.0576990000000013 19.6343762012598
0.0577990000000012 19.6343594977554
0.0578990000000015 19.631358848012
0.0579990000000014 19.663979858675
0.0580990000000013 19.6718346016737
0.0581990000000016 19.6895343062557
0.0582990000000015 19.6843511346871
0.0583990000000014 19.7079550903196
0.0584990000000013 19.6981027263197
0.0585990000000016 19.7382065574662
0.0586990000000015 19.7669101029659
0.0587990000000014 19.770138707378
0.0588990000000017 19.7869777521877
0.0589990000000016 19.7732021725703
0.0590990000000015 19.8190551442523
0.0591990000000013 19.8379663212662
0.0592990000000017 19.8818346328278
0.0593990000000016 19.900830232891
0.0594990000000015 19.9249578316871
0.0595990000000013 19.9744023139127
0.0596990000000017 19.997276240703
0.0597990000000016 20.0228961274939
0.0598990000000014 20.0503350770995
0.0599990000000013 20.0496839804096
0.0600990000000017 20.0491408404396
0.0601990000000015 20.0985819539257
0.0602990000000014 20.093874814786
0.0603990000000013 20.1322074918853
0.0604990000000016 20.1616174357573
0.0605990000000015 20.1528958557627
0.0606990000000014 20.1834932192399
0.0607990000000013 20.2190262554384
0.0608990000000016 20.2684998635943
0.0609990000000015 20.2684911220931
0.0610990000000014 20.3061333598627
0.0611990000000012 20.3230256280156
0.0612990000000016 20.347447373494
0.0613990000000015 20.3583950834748
0.0614990000000014 20.37000716568
0.0615990000000017 20.3799113433855
0.0616990000000016 20.4134398296933
0.0617990000000014 20.4436286019152
0.0618990000000013 20.4660671605611
0.0619990000000017 20.493291651956
0.0620990000000016 20.5154459266726
0.0621990000000014 20.5474412643647
0.0622990000000013 20.5643597883489
0.0623990000000017 20.5807808519605
0.0624990000000015 20.5920455186374
0.0625990000000014 20.6221828863953
0.0626990000000013 20.630363680499
0.0627990000000016 20.661372274099
0.0628990000000015 20.6878699768326
0.0629990000000014 20.6923434353728
0.0630990000000013 20.7356849352998
0.0631990000000016 20.744344465325
0.0632990000000015 20.7278198794252
0.0633990000000014 20.7543711013047
0.0634990000000017 20.7558678788954
0.0635990000000016 20.7825976377017
0.0636990000000015 20.7725838964877
0.0637990000000014 20.777151757865
0.0638990000000012 20.8012254647468
0.0639990000000016 20.7966321966684
0.0640990000000014 20.8184930290402
0.0641990000000013 20.8440076176194
0.0642990000000017 20.8438078780456
0.0643990000000016 20.8627975192498
0.0644990000000014 20.8947407049159
0.0645990000000013 20.869139515982
0.0646990000000017 20.8821448282353
0.0647990000000015 20.8401007955874
0.0648990000000014 20.8911678228003
0.0649990000000013 20.863503420067
0.0650990000000016 20.8899426971501
0.0651990000000015 20.8922142443173
0.0652990000000014 20.8986655082112
0.0653990000000017 20.885887892411
0.0654990000000016 20.9242798478367
0.0655990000000015 20.9234553602677
0.0656990000000014 20.9319432300553
0.0657990000000012 20.9450957977196
0.0658990000000016 20.9406444316383
0.0659990000000015 20.972945245269
0.0660990000000014 20.952326965388
0.0661990000000017 20.9745133185048
0.0662990000000016 20.9954550573171
0.0663990000000015 20.9784029990587
0.0664990000000013 21.0077467055484
0.0665990000000017 21.0286873117282
0.0666990000000015 21.0383508258712
0.0667990000000014 21.0510873906905
0.0668990000000013 21.0665577847183
0.0669990000000017 21.064656482853
0.0670990000000015 21.0781966604213
0.0671990000000014 21.0995424290879
0.0672990000000013 21.0878701399173
0.0673990000000016 21.0995415473908
0.0674990000000015 21.0875430931618
0.0675990000000014 21.1077758537515
0.0676990000000013 21.1131865323327
0.0677990000000016 21.1476710529207
0.0678990000000015 21.1491413565366
0.0679990000000014 21.1771653408735
0.0680990000000017 21.172046511633
0.0681990000000016 21.205339390649
0.0682990000000015 21.2127137832336
0.0683990000000013 21.223026006687
0.0684990000000017 21.2607720405159
0.0685990000000016 21.2734487824245
0.0686990000000015 21.2937818427902
0.0687990000000013 21.3001419749094
0.0688990000000017 21.3300314036834
0.0689990000000016 21.360314279111
0.0690990000000014 21.3393509009762
0.0691990000000013 21.3755518983427
0.0692990000000017 21.3864628770104
0.0693990000000015 21.4144850925956
0.0694990000000014 21.4423417010249
0.0695990000000013 21.4503547489176
0.0696990000000016 21.4608822264277
0.0697990000000015 21.4964915752516
0.0698990000000014 21.5299175085644
0.0699990000000017 21.5721761377681
0.0700990000000016 21.5532007315829
0.0701990000000015 21.5616084460224
0.0702990000000014 21.545163451509
0.0703990000000012 21.5655596310024
0.0704990000000016 21.5683670297008
0.0705990000000015 21.6077267484944
0.0706990000000013 21.6153161457625
0.0707990000000017 21.6255668675816
0.0708990000000016 21.6126368409532
0.0709990000000014 21.642894141327
0.0710990000000013 21.6343616929973
0.0711990000000017 21.660537215633
0.0712990000000016 21.6790121602151
0.0713990000000014 21.6800487437447
0.0714990000000013 21.6639169041913
0.0715990000000017 21.6655710144152
0.0716990000000015 21.6779075744239
0.0717990000000014 21.6636569104209
0.0718990000000018 21.6964884311467
0.0719990000000016 21.7056017042421
0.0720990000000015 21.6782064160704
0.0721990000000014 21.7081018537788
0.0722990000000013 21.6809401178016
0.0723990000000016 21.714708271577
0.0724990000000015 21.6972705957404
0.0725990000000014 21.6971181070163
0.0726990000000017 21.6826623500679
0.0727990000000016 21.6906274035042
0.0728990000000015 21.7251422132963
0.0729990000000013 21.728936208733
0.0730990000000017 21.7183011674072
0.0731990000000016 21.7150483760671
0.0732990000000014 21.6998116447864
0.0733990000000013 21.7043434630866
0.0734990000000017 21.7222827398241
0.0735990000000016 21.6983235276782
0.0736990000000014 21.6996626742498
0.0737990000000013 21.7290122462177
0.0738990000000017 21.7035734927901
0.0739990000000015 21.7218414611228
0.0740990000000014 21.6858496110431
0.0741990000000013 21.7043326807209
0.0742990000000016 21.6724860156822
0.0743990000000015 21.6878139199121
0.0744990000000014 21.6673597342163
0.0745990000000017 21.6725165355432
0.0746990000000016 21.7148306158104
0.0747990000000015 21.677900146309
0.0748990000000014 21.6927983773141
0.0749990000000012 21.6837958239408
0.0750990000000016 21.6786221766864
0.0751990000000015 21.6859289940299
0.0752990000000014 21.6881281763572
0.0753990000000017 21.6825277093621
0.0754990000000016 21.666567638479
0.0755990000000014 21.7035079624248
0.0756990000000013 21.6857158954261
0.0757990000000017 21.6833842780333
0.0758990000000015 21.7103873204446
0.0759990000000014 21.7083248949499
0.0760990000000013 21.7232442982482
0.0761990000000017 21.7053639103258
0.0762990000000015 21.7100440973182
0.0763990000000014 21.7251082640144
0.0764990000000013 21.7036059227118
0.0765990000000016 21.6911019304635
0.0766990000000015 21.7177027317355
0.0767990000000014 21.7287983580176
0.0768990000000012 21.7287968307043
0.0769990000000016 21.7414985986662
0.0770990000000015 21.7467769078199
0.0771990000000014 21.7684650063045
0.0772990000000017 21.800630857854
0.0773990000000016 21.7814807435529
0.0774990000000015 21.8081601822974
0.0775990000000013 21.8105792567572
0.0776990000000017 21.8156996007831
0.0777990000000016 21.8106501619786
0.0778990000000014 21.8016971306752
0.0779990000000018 21.825568392538
0.0780990000000017 21.8318384935637
0.0781990000000015 21.858020204815
0.0782990000000014 21.8358588860845
0.0783990000000013 21.8275773557174
0.0784990000000017 21.8414781877265
0.0785990000000015 21.8706906313316
0.0786990000000014 21.8945077046954
0.0787990000000013 21.8867412222031
0.0788990000000016 21.8618545414077
0.0789990000000015 21.8627390711746
0.0790990000000014 21.8662494015825
0.0791990000000017 21.8988454084826
0.0792990000000016 21.887878715938
0.0793990000000015 21.8878800943328
0.0794990000000014 21.8783245409605
0.0795990000000012 21.8712604066278
0.0796990000000016 21.9062452748503
0.0797990000000015 21.8995965964948
0.0798990000000013 21.9120946768563
0.0799990000000017 21.8803767127407
0.0800990000000016 21.8893195885799
0.0801990000000014 21.9198232851607
0.0802990000000013 21.8746304949892
0.0803990000000017 21.9122679941399
0.0804990000000016 21.9003125165194
0.0805990000000014 21.8741190029809
0.0806990000000013 21.8899629481565
0.0807990000000016 21.8702166260905
0.0808990000000015 21.8920433463794
0.0809990000000014 21.8863262414389
0.0810990000000018 21.8593937311797
0.0811990000000016 21.8341578820572
0.0812990000000015 21.8377364237796
0.0813990000000014 21.8539728110056
0.0814990000000013 21.8407306976237
0.0815990000000016 21.8330235125694
0.0816990000000015 21.8174266822025
0.0817990000000014 21.7940888737121
0.0818990000000017 21.7856389752915
0.0819990000000016 21.7599488319782
0.0820990000000014 21.748570212338
0.0821990000000013 21.754326180004
0.0822990000000017 21.7182737015454
0.0823990000000016 21.7314353287249
0.0824990000000014 21.7117779969192
0.0825990000000018 21.6612743702008
0.0826990000000017 21.663637394486
0.0827990000000016 21.6332494253967
0.0828990000000014 21.6177331254103
0.0829990000000013 21.589845374501
0.0830990000000016 21.5691338109178
0.0831990000000015 21.5386441195066
0.0832990000000014 21.5194149742222
0.0833990000000013 21.4944564291576
0.0834990000000016 21.4466108007302
0.0835990000000015 21.4399948805758
0.0836990000000014 21.3766413799721
0.0837990000000017 21.3603209228311
0.0838990000000016 21.2906281767158
0.0839990000000015 21.2605477166891
0.0840990000000014 21.1988041594346
0.0841990000000017 21.1419653433324
0.0842990000000016 21.124205651454
0.0843990000000015 21.0347146120031
0.0844990000000013 20.9792614468839
0.0845990000000017 20.8672078639613
0.0846990000000016 20.8025985349284
0.0847990000000014 20.7336125343605
0.0848990000000013 20.5669918143834
0.0849990000000017 20.4589545029782
0.0850990000000015 20.335624117615
0.0851990000000014 20.1569188154327
0.0852990000000013 20.036205151015
0.0853990000000016 19.8368652292819
0.0854990000000015 19.6699295065475
0.0855990000000014 19.4494561129219
0.0856990000000013 19.2437754509845
0.0857990000000016 18.9703397287478
0.0858990000000015 18.7370145851279
0.0859990000000014 18.4450435157985
0.0860990000000012 18.1160876335013
0.0861990000000016 17.7940552845681
0.0862990000000015 17.4673135097012
0.0863990000000014 17.1810577369297
0.0864990000000017 16.7853394109326
0.0865990000000016 16.3984908848966
0.0866990000000015 15.9928859356712
0.0867990000000013 15.5761572144792
0.0868990000000017 15.1682422979049
0.0869990000000016 14.7438661948157
0.0870990000000014 14.292021148082
0.0871990000000018 13.8612841795885
0.0872990000000017 13.3931626809451
0.0873990000000015 12.939426328944
0.0874990000000014 12.553060515745
0.0875990000000013 12.1268213716781
0.0876990000000016 11.7614409088687
0.0877990000000015 11.3575700881943
0.0878990000000014 11.0044834500965
0.0879990000000013 10.7208092170984
0.0880990000000016 10.4642434746654
0.0881990000000015 10.2308045458016
0.0882990000000014 10.0072483792937
0.0883990000000017 9.80646033102259
0.0884990000000016 9.58224279167077
0.0885990000000015 9.42414154461662
0.0886990000000014 9.27407664358154
0.0887990000000012 9.14821594299669
0.0888990000000016 9.05232606704298
0.0889990000000015 8.94433356869896
0.0890990000000013 8.82195975289798
0.0891990000000017 8.74589278611333
0.0892990000000016 8.74180764710008
0.0893990000000014 8.67895872230111
0.0894990000000013 8.6455048108363
0.0895990000000017 8.63753843442303
0.0896990000000015 8.61363944416372
0.0897990000000014 8.59255239234649
0.0898990000000018 8.59691664314785
0.0899990000000016 8.57595181181576
0.0900990000000015 8.53828279208031
0.0901990000000014 8.52087468468052
0.0902990000000018 8.49300935318719
0.0903990000000016 8.41430794504746
0.0904990000000015 8.39565643011401
0.0905990000000014 8.33498175530288
0.0906990000000013 8.29918717544099
0.0907990000000016 8.20814504931358
0.0908990000000015 8.19759931182868
0.0909990000000014 8.11565430775332
0.0910990000000017 8.08735123691592
0.0911990000000016 8.01398673575503
0.0912990000000014 7.91855593875779
0.0913990000000013 7.88605451615896
0.0914990000000017 7.82204143333994
0.0915990000000016 7.79801323214522
0.0916990000000014 7.74819368996069
0.0917990000000018 7.69826928846248
0.0918990000000017 7.63430550519228
0.0919990000000016 7.5981897820745
0.0920990000000014 7.49182954231232
0.0921990000000013 7.44149808361815
0.0922990000000016 7.37508090908417
0.0923990000000015 7.34994010723659
0.0924990000000014 7.27431616450359
0.0925990000000013 7.25641320656302
0.0926990000000016 7.21337479087565
0.0927990000000015 7.2123211177805
0.0928990000000014 7.21252263131461
0.0929990000000017 7.17904717141989
0.0930990000000016 7.19863915834795
0.0931990000000015 7.19104914689953
0.0932990000000014 7.1950969627509
0.0933990000000017 7.18547128847078
0.0934990000000016 7.18359779636488
0.0935990000000014 7.15166166690982
0.0936990000000018 7.16116495804409
0.0937990000000017 7.18520682385714
0.0938990000000016 7.19537820729912
0.0939990000000014 7.21609445586289
0.0940990000000013 7.21553707997403
0.0941990000000017 7.22181218363253
0.0942990000000015 7.22022692523858
0.0943990000000014 7.25430749138165
0.0944990000000018 7.30509265246889
0.0945990000000016 7.34236318634599
0.0946990000000015 7.35115952735645
0.0947990000000014 7.35981270350963
0.0948990000000017 7.36886486951722
0.0949990000000016 7.36613197417365
0.0950990000000015 7.37368618041726
0.0951990000000014 7.3673582389761
0.0952990000000012 7.33890987823102
0.0953990000000016 7.31222027198066
0.0954990000000015 7.27238801162301
0.0955990000000013 7.23765247646742
0.0956990000000017 7.21561159190134
0.0957990000000016 7.18331807279768
0.0958990000000015 7.16522429272989
0.0959990000000013 7.11677224198204
0.0960990000000017 7.09207035971938
0.0961990000000016 7.06802066519867
0.0962990000000014 7.0552684447915
0.0963990000000018 7.05088867215603
0.0964990000000017 7.03793851481582
0.0965990000000015 7.03859535485665
0.0966990000000014 7.07826334174129
0.0967990000000013 7.03417377672734
0.0968990000000016 7.07889907384932
0.0969990000000015 7.05606335557334
0.0970990000000014 7.07631563314736
0.0971990000000013 7.10013405457755
0.0972990000000016 7.07419662304286
0.0973990000000015 7.05683230857938
0.0974990000000014 7.03796539165136
0.0975990000000017 7.03056435066138
0.0976990000000016 7.02600389298085
0.0977990000000015 7.00735434058418
0.0978990000000014 7.00410720712841
0.0979990000000017 6.96483407430855
0.0980990000000016 6.92096043754252
0.0981990000000015 6.92764486546806
0.0982990000000013 6.94313071002386
0.0983990000000017 6.92914484253674
0.0984990000000016 6.92913209494042
0.0985990000000014 6.92408819170122
0.0986990000000013 6.94133580266239
0.0987990000000016 6.94161591964239
0.0988990000000015 6.96550615320567
0.0989990000000014 6.96168086028555
0.0990990000000018 6.98152080471717
0.0991990000000016 6.94963048203337
0.0992990000000015 6.94006299119962
0.0993990000000014 6.93835217629684
0.0994990000000017 6.94960151407915
0.0995990000000016 6.92594556010484
0.0996990000000015 6.92626774915758
0.0997990000000014 6.91422749446394
0.0998990000000017 6.88939514438985
0.0999990000000016 6.8641324598951
0.100099000000001 6.84117876662951
0.100199000000001 6.87660886506664
0.100299000000002 6.85939423119798
0.100399000000002 6.85438181430999
0.100499000000001 6.86875304535258
0.100599000000001 6.8520154099859
0.100699000000002 6.85233769613006
0.100799000000002 6.83641407061845
0.100899000000001 6.85540960311753
0.100999000000002 6.81538162534734
0.101099000000002 6.8228938092042
0.101199000000002 6.83173440411587
0.101299000000001 6.85136517950015
0.101399000000001 6.85804396571655
0.101499000000002 6.85809245419124
0.101599000000002 6.84385948712572
0.101699000000001 6.86772401103652
0.101799000000001 6.87172609330631
0.101899000000002 6.87411680326321
0.101999000000001 6.83943374760066
0.102099000000001 6.83763495043633
0.102199000000002 6.82400746315933
0.102299000000002 6.83061443719942
0.102399000000001 6.81170849361664
0.102499000000001 6.81683199911817
0.102599000000002 6.78422532390531
0.102699000000002 6.78917521539966
0.102799000000001 6.76469200201241
0.102899000000002 6.78487606659343
0.102999000000002 6.77468018921448
0.103099000000002 6.76008586200325
0.103199000000001 6.73485241066715
0.103299000000001 6.74180307094374
0.103399000000002 6.74476943575811
0.103499000000002 6.7330358893514
0.103599000000001 6.71515130235643
0.103699000000002 6.75216468000477
0.103799000000002 6.73049717315213
0.103899000000002 6.74828532447552
0.103999000000001 6.72592454709872
0.104099000000002 6.72415683574416
0.104199000000002 6.75190013652541
0.104299000000001 6.77924456858063
0.104399000000001 6.75710041413554
0.104499000000001 6.78600274621172
0.104599000000002 6.79092012070303
0.104699000000001 6.76737188052285
0.104799000000001 6.77241279594285
0.104899000000002 6.79001411298273
0.104999000000002 6.81168883943156
0.105099000000001 6.83412320670797
0.105199000000001 6.86690486809034
0.105299000000002 6.89698056002198
0.105399000000002 6.93575721472059
0.105499000000001 6.95074660034002
0.105599000000002 6.9389608814528
0.105699000000002 6.96581091740729
0.105799000000002 6.99224126403285
0.105899000000001 7.01010096217514
0.105999000000002 6.98644138565554
0.106099000000002 6.99350308791657
0.106199000000002 6.98549341918111
0.106299000000001 7.00008116026078
0.106399000000001 7.00489162650016
0.106499000000002 7.04291616331995
0.106599000000001 7.03799630643615
0.106699000000001 7.04134713951763
0.106799000000002 7.05293182301936
0.106899000000002 7.0232410974587
0.106999000000001 7.05083140780297
0.107099000000001 7.0697740476972
0.107199000000002 7.06579402793303
0.107299000000002 7.13081252544528
0.107399000000001 7.10616490177229
0.107499000000001 7.11358557499512
0.107599000000002 7.10806892793456
0.107699000000002 7.12056542981673
0.107799000000001 7.13242821632566
0.107899000000001 7.16953928272633
0.107999000000002 7.14753650652619
0.108099000000002 7.16623926739166
0.108199000000001 7.18907397675421
0.108299000000002 7.20733930871869
0.108399000000002 7.23091842389054
0.108499000000002 7.25507583570107
0.108599000000001 7.28438690128701
0.108699000000002 7.29093884017523
0.108799000000002 7.2956110700097
0.108899000000001 7.31216292519396
0.108999000000001 7.36695836341028
0.109099000000002 7.35942224830217
0.109199000000002 7.34291038391565
0.109299000000001 7.3356053281959
0.109399000000001 7.36516822990845
0.109499000000002 7.36186895853663
0.109599000000002 7.36782863965463
0.109699000000001 7.3559855661884
0.109799000000001 7.37270559841815
0.109899000000002 7.35987437075265
0.109999000000002 7.3744900010044
0.110099000000001 7.34166396353511
0.110199000000002 7.35757873722394
0.110299000000002 7.37688349845695
0.110399000000002 7.42441905922805
0.110499000000001 7.4617611198112
0.110599000000001 7.48484002896434
0.110699000000002 7.48929907637063
0.110799000000002 7.5006486135993
0.110899000000001 7.51165503293255
0.110999000000001 7.50378295997258
0.111099000000002 7.55164896007078
0.111199000000001 7.54189111512891
0.111299000000001 7.55252725938969
0.111399000000002 7.5516778193579
0.111499000000002 7.57875350292324
0.111599000000001 7.56758006797352
0.111699000000001 7.53375754837192
0.111799000000002 7.53046061621305
0.111899000000002 7.57060242294897
0.111999000000001 7.5468687659378
0.112099000000002 7.53777786098633
0.112199000000002 7.54042008485637
0.112299000000002 7.58310085141654
0.112399000000001 7.57639121350181
0.112499000000001 7.65259834313022
0.112599000000002 7.65308771289969
0.112699000000002 7.64875798004395
0.112799000000001 7.69208760243961
0.112899000000002 7.69605163389815
0.112999000000002 7.71567073988268
0.113099000000002 7.75966280675397
0.113199000000001 7.78339892675435
0.113299000000002 7.78801232918148
0.113399000000002 7.80323680314336
0.113499000000001 7.7769765002525
0.113599000000001 7.79460937837705
0.113699000000001 7.84307470400042
0.113799000000002 7.82623331811045
0.113899000000001 7.81007301739089
0.113999000000001 7.85517206139786
0.114099000000002 7.84167041479789
0.114199000000002 7.85140241929847
0.114299000000001 7.81062478822951
0.114399000000001 7.83737884979282
0.114499000000002 7.81820982789942
0.114599000000002 7.81682285766228
0.114699000000001 7.8124537797064
0.114799000000002 7.81764195864886
0.114899000000002 7.84401184140689
0.114999000000002 7.83053137594279
0.115099000000001 7.83151273912183
0.115199000000002 7.85609876447647
0.115299000000002 7.86232338182686
0.115399000000002 7.87282172128303
0.115499000000002 7.86488797323075
0.115599000000001 7.89097955605491
0.115699000000002 7.9170749269562
0.115799000000001 7.95404866699019
0.115899000000001 7.95559989382765
0.115999000000002 7.97715250014297
0.116099000000002 7.98446098296105
0.116199000000001 8.00454268140173
0.116299000000001 8.01226071189607
0.116399000000002 8.02493021637113
0.116499000000002 7.98925439351778
0.116599000000001 7.99891899338335
0.116699000000001 8.01450651524147
0.116799000000002 8.01445210971248
0.116899000000002 7.98472951916077
0.116999000000001 7.9764929463084
0.117099000000001 7.994784192018
0.117199000000002 7.97783826414629
0.117299000000002 7.99117044394831
0.117399000000001 7.98942827099876
0.117499000000002 8.00732243322878
0.117599000000002 8.04574011523292
0.117699000000002 8.02650813650937
0.117799000000001 8.05484588112457
0.117899000000002 8.06984651600255
0.117999000000002 8.08037049067893
0.118099000000001 8.06039157884502
0.118199000000001 8.05970238921569
0.118299000000002 8.06757241991839
0.118399000000002 8.06554900403623
0.118499000000001 8.05302150202029
0.118599000000002 8.03943841139954
0.118699000000002 8.06141219125388
0.118799000000002 8.04835775524547
0.118899000000001 8.08008127456562
0.118999000000001 8.06196904297427
0.119099000000002 8.06461437636937
0.119199000000002 8.07531915392266
0.119299000000001 8.02890167659425
0.119399000000002 8.04590637789368
0.119499000000002 8.07876685647655
0.119599000000002 8.08208329613121
0.119699000000001 8.08889804882005
0.119799000000002 8.10315596957367
0.119899000000002 8.11143247808265
0.119999000000002 8.12599567861015
0.120099000000001 8.16469572403153
0.120199000000002 8.19596607756272
0.120299000000002 8.19331938848424
0.120399000000001 8.18177994892523
0.120499000000001 8.18874167018537
0.120599000000002 8.19163360204944
0.120699000000002 8.17390785469405
0.120799000000001 8.16762997721322
0.120899000000001 8.17435199885745
0.120999000000002 8.17657146886862
0.121099000000002 8.1364267948153
0.121199000000001 8.15970115762495
0.121299000000002 8.16481505602528
0.121399000000002 8.15121094606325
0.121499000000002 8.15634330824059
0.121599000000001 8.15274463024341
0.121699000000002 8.18436542549389
0.121799000000002 8.164365649332
0.121899000000002 8.15243713208106
0.121999000000001 8.15805436624662
0.122099000000002 8.17602009239097
0.122199000000002 8.19397465949332
0.122299000000002 8.1904780645012
0.122399000000001 8.20603635945533
0.122499000000002 8.20151955973132
0.122599000000002 8.20317115583538
0.122699000000001 8.19640751900395
0.122799000000001 8.16679006346167
0.122899000000001 8.18356198763989
0.122999000000002 8.19718543308056
0.123099000000001 8.19442084313646
0.123199000000001 8.21735723959315
0.123299000000002 8.19878204388798
0.123399000000002 8.19850684061583
0.123499000000001 8.17102370240789
0.123599000000001 8.21201095959725
0.123699000000002 8.21891303598197
0.123799000000002 8.24404346567261
0.123899000000001 8.26445805880695
0.123999000000002 8.27650633398183
0.124099000000002 8.27071815231154
0.124199000000002 8.2994406964885
0.124299000000001 8.29299532086616
0.124399000000002 8.32450413232649
0.124499000000002 8.30637886731575
0.124599000000002 8.3368979859057
0.124699000000002 8.36476791661697
0.124799000000002 8.35459907733685
0.124899000000002 8.35708548021232
0.124999000000001 8.35457867214897
0.125099000000001 8.34853159639645
0.125199000000002 8.35685834224602
0.125299000000002 8.33060650288281
0.125399000000001 8.29510151972626
0.125499000000001 8.2935555914502
0.125599000000002 8.27228902746837
0.125699000000002 8.2531976830993
0.125799000000001 8.24842152675752
0.125899000000002 8.21114872060659
0.125999000000002 8.23883572322576
0.126099000000002 8.19426085499261
0.126199000000001 8.18183365512752
0.126299000000001 8.13043711067591
0.126399000000002 8.12492118080238
0.126499000000002 8.11620596700873
0.126599000000001 8.08817623556027
0.126699000000002 8.07325048512291
0.126799000000002 8.06885007126716
0.126899000000002 8.04268259140914
0.126999000000001 8.047324385827
0.127099000000002 8.03256620454692
0.127199000000002 8.00983207320011
0.127299000000001 7.97287937344281
0.127399000000001 7.95622118688898
0.127499000000002 7.94164138230501
0.127599000000002 7.93778656037598
0.127699000000001 7.91234056834911
0.127799000000002 7.91241373118913
0.127899000000002 7.90870033602592
0.127999000000002 7.89111629002655
0.128099000000001 7.86929929587321
0.128199000000001 7.84142693956687
0.128299000000002 7.83592234070234
0.128399000000002 7.81612800491952
0.128499000000001 7.83521954577998
0.128599000000002 7.78859070363791
0.128699000000002 7.79000039706868
0.128799000000002 7.80087296653537
0.128899000000001 7.76941251857886
0.128999000000002 7.76140340857993
0.129099000000002 7.76779832107741
0.129199000000001 7.74325946206328
0.129299000000001 7.76179883018808
0.129399000000002 7.77567470382969
0.129499000000002 7.74966792557504
0.129599000000001 7.73695296482
0.129699000000001 7.73306241942404
0.129799000000002 7.71399895315004
0.129899000000002 7.72265011939447
0.129999000000001 7.74649186353176
0.130099000000001 7.7266881387245
0.130199000000002 7.74802422504219
0.130299000000002 7.71943106126585
0.130399000000001 7.72264258184079
0.130499000000002 7.71567290204954
0.130599000000002 7.73947545828137
0.130699000000002 7.70140147815521
0.130799000000001 7.75759169977838
0.130899000000002 7.72870172068637
0.130999000000002 7.73369068423386
0.131099000000002 7.73955478321615
0.131199000000002 7.74496021594078
0.131299000000002 7.74002312062574
0.131399000000002 7.74598579454273
0.131499000000001 7.74329409898667
0.131599000000001 7.76150368567662
0.131699000000002 7.74790934687013
0.131799000000002 7.75386208822889
0.131899000000001 7.76230304497432
0.131999000000001 7.77322649222089
0.132099000000002 7.75466948242122
0.132199000000002 7.73844602125111
0.132299000000001 7.74234169424122
0.132399000000001 7.75421153029656
0.132499000000002 7.77360917598936
0.132599000000002 7.77190058606787
0.132699000000001 7.80023924480576
0.132799000000001 7.77802389552694
0.132899000000002 7.82375424115052
0.132999000000002 7.79607507985534
0.133099000000001 7.85497854517139
0.133199000000002 7.82274326088098
0.133299000000002 7.88038154497257
0.133399000000002 7.83733111520423
0.133499000000001 7.84756920249817
0.133599000000002 7.85297292185857
0.133699000000002 7.86596291293778
0.133799000000001 7.87712836133639
0.133899000000002 7.88067983034384
0.133999000000002 7.90732409513336
0.134099000000002 7.8836997798136
0.134199000000001 7.8604628661126
0.134299000000002 7.83302919735767
0.134399000000002 7.88305094903195
0.134499000000002 7.86903115065784
0.134599000000001 7.88432088619905
0.134699000000001 7.88702562787899
0.134799000000002 7.93736901814607
0.134899000000002 7.89770269265187
0.134999000000001 7.93427194403423
0.135099000000002 7.9527652669896
0.135199000000002 7.95078932017063
0.135299000000002 7.96500253527616
0.135399000000001 7.97318457039684
0.135499000000001 7.96601656785395
0.135599000000002 7.97390048729214
0.135699000000002 7.98797285860433
0.135799000000001 7.98721084485367
0.135899000000002 7.9639995206111
0.135999000000002 7.9579381791875
0.136099000000001 7.93646531415984
0.136199000000001 7.96251932593096
0.136299000000002 7.97063200813427
0.136399000000002 7.9607598330691
0.136499000000001 7.99554970962091
0.136599000000001 7.99369158792964
0.136699000000002 7.98014845452278
0.136799000000002 8.00346316208622
0.136899000000001 8.01889540140314
0.136999000000002 8.03279767014084
0.137099000000002 8.05459739362463
0.137199000000002 8.04594971031863
0.137299000000001 8.08596534869071
0.137399000000001 8.05230900478098
0.137499000000002 8.04336430838886
0.137599000000002 8.00313497256611
0.137699000000001 8.01935756577116
0.137799000000002 8.03093413495701
0.137899000000002 8.03549653936543
0.137999000000002 8.0381954715925
0.138099000000001 8.03497266443134
0.138199000000002 8.04767807207249
0.138299000000002 8.01084807068251
0.138399000000001 8.01816153145374
0.138499000000002 8.01096215115188
0.138599000000002 8.0602245414052
0.138699000000002 8.01882888297187
0.138799000000001 8.07498046024238
0.138899000000001 8.08195245402517
0.138999000000002 8.1075475952368
0.139099000000002 8.12234660007913
0.139199000000001 8.10817783224651
0.139299000000001 8.09802255824883
0.139399000000002 8.09622396493926
0.139499000000002 8.11145955579501
0.139599000000001 8.10934655405104
0.139699000000002 8.06865883574375
0.139799000000002 8.08812730449695
0.139899000000002 8.08849399157792
0.139999000000001 8.07535787360024
0.140099000000002 8.08829769294383
0.140199000000002 8.08347283017222
0.140299000000002 8.09232543233678
0.140399000000002 8.08671529611458
0.140499000000002 8.09570380664878
0.140599000000002 8.04933242901776
0.140699000000001 8.02716957937878
0.140799000000001 8.02838056310011
0.140899000000002 8.05156175253221
0.140999000000002 8.05322381767402
0.141099000000001 8.03881910348378
0.141199000000001 8.02581490194114
0.141299000000002 8.03956182030778
0.141399000000002 8.03433629509787
0.141499000000001 8.03848766930986
0.141599000000001 8.01228761656677
0.141699000000002 7.99491366434315
0.141799000000002 7.94933336538205
0.141899000000001 7.91006729228856
0.141999000000001 7.92262978272944
0.142099000000002 7.88709355328333
0.142199000000002 7.90567075960966
0.142299000000001 7.86015543726388
0.142399000000002 7.89653635457372
0.142499000000002 7.89123062510736
0.142599000000002 7.88280909645392
0.142699000000001 7.88079750980368
0.142799000000002 7.89711153481515
0.142899000000002 7.87852931527384
0.142999000000001 7.88345333794857
0.143099000000002 7.86750937738708
0.143199000000002 7.90041449059433
0.143299000000002 7.89700722900066
0.143399000000001 7.90179552541752
0.143499000000002 7.90160335678717
0.143599000000002 7.88706166175806
0.143699000000002 7.8843286593254
0.143799000000001 7.83886138711611
0.143899000000001 7.86925451897393
0.143999000000002 7.85165286299899
0.144099000000002 7.84890563343033
0.144199000000001 7.84916876987774
0.144299000000002 7.87151436879155
0.144399000000002 7.87532905477403
0.144499000000002 7.87726791926944
0.144599000000001 7.86456853479554
0.144699000000001 7.89208038170674
0.144799000000002 7.9165882450898
0.144899000000001 7.91316506223543
0.144999000000001 7.9190572460351
0.145099000000002 7.89970910350972
0.145199000000002 7.8914154815033
0.145299000000001 7.90211610118256
0.145399000000001 7.87807350813506
0.145499000000002 7.8750839699599
0.145599000000002 7.82656292125839
0.145699000000001 7.8492975840748
0.145799000000001 7.85104328465624
0.145899000000002 7.87719649662861
0.145999000000002 7.8932929411695
0.146099000000001 7.86707555973895
0.146199000000002 7.86610343292196
0.146299000000002 7.86520906064268
0.146399000000002 7.8769182744203
0.146499000000001 7.8775060440951
0.146599000000002 7.89584648778052
0.146699000000002 7.9022288237393
0.146799000000002 7.88977965258739
0.146899000000001 7.87869106359307
0.146999000000002 7.86346990776347
0.147099000000002 7.90691199383554
0.147199000000001 7.91273591673709
0.147299000000001 7.90684288081983
0.147399000000002 7.87634368157028
0.147499000000002 7.91187441136606
0.147599000000001 7.87351678693846
0.147699000000002 7.90180985581344
0.147799000000002 7.90752701866307
0.147899000000002 7.93627769053823
0.147999000000001 7.9081561624129
0.148099000000001 7.92315253052181
0.148199000000002 7.9013330590072
0.148299000000002 7.92730990112891
0.148399000000001 7.91442437795755
0.148499000000001 7.90556518708651
0.148599000000002 7.89487232774972
0.148699000000002 7.89829465429749
0.148799000000001 7.90968446750843
0.148899000000002 7.86385450708746
0.148999000000002 7.87471581924673
0.149099000000002 7.87257028469372
0.149199000000001 7.87701357431397
0.149299000000002 7.89511096629919
0.149399000000002 7.90783451672956
0.149499000000001 7.88966325211712
0.149599000000002 7.93608981438058
0.149699000000002 7.96260211767145
0.149799000000002 7.97928103967846
0.149899000000001 7.99375149370169
0.149999000000001 7.9864871971139
0.150099000000002 7.98118365718184
0.150199000000002 7.99269862417367
0.150299000000001 7.99072253036178
0.150399000000002 8.01803360378969
0.150499000000002 8.03585464694211
0.150599000000002 8.02198323722281
0.150699000000001 8.07543846252589
0.150799000000001 8.06609670117777
0.150899000000002 8.08528079243676
0.150999000000002 8.09146580296318
0.151099000000001 8.13907639750028
0.151199000000001 8.13429907799889
0.151299000000002 8.16618993219867
0.151399000000002 8.16525015408256
0.151499000000001 8.16943456077871
0.151599000000002 8.19869710855372
0.151699000000002 8.23452494719767
0.151799000000001 8.23135395618289
0.151899000000001 8.24866619781903
0.151999000000002 8.25095675344515
0.152099000000002 8.25457124940959
0.152199000000001 8.27537170720067
0.152299000000002 8.27704385506032
0.152399000000002 8.2457278854106
0.152499000000002 8.25368206803712
0.152599000000001 8.27293028931143
0.152699000000002 8.28504726840335
0.152799000000002 8.27442607212543
0.152899000000002 8.27084500105916
0.152999000000001 8.25425203668316
0.153099000000002 8.2356572862096
0.153199000000002 8.25010077300556
0.153299000000002 8.24910835740126
0.153399000000001 8.24023824912622
0.153499000000002 8.23300497834861
0.153599000000002 8.26592394674296
0.153699000000002 8.2495813241521
0.153799000000001 8.30701922382589
0.153899000000002 8.25557697981082
0.153999000000002 8.29918107511746
0.154099000000001 8.27498172609711
0.154199000000001 8.29444399505945
0.154299000000002 8.31271929528473
0.154399000000002 8.30332695346106
0.154499000000001 8.3054685008537
0.154599000000001 8.30380088355948
0.154699000000002 8.31444890768345
0.154799000000002 8.29710511197394
0.154899000000001 8.31332370624221
0.154999000000002 8.32284207430151
0.155099000000002 8.31238721939601
0.155199000000002 8.31862578109049
0.155299000000001 8.31952947381888
0.155399000000002 8.30471667933445
0.155499000000002 8.32697308236647
0.155599000000002 8.29190144343139
0.155699000000001 8.27844546571076
0.155799000000002 8.2853402638814
0.155899000000002 8.27526058805066
0.155999000000002 8.25840593731338
0.156099000000001 8.28995632405432
0.156199000000002 8.29927951719105
0.156299000000002 8.30648318511516
0.156399000000001 8.29931762507092
0.156499000000001 8.31155546466564
0.156599000000002 8.30058593389115
0.156699000000002 8.27542687666905
0.156799000000001 8.28156254975969
0.156899000000002 8.25653062421766
0.156999000000002 8.24408456844834
0.157099000000002 8.21187165908504
0.157199000000001 8.22364140242021
0.157299000000001 8.20176371795914
0.157399000000002 8.19062860841531
0.157499000000002 8.1452038289798
0.157599000000001 8.15780435012954
0.157699000000001 8.13760833106567
0.157799000000002 8.11511278444472
0.157899000000002 8.13490887564734
0.157999000000001 8.12221051858836
0.158099000000002 8.14678468813779
0.158199000000002 8.16397827272158
0.158299000000002 8.20490458435497
0.158399000000001 8.19236965425582
0.158499000000002 8.20033485643284
0.158599000000002 8.21855010209199
0.158699000000002 8.22823731260461
0.158799000000002 8.24965458918478
0.158899000000002 8.25727786769106
0.158999000000002 8.27030378122842
0.159099000000001 8.2642299012266
0.159199000000002 8.24943524932575
0.159299000000002 8.25228883908122
0.159399000000002 8.2285175717338
0.159499000000001 8.23389912386031
0.159599000000002 8.20436293017922
0.159699000000002 8.21442524883598
0.159799000000002 8.21954835259201
0.159899000000001 8.20436248187207
0.159999000000002 8.20321304682039
0.160099000000002 8.22643140518274
0.160199000000002 8.20557147032911
0.160299000000001 8.20727063714252
0.160399000000001 8.16950255125232
0.160499000000002 8.15916981198891
0.160599000000002 8.1534460711545
0.160699000000001 8.16110723379973
0.160799000000002 8.1960252546363
0.160899000000002 8.19188891198297
0.160999000000002 8.19592059668513
0.161099000000001 8.18390069997435
0.161199000000002 8.18614155768341
0.161299000000002 8.1916909551479
0.161399000000001 8.19950297603851
0.161499000000002 8.22600358295016
0.161599000000002 8.23660638560363
0.161699000000002 8.29455170436483
0.161799000000001 8.28556491316004
0.161899000000002 8.27818211051988
0.161999000000002 8.28903080957035
0.162099000000002 8.26471501888744
0.162199000000001 8.24460911408127
0.162299000000002 8.27728855934356
0.162399000000002 8.3071746495141
0.162499000000002 8.33343102772351
0.162599000000001 8.36565035893146
0.162699000000002 8.38699913842826
0.162799000000002 8.37096746452726
0.162899000000002 8.36581408847566
0.162999000000001 8.36374644494258
0.163099000000002 8.38418075982059
0.163199000000002 8.38243954754052
0.163299000000001 8.39464705339587
0.163399000000001 8.41146316693739
0.163499000000002 8.39664967989665
0.163599000000002 8.37279722847941
0.163699000000001 8.36906653325924
0.163799000000001 8.33678350906016
0.163899000000002 8.32204150720559
0.163999000000002 8.33069426971398
0.164099000000001 8.35914859653792
0.164199000000002 8.30930989892013
0.164299000000002 8.3446408838352
0.164399000000002 8.37367946346274
0.164499000000001 8.338067945047
0.164599000000002 8.34376651332924
0.164699000000002 8.32411905286218
0.164799000000002 8.33458759965109
0.164899000000001 8.32850179558
0.164999000000002 8.3250169904978
0.165099000000002 8.35057961970906
0.165199000000002 8.35530877607156
0.165299000000002 8.35480552610819
0.165399000000002 8.34914120253043
0.165499000000002 8.36933715444968
0.165599000000001 8.37861889778327
0.165699000000001 8.37240907017685
0.165799000000002 8.34458199800278
0.165899000000002 8.35594658312169
0.165999000000001 8.33735839338471
0.166099000000002 8.36285886162581
0.166199000000002 8.31831496031659
0.166299000000002 8.35080248394616
0.166399000000001 8.31958376829122
0.166499000000001 8.3040466644432
0.166599000000002 8.29068141530745
0.166699000000002 8.28623646103465
0.166799000000001 8.28662690451781
0.166899000000001 8.27916972823586
0.166999000000002 8.2770296783824
0.167099000000002 8.27743371927946
0.167199000000001 8.28232158491856
0.167299000000002 8.30910890394259
0.167399000000002 8.30264479541661
0.167499000000002 8.30303121038235
0.167599000000001 8.28012955884805
0.167699000000002 8.29000489055979
0.167799000000002 8.27877795999727
0.167899000000001 8.24980497135436
0.167999000000002 8.2295409204094
0.168099000000002 8.23226129629897
0.168199000000002 8.17310983354351
0.168299000000001 8.17121901253497
0.168399000000002 8.15684549468692
0.168499000000002 8.09619288733927
0.168599000000002 8.07065452590196
0.168699000000001 8.05597296658853
0.168799000000002 8.02843394116492
0.168899000000002 8.01441719768734
0.168999000000002 8.02508097380134
0.169099000000001 8.03069466161695
0.169199000000002 7.99580511200713
0.169299000000002 7.99493281698445
0.169399000000002 7.96460884102576
0.169499000000001 7.94648005161757
0.169599000000001 7.89307227379087
0.169699000000002 7.85483514117937
0.169799000000002 7.86367243922513
0.169899000000001 7.80604944509196
0.169999000000002 7.82701242879157
0.170099000000002 7.80926674465727
0.170199000000001 7.82779315099655
0.170299000000001 7.83304621740201
0.170399000000002 7.88280974580499
0.170499000000002 7.87091206928043
0.170599000000001 7.91126366112875
0.170699000000002 7.90008920739922
0.170799000000002 7.92924416885636
0.170899000000002 7.92632277490328
0.170999000000001 7.94502439198801
0.171099000000002 7.96742317364171
0.171199000000002 7.95006014434876
0.171299000000002 7.96432890899674
0.171399000000001 7.97256832547021
0.171499000000002 7.98472512572679
0.171599000000002 7.97879924131951
0.171699000000002 7.98946135764303
0.171799000000001 8.01866952926198
0.171899000000002 8.03629096110796
0.171999000000002 8.05367446667471
0.172099000000002 8.05449186610252
0.172199000000001 8.06923566123068
0.172299000000002 8.04677665484722
0.172399000000002 8.07205726830374
0.172499000000001 8.07918313088825
0.172599000000002 8.10095115269338
0.172699000000002 8.08774579237718
0.172799000000002 8.10370147018393
0.172899000000001 8.12262568134708
0.172999000000001 8.16806317698904
0.173099000000002 8.1592641854524
0.173199000000002 8.191133190204
0.173299000000001 8.21022529692978
0.173399000000002 8.23424763962764
0.173499000000002 8.25347343367626
0.173599000000002 8.26670031863299
0.173699000000001 8.26405067773963
0.173799000000002 8.27156227247269
0.173899000000002 8.30156202381055
0.173999000000002 8.31657430486005
0.174099000000001 8.27717997607909
0.174199000000002 8.29262984652023
0.174299000000002 8.3144459343023
0.174399000000002 8.35383926690836
0.174499000000002 8.38523551279463
0.174599000000002 8.39566419310357
0.174699000000002 8.41957357863481
0.174799000000001 8.41445939433849
0.174899000000001 8.42057338282581
0.174999000000002 8.41747016481004
0.175099000000002 8.46041258661861
0.175199000000001 8.45351197517216
0.175299000000002 8.50081820835496
0.175399000000002 8.53321500815985
0.175499000000002 8.54499468951358
0.175599000000001 8.59311360130322
0.175699000000001 8.60832481800086
0.175799000000002 8.61451091900051
0.175899000000002 8.64447747326254
0.175999000000001 8.64747403350778
0.176099000000001 8.66792072168063
0.176199000000002 8.66230372670221
0.176299000000002 8.6638207958554
0.176399000000001 8.64999908783968
0.176499000000002 8.67218467599119
0.176599000000002 8.65324406992498
0.176699000000002 8.66625121761258
0.176799000000001 8.66965731445221
0.176899000000002 8.71834052305639
0.176999000000002 8.71187634203006
0.177099000000001 8.72420587239917
0.177199000000002 8.68270375035087
0.177299000000002 8.71905850887147
0.177399000000002 8.70187189989667
0.177499000000001 8.71644849981846
0.177599000000002 8.71560635012087
0.177699000000002 8.70222766951946
0.177799000000002 8.74174917053475
0.177899000000002 8.72235377991002
0.177999000000002 8.73369581546918
0.178099000000002 8.72324023530764
0.178199000000002 8.75867738402519
0.178299000000001 8.76462297268679
0.178399000000002 8.79287127955766
0.178499000000002 8.84827759673058
0.178599000000002 8.84440596173331
0.178699000000001 8.85476465545026
0.178799000000002 8.84764409287443
0.178899000000002 8.83950306711859
0.178999000000002 8.86426137410558
0.179099000000001 8.85178165362614
0.179199000000002 8.86217142130758
0.179299000000002 8.87548441466777
0.179399000000001 8.87681350340564
0.179499000000001 8.91710481337167
0.179599000000002 8.91545550458964
0.179699000000002 8.92171079515417
0.179799000000001 8.94054918556372
0.179899000000002 8.97369493802486
0.179999000000002 8.98350081501897
0.180099000000002 8.98136295489024
0.180199000000001 9.0209858786989
0.180299000000002 9.04145996028932
0.180399000000002 9.07035489625715
0.180499000000002 9.08712627165914
0.180599000000002 9.12099566128265
0.180699000000002 9.13569681062219
0.180799000000002 9.14334748626972
0.180899000000002 9.15498563497637
0.180999000000002 9.1699356017623
0.181099000000002 9.19074509749561
0.181199000000002 9.19865148986626
0.181299000000002 9.21773461759256
0.181399000000001 9.22676578456864
0.181499000000002 9.24701112094179
0.181599000000002 9.26640178144691
0.181699000000001 9.24262553967791
0.181799000000001 9.25848506722832
0.181899000000002 9.2675345457419
0.181999000000002 9.2598232695259
0.182099000000001 9.30920676625013
0.182199000000001 9.29920647516483
0.182299000000002 9.35183785567668
0.182399000000002 9.3377966717635
0.182499000000001 9.39471413301628
0.182599000000002 9.40051596706065
0.182699000000002 9.4179550776276
0.182799000000002 9.42826534091002
0.182899000000001 9.43692167447676
0.182999000000002 9.43937127017794
0.183099000000002 9.45055742722444
0.183199000000002 9.48039206788948
0.183299000000001 9.51033774143442
0.183399000000002 9.4805738537381
0.183499000000002 9.48651459642241
0.183599000000002 9.51461334563698
0.183699000000002 9.52238670326625
0.183799000000002 9.50564102166019
0.183899000000002 9.53392589203643
0.183999000000001 9.52493686126731
0.184099000000002 9.51591938738189
0.184199000000002 9.54906683545539
0.184299000000002 9.56019885183826
0.184399000000001 9.5811939280954
0.184499000000002 9.62134540458563
0.184599000000002 9.60966288686007
0.184699000000002 9.61523820854989
0.184799000000001 9.61116894024823
0.184899000000002 9.60941169919189
0.184999000000002 9.61348811760163
0.185099000000002 9.60484620729251
0.185199000000001 9.60852794990295
0.185299000000002 9.60656334640351
0.185399000000002 9.66421018243701
0.185499000000002 9.66356303927853
0.185599000000001 9.67127777856965
0.185699000000002 9.67454054706866
0.185799000000002 9.65802865864472
0.185899000000001 9.65664448581466
0.185999000000001 9.65585965359431
0.186099000000002 9.64912961338527
0.186199000000002 9.64322831115981
0.186299000000001 9.6592717066572
0.186399000000002 9.66107520806975
0.186499000000002 9.67342049105222
0.186599000000002 9.68863951173314
0.186699000000001 9.6887650890245
0.186799000000002 9.70539039880606
0.186899000000002 9.69020265542824
0.186999000000002 9.68037826505851
0.187099000000002 9.70191565413289
0.187199000000002 9.68089553236219
0.187299000000002 9.69139308979709
0.187399000000002 9.69703663176702
0.187499000000001 9.70016173843774
0.187599000000002 9.70645872111806
0.187699000000002 9.72954168625748
0.187799000000002 9.73883619106881
0.187899000000001 9.72308952240768
0.187999000000002 9.72993823933504
0.188099000000002 9.75283902847386
0.188199000000001 9.70115424585622
0.188299000000001 9.7261648340647
0.188399000000002 9.69564433061508
0.188499000000002 9.70242418683247
0.188599000000001 9.66854638385709
0.188699000000001 9.7036913613134
0.188799000000002 9.67285652044899
0.188899000000002 9.67992789022952
0.188999000000001 9.63560735405438
0.189099000000002 9.62187362344358
0.189199000000002 9.61359064298161
0.189299000000002 9.60144612233283
0.189399000000001 9.56958480596629
0.189499000000002 9.53632506174574
0.189599000000002 9.53338712936124
0.189699000000002 9.49219408238854
0.189799000000002 9.47221591370584
0.189899000000002 9.43218443452247
0.189999000000002 9.43202965129237
0.190099000000002 9.40140144503797
0.190199000000002 9.41531871746897
0.190299000000002 9.41337874939066
0.190399000000002 9.3981616352519
0.190499000000001 9.41469323855408
0.190599000000001 9.41584567485645
0.190699000000002 9.40924283250156
0.190799000000002 9.44926571694924
0.190899000000001 9.45431188511015
0.190999000000002 9.43456826372117
0.191099000000002 9.43022749737803
0.191199000000002 9.44398569744635
0.191299000000001 9.47763912508145
0.191399000000001 9.48769299460645
0.191499000000002 9.503356709993
0.191599000000002 9.51023626046325
0.191699000000001 9.53358114121765
0.191799000000002 9.60240681171662
0.191899000000002 9.64818212683906
0.191999000000002 9.66595873975211
0.192099000000001 9.67863820677891
0.192199000000002 9.69629068882691
0.192299000000002 9.68058244994569
0.192399000000002 9.69463269651997
0.192499000000001 9.69137090596273
0.192599000000002 9.72153146105796
0.192699000000002 9.73224420001421
0.192799000000001 9.75120994773606
0.192899000000002 9.77882693622096
0.192999000000002 9.78657568822793
0.193099000000002 9.81476644194034
0.193199000000001 9.81668378936853
0.193299000000002 9.8522318856164
0.193399000000002 9.80691711698074
0.193499000000002 9.85754124841491
0.193599000000001 9.86088937558308
0.193699000000002 9.88047996341538
0.193799000000002 9.88872754844671
0.193899000000002 9.89823473989112
0.193999000000001 9.93304419361524
0.194099000000002 9.92451710273656
0.194199000000002 9.93675749223524
0.194299000000002 9.9432741412312
0.194399000000001 9.98163029644571
0.194499000000002 9.97240954149729
0.194599000000002 9.97965020539682
0.194699000000002 9.99200198909029
0.194799000000001 9.99154904842038
0.194899000000002 10.0018440250368
0.194999000000002 9.99912137265644
0.195099000000001 10.0016359442774
0.195199000000001 9.97117870985211
0.195299000000002 9.95602208752327
0.195399000000002 9.95812647313086
0.195499000000001 9.95162371936047
0.195599000000002 9.94889371898458
0.195699000000002 9.94266909958223
0.195799000000002 9.92355174884521
0.195899000000001 9.92140773067281
0.195999000000002 9.91025670077161
0.196099000000002 9.89209244351512
0.196199000000002 9.93843555969243
0.196299000000002 9.93741096504759
0.196399000000002 9.94667035657425
0.196499000000002 9.96499306572106
0.196599000000002 9.98937939810637
0.196699000000002 10.0003443970603
0.196799000000002 10.0102828071226
0.196899000000002 10.0153945251171
0.196999000000002 10.0658612039279
0.197099000000001 10.0759296738898
0.197199000000002 10.0787553918716
0.197299000000002 10.0859832264273
0.197399000000001 10.0783551150803
0.197499000000002 10.0834545022278
0.197599000000002 10.1051239823742
0.197699000000002 10.1283256803955
0.197799000000001 10.110685861684
0.197899000000001 10.1048975088245
0.197999000000002 10.0898172428673
0.198099000000002 10.0999315164308
0.198199000000001 10.0902973863341
0.198299000000002 10.0938999160226
0.198399000000002 10.0711109846534
0.198499000000002 10.0738450847581
0.198599000000001 10.0546106256535
0.198699000000002 10.0572163852034
0.198799000000002 10.008868384052
0.198899000000002 10.0177533791401
0.198999000000002 9.99731373820023
0.199099000000002 9.99364211203421
0.199199000000002 9.98585606035865
0.199299000000002 9.98341007537251
0.199399000000002 9.93510511119423
0.199499000000002 9.91187647318899
0.199599000000002 9.88163896946782
0.199699000000001 9.88134728910143
0.199799000000002 9.87169943139787
0.199899000000002 9.84969107773705
0.199999000000002 9.84746160832901
0.200099000000001 9.84332769748871
0.200199000000002 9.83214370994702
0.200299000000002 9.79514278816322
0.200399000000002 9.80749422418822
0.200499000000001 9.76992047272731
0.200599000000001 9.76101808093206
0.200699000000002 9.73937804509287
0.200799000000002 9.71599099519115
0.200899000000001 9.71024392322991
0.200999000000002 9.68250795542144
0.201099000000002 9.65166789985964
0.201199000000002 9.63340273829852
0.201299000000001 9.62217058361487
0.201399000000002 9.62748569881603
0.201499000000002 9.60957834147196
0.201599000000001 9.61643625995149
0.201699000000001 9.58723157960483
0.201799000000002 9.55855226336212
0.201899000000002 9.49403333284287
0.201999000000001 9.46085407682633
0.202099000000002 9.47077134430505
0.202199000000002 9.4533866969867
0.202299000000002 9.4101408727195
0.202399000000001 9.37410025666809
0.202499000000002 9.35413420904654
0.202599000000002 9.32322733513246
0.202699000000002 9.3197457221804
0.202799000000002 9.27632077671851
0.202899000000002 9.27100970562105
0.202999000000002 9.21547159953775
0.203099000000002 9.23253280684408
0.203199000000001 9.22381333735246
0.203299000000002 9.21511473282259
0.203399000000002 9.19539309204894
0.203499000000002 9.18078767118967
0.203599000000002 9.16041501478295
0.203699000000002 9.14793615750277
0.203799000000002 9.18212419596418
0.203899000000002 9.13744072909757
0.203999000000001 9.1470048587562
0.204099000000002 9.11630508777289
0.204199000000002 9.07786658535979
0.204299000000001 9.06016569554333
0.204399000000001 9.01617813509374
0.204499000000002 9.04089464655249
0.204599000000002 9.02078367729851
0.204699000000001 9.01835226979462
0.204799000000002 9.00009398656041
0.204899000000002 8.94476431926036
0.204999000000002 8.94534478070929
0.205099000000001 8.89043761988574
0.205199000000002 8.86091928349705
0.205299000000002 8.85288765845275
0.205399000000002 8.84265713609641
0.205499000000002 8.83850245923147
0.205599000000002 8.83424718688593
0.205699000000002 8.79817732086701
0.205799000000002 8.78031528121027
0.205899000000002 8.74598340529702
0.205999000000002 8.73119781546536
0.206099000000002 8.71168276399161
0.206199000000002 8.69169705287851
0.206299000000001 8.65141252437569
0.206399000000002 8.65945241315282
0.206499000000002 8.64065017879091
0.206599000000001 8.66919074403077
0.206699000000002 8.62785281886954
0.206799000000002 8.62901391078866
0.206899000000002 8.61461678669216
0.206999000000001 8.59404251360892
0.207099000000001 8.57796824301182
0.207199000000002 8.58172978893049
0.207299000000002 8.54584987437852
0.207399000000001 8.52698437914981
0.207499000000002 8.5511363130532
0.207599000000002 8.53001396892487
0.207699000000002 8.53160458695517
0.207799000000001 8.52837584739182
0.207899000000002 8.53930610061793
0.207999000000002 8.52830684637594
0.208099000000002 8.52759405792233
0.208199000000002 8.48850932811024
0.208299000000002 8.51257075725053
0.208399000000002 8.48081464747179
0.208499000000002 8.47907392947114
0.208599000000002 8.45846571897687
0.208699000000002 8.42072136867016
0.208799000000002 8.41840358756496
0.208899000000001 8.38229941889462
0.208999000000002 8.41699643762997
0.209099000000002 8.41286618090336
0.209199000000002 8.41439755683319
0.209299000000002 8.38225373123762
0.209399000000002 8.35766241117238
0.209499000000002 8.36597272707078
0.209599000000002 8.32176032664035
0.209699000000001 8.33832145960988
0.209799000000002 8.30337685952244
0.209899000000002 8.30398294064623
0.209999000000002 8.28935720870855
0.210099000000001 8.27037511557837
0.210199000000002 8.2618511965706
0.210299000000002 8.23365138653654
0.210399000000002 8.20061073236629
0.210499000000001 8.17824544878651
0.210599000000002 8.18433321636335
0.210699000000002 8.15380125964889
0.210799000000002 8.14680599645412
0.210899000000002 8.14269558386104
0.210999000000002 8.10069125787236
0.211099000000002 8.11136630316157
0.211199000000001 8.09196919974397
0.211299000000002 8.08687074759104
0.211399000000002 8.10292792279134
0.211499000000002 8.08743461821781
0.211599000000001 8.06127266211443
0.211699000000002 8.07839767837978
0.211799000000002 8.06394147263594
0.211899000000002 8.03464588911125
0.211999000000002 8.0223389941828
0.212099000000002 8.02929537010109
0.212199000000002 8.02379004086082
0.212299000000002 8.01865230800587
0.212399000000001 7.98146324920673
0.212499000000002 7.98704838182434
0.212599000000002 8.00370944789032
0.212699000000002 7.99722075962014
0.212799000000002 8.00171470764063
0.212899000000002 8.00221220501697
0.212999000000002 8.02997415787986
0.213099000000002 8.02541887499724
0.213199000000001 8.06209245364245
0.213299000000002 8.03539352057091
0.213399000000002 8.04421930904873
0.213499000000001 8.03362530656582
0.213599000000001 8.07255518744216
0.213699000000002 8.11089522970679
0.213799000000002 8.09758846278896
0.213899000000001 8.12334003663577
0.213999000000002 8.0826860721936
0.214099000000002 8.10793922024728
0.214199000000002 8.10858206642124
0.214299000000001 8.09884721734621
0.214399000000002 8.0884384086304
0.214499000000002 8.10638449499539
0.214599000000002 8.09844178589008
0.214699000000002 8.08260053676538
0.214799000000002 8.08322976044473
0.214899000000002 8.11922479011777
0.214999000000001 8.12485360142838
0.215099000000002 8.11924804906845
0.215199000000002 8.10707592742655
0.215299000000002 8.10346571083321
0.215399000000002 8.10356621049131
0.215499000000002 8.12787203146665
0.215599000000002 8.11349084588054
0.215699000000002 8.12235495968416
0.215799000000001 8.13526160947001
0.215899000000002 8.11628783741632
0.215999000000002 8.13352609537128
0.216099000000002 8.12474904050141
0.216199000000001 8.09627218826384
0.216299000000001 8.08023479019717
0.216399000000002 8.03691414332257
0.216499000000002 8.05386807234359
0.216599000000001 8.03626757307975
0.216699000000002 8.05555315113962
0.216799000000002 8.07818176665762
0.216899000000002 8.08105140745175
0.216999000000001 8.08535218625951
0.217099000000002 8.09301992606795
0.217199000000002 8.13352250528444
0.217299000000001 8.11914253041468
0.217399000000002 8.11024080314745
0.217499000000002 8.11243948854133
0.217599000000002 8.10529863385571
0.217699000000002 8.11820311968721
0.217799000000002 8.09974073718273
0.217899000000002 8.1417085719755
0.217999000000002 8.11388884816331
0.218099000000001 8.12404084635573
0.218199000000002 8.18307978534485
0.218299000000002 8.14641701467823
0.218399000000002 8.15120102892935
0.218499000000002 8.13650609723068
0.218599000000002 8.17288450708532
0.218699000000002 8.1583362288236
0.218799000000002 8.16968467961526
0.218899000000001 8.1525829704101
0.218999000000002 8.17981655484394
0.219099000000002 8.14326073281017
0.219199000000002 8.13128330395373
0.219299000000001 8.11965209417997
0.219399000000002 8.10873508688978
0.219499000000002 8.13631807781806
0.219599000000002 8.11788951362202
0.219699000000001 8.11726637847844
0.219799000000002 8.07468921568665
0.219899000000002 8.07739527871956
0.219999000000001 8.08713309170189
0.220099000000002 8.0635522714399
0.220199000000002 8.06312206603663
0.220299000000002 8.04391293896354
0.220399000000001 8.05839779453348
0.220499000000002 8.01421010415108
0.220599000000002 8.03675257688239
0.220699000000002 8.02153668617053
0.220799000000001 8.02403635805707
0.220899000000002 7.99308142646894
0.220999000000002 7.99043751404093
0.221099000000002 7.99257942057361
0.221199000000002 7.98979879027662
0.221299000000002 8.00205168086027
0.221399000000002 8.00250657644352
0.221499000000002 8.0601119508525
0.221599000000002 8.04682029719326
0.221699000000002 8.07046872359761
0.221799000000002 8.03203696308102
0.221899000000002 8.08122939265974
0.221999000000002 8.07651562875115
0.222099000000002 8.11387909944168
0.222199000000002 8.08758325231287
0.222299000000001 8.12069360458702
0.222399000000002 8.13823580937147
0.222499000000002 8.13091841675855
0.222599000000002 8.12441019028225
0.222699000000001 8.10947148834525
0.222799000000002 8.11852479767993
0.222899000000002 8.12991653308513
0.222999000000002 8.15326768899946
0.223099000000002 8.11070328892398
0.223199000000002 8.13234335540275
0.223299000000002 8.11896055830089
0.223399000000002 8.13229286260237
0.223499000000002 8.13298546886259
0.223599000000001 8.14357867904726
0.223699000000002 8.14881159883299
0.223799000000002 8.17075400414582
0.223899000000001 8.16668019192512
0.223999000000002 8.17653199839897
0.224099000000002 8.18911009843698
0.224199000000002 8.18472407789609
0.224299000000001 8.2381832602135
0.224399000000002 8.24471537896991
0.224499000000002 8.25300690498852
0.224599000000001 8.21392076868015
0.224699000000002 8.24406971068087
0.224799000000002 8.22706345780352
0.224899000000002 8.21730594143119
0.224999000000001 8.21201186419374
0.225099000000002 8.25733193125199
0.225199000000002 8.28666447867506
0.225299000000002 8.26792854401922
0.225399000000001 8.26760467277807
0.225499000000002 8.26286313155297
0.225599000000002 8.25783676786356
0.225699000000002 8.23614890042724
0.225799000000002 8.25271971307834
0.225899000000002 8.24697081253582
0.225999000000002 8.24954368663009
0.226099000000002 8.24041666510663
0.226199000000002 8.19504213553676
0.226299000000002 8.18805309522592
0.226399000000002 8.21296497912725
0.226499000000002 8.20688131794269
0.226599000000001 8.22612708496465
0.226699000000002 8.20249440210454
0.226799000000002 8.2189466193027
0.226899000000002 8.21417258759906
0.226999000000001 8.20229670170973
0.227099000000002 8.20420473077399
0.227199000000002 8.21780437028034
0.227299000000001 8.20466414288065
0.227399000000001 8.22261936196434
0.227499000000002 8.19350182346849
0.227599000000002 8.19849391183567
0.227699000000001 8.19330035113611
0.227799000000002 8.21067192624237
0.227899000000002 8.19729805109448
0.227999000000002 8.19226066503649
0.228099000000001 8.1835403527046
0.228199000000002 8.19213193931473
0.228299000000002 8.19137951510901
0.228399000000002 8.17184860905262
0.228499000000002 8.15338903584071
0.228599000000002 8.12501183617877
0.228699000000002 8.11859299939199
0.228799000000002 8.13563277151374
0.228899000000002 8.10606874328042
0.228999000000002 8.07167439456928
0.229099000000002 8.0826752048917
0.229199000000002 8.01251095747639
0.229299000000002 8.02855900528036
0.229399000000002 7.9634554365943
0.229499000000002 7.98874503419732
0.229599000000002 7.92792531628338
0.229699000000002 7.93864341075656
0.229799000000002 7.91692181381824
0.229899000000002 7.93716829564009
0.229999000000002 7.92848120648732
0.230099000000001 7.92543684165559
0.230199000000002 7.9121462597306
0.230299000000002 7.90663387371046
0.230399000000001 7.91086312093269
0.230499000000002 7.91026152650927
0.230599000000002 7.91117537837788
0.230699000000002 7.92688586513112
0.230799000000001 7.9087214233282
0.230899000000002 7.93438202070974
0.230999000000002 7.93477480897041
0.231099000000001 7.93799261923336
0.231199000000002 7.89299058306047
0.231299000000002 7.92387862817398
0.231399000000002 7.90245521730209
0.231499000000002 7.91808226289598
0.231599000000002 7.90350407315055
0.231699000000002 7.87043915834529
0.231799000000002 7.8423080195058
0.231899000000001 7.82504897817593
0.231999000000002 7.80184213149147
0.232099000000002 7.77424747689745
0.232199000000002 7.75702538366095
0.232299000000002 7.72480095876889
0.232399000000002 7.71545746864001
0.232499000000002 7.73234070972303
0.232599000000002 7.74435687777543
0.232699000000001 7.71214181210648
0.232799000000001 7.70439767666054
0.232899000000002 7.67609121855475
0.232999000000002 7.70704080941629
0.233099000000001 7.67905682359289
0.233199000000002 7.68097243393602
0.233299000000002 7.64557825838908
0.233399000000001 7.64964905513772
0.233499000000001 7.67248338275925
0.233599000000002 7.64083846244751
0.233699000000002 7.66890693088915
0.233799000000002 7.6487310935966
0.233899000000002 7.65990044703931
0.233999000000002 7.60943648846962
0.234099000000002 7.6439283563801
0.234199000000001 7.61285300623507
0.234299000000002 7.6253450437618
0.234399000000002 7.61423847107651
0.234499000000002 7.62499140145573
0.234599000000001 7.62218582243205
0.234699000000002 7.61236576697407
0.234799000000002 7.62468228571835
0.234899000000002 7.59860823062578
0.234999000000002 7.6367200288108
0.235099000000002 7.60867559277079
0.235199000000002 7.60456524395337
0.235299000000002 7.62304166779101
0.235399000000002 7.61835728343674
0.235499000000002 7.66503063868228
0.235599000000002 7.67571979021747
0.235699000000002 7.6771913312105
0.235799000000002 7.68470801237395
0.235899000000002 7.72454939169638
0.235999000000002 7.7217484743971
0.236099000000002 7.75949902723898
0.236199000000001 7.75561037595794
0.236299000000002 7.75064903778757
0.236399000000002 7.74317789619468
0.236499000000001 7.73744049544239
0.236599000000001 7.72050336963413
0.236699000000002 7.74184645230087
0.236799000000002 7.72000267745976
0.236899000000001 7.75347641791655
0.236999000000002 7.76102689263146
0.237099000000002 7.76378495717284
0.237199000000002 7.76954488439082
0.237299000000001 7.7722233581621
0.237399000000002 7.7561200331207
0.237499000000002 7.7844628386948
0.237599000000002 7.75644265707392
0.237699000000002 7.78295668744752
0.237799000000002 7.81766690648513
0.237899000000002 7.84452429865551
0.237999000000001 7.87579446945805
0.238099000000002 7.84425172933172
0.238199000000002 7.8837682486778
0.238299000000002 7.88249153600713
0.238399000000002 7.91301361160815
0.238499000000002 7.91850539049105
0.238599000000002 7.96158051058942
0.238699000000002 7.98030419576103
0.238799000000002 8.03024066955942
0.238899000000002 8.05988350490138
0.238999000000002 8.06742362546469
0.239099000000002 8.09196974932937
0.239199000000001 8.10455433139423
0.239299000000001 8.11737209814515
0.239399000000002 8.14471626423075
0.239499000000002 8.15400696755536
0.239599000000001 8.14093613453687
0.239699000000002 8.17826775725877
0.239799000000002 8.18710950788651
0.239899000000002 8.17722985481663
0.239999000000001 8.18621494664361
0.240099000000002 8.19242571280289
0.240199000000002 8.19364593157701
0.240299000000002 8.1936076719542
0.240399000000002 8.17351976122992
0.240499000000002 8.17866587970678
0.240599000000002 8.17620397966066
0.240699000000001 8.2075555307468
0.240799000000002 8.23056506108912
0.240899000000002 8.21577392151796
0.240999000000002 8.24252605249789
0.241099000000002 8.28592729606286
0.241199000000002 8.30601330296881
0.241299000000002 8.32041868464212
0.241399000000002 8.33244529189529
0.241499000000002 8.34234493259696
0.241599000000002 8.33340899672392
0.241699000000002 8.33567753421779
0.241799000000002 8.35361910250859
0.241899000000002 8.351588724245
0.241999000000002 8.3960717245663
0.242099000000002 8.3927526563533
0.242199000000002 8.38581270677226
0.242299000000001 8.35976337492741
0.242399000000002 8.38497134639645
0.242499000000002 8.39372029007422
0.242599000000002 8.37314283049986
0.242699000000001 8.34887443922375
0.242799000000002 8.33532394570299
0.242899000000002 8.3279886080259
0.242999000000001 8.29568131215968
0.243099000000002 8.29852672941068
0.243199000000002 8.27787624106975
0.243299000000002 8.30307669401576
0.243399000000001 8.30529059498807
0.243499000000002 8.28328314383162
0.243599000000002 8.28727740872786
0.243699000000002 8.31852573393054
0.243799000000001 8.32776662706667
0.243899000000002 8.3392008522088
0.243999000000002 8.34593428400997
0.244099000000002 8.36661459678617
0.244199000000002 8.37463815728923
0.244299000000002 8.36789224267848
0.244399000000002 8.36361009173959
0.244499000000002 8.39066118316583
0.244599000000002 8.41244000183851
0.244699000000002 8.41595446553263
0.244799000000002 8.43008757953212
0.244899000000002 8.44521381489142
0.244999000000002 8.44846811489103
0.245099000000002 8.47756450133114
0.245199000000002 8.4506708930717
0.245299000000001 8.47472408037239
0.245399000000001 8.47966117507213
0.245499000000002 8.5088948204708
0.245599000000002 8.50183875993587
0.245699000000001 8.52195126232229
0.245799000000002 8.50175425468329
0.245899000000002 8.51098983017852
0.245999000000002 8.50501017307
0.246099000000001 8.48962770544906
0.246199000000002 8.51019970253038
0.246299000000002 8.51917565616713
0.246399000000002 8.56860074754185
0.246499000000001 8.57900645679166
0.246599000000002 8.57416882381598
0.246699000000002 8.56848495179671
0.246799000000002 8.57868511739179
0.246899000000002 8.60525296997831
0.246999000000002 8.5832731667616
0.247099000000002 8.56928006341728
0.247199000000002 8.55765767419249
0.247299000000002 8.538633161057
0.247399000000002 8.57446324600088
0.247499000000002 8.56237510066966
0.247599000000002 8.56304977099572
0.247699000000002 8.57807885569996
0.247799000000002 8.56376954065982
0.247899000000002 8.5768242118967
0.247999000000002 8.60204560342853
0.248099000000002 8.61318853081943
0.248199000000002 8.646192496709
0.248299000000002 8.65884207708163
0.248399000000002 8.66296090509315
0.248499000000002 8.69135384182591
0.248599000000002 8.66902774070429
0.248699000000002 8.69156945398851
0.248799000000001 8.71756562108084
0.248899000000002 8.75443555725658
0.248999000000002 8.77593368828513
0.249099000000002 8.7821332369259
0.249199000000001 8.76908981570649
0.249299000000002 8.79784356747678
0.249399000000002 8.80918090965075
0.249499000000001 8.82798588476745
0.249599000000002 8.80346979542916
0.249699000000002 8.80593144175497
0.249799000000002 8.79993889403861
0.249899000000001 8.78573316493019
0.249999000000002 8.80646262598489
0.250099000000002 8.78642879457565
0.250199000000002 8.77171242877174
0.250299000000002 8.75376137877963
0.250399000000002 8.7695989292669
0.250499000000002 8.72970541491949
0.250599000000002 8.74478236751353
0.250699000000002 8.71212249168233
0.250799000000002 8.71952401408534
0.250899000000002 8.71929906932569
0.250999000000002 8.74842630089048
0.251099000000002 8.73784253648546
0.251199000000002 8.73653130111406
0.251299000000002 8.76466561667611
0.251399000000002 8.7246628000453
0.251499000000001 8.7313506081903
0.251599000000002 8.71944141498057
0.251699000000002 8.72503865229354
0.251799000000001 8.7125846206344
0.251899000000001 8.67442118739232
0.251999000000002 8.63249042178858
0.252099000000002 8.59339483519996
0.252199000000001 8.58363991314621
0.252299000000002 8.56711420466047
0.252399000000002 8.57901031567197
0.252499000000002 8.55730366148202
0.252599000000001 8.52989599286441
0.252699000000002 8.5402069086916
0.252799000000002 8.5384283722297
0.252899000000002 8.50167171805949
0.252999000000001 8.49036309554136
0.253099000000002 8.45884563552402
0.253199000000002 8.49369025553574
0.253299000000002 8.44862535050681
0.253399000000002 8.41782745556244
0.253499000000002 8.39814562239818
0.253599000000002 8.37836688714244
0.253699000000002 8.36746910775231
0.253799000000002 8.34707755989107
0.253899000000002 8.34436838525797
0.253999000000002 8.34124267612104
0.254099000000002 8.32415627223287
0.254199000000002 8.31639869937433
0.254299000000002 8.28525196743126
0.254399000000002 8.25574355686424
0.254499000000002 8.19553323285288
0.254599000000002 8.18014117034178
0.254699000000002 8.13346827815627
0.254799000000002 8.12452567053868
0.254899000000001 8.06866055112852
0.254999000000002 8.06241847676688
0.255099000000002 8.01094805487132
0.255199000000002 7.96700495922641
0.255299000000001 7.94949776412155
0.255399000000002 7.93032829639192
0.255499000000002 7.90352086726064
0.255599000000002 7.88056209715588
0.255699000000001 7.84947096526473
0.255799000000002 7.82714847381034
0.255899000000002 7.8331899797743
0.255999000000002 7.80114701766078
0.256099000000002 7.82039486320308
0.256199000000002 7.74178664499534
0.256299000000002 7.7511017552656
0.256399000000001 7.71690634471374
0.256499000000002 7.71736951385234
0.256599000000002 7.68045241552605
0.256699000000002 7.66087804872547
0.256799000000002 7.65159343365508
0.256899000000002 7.62750314024095
0.256999000000002 7.59481421027278
0.257099000000002 7.54665584247451
0.257199000000002 7.5109460017689
0.257299000000002 7.40961208882692
0.257399000000002 7.38735816180357
0.257499000000002 7.32273377903061
0.257599000000002 7.28609839248014
0.257699000000002 7.23643883385749
0.257799000000002 7.19940887044958
0.257899000000002 7.18136163703051
0.257999000000001 7.12348998969343
0.258099000000002 7.08205502885331
0.258199000000002 7.00110635564689
0.258299000000001 6.94482051000778
0.258399000000001 6.93619761618292
0.258499000000002 6.89550206146949
0.258599000000002 6.86822445428567
0.258699000000002 6.7865966775446
0.258799000000002 6.74075771255614
0.258899000000002 6.70253635268167
0.258999000000002 6.65227076604014
0.259099000000001 6.60811445029856
0.259199000000002 6.59883973741988
0.259299000000002 6.51265407659086
0.259399000000002 6.51146146621389
0.259499000000002 6.48841251444316
0.259599000000002 6.4316775895383
0.259699000000002 6.40202316225686
0.259799000000002 6.30951997453202
0.259899000000002 6.30528376559308
0.259999000000002 6.21976839303217
0.260099000000002 6.16173603939706
0.260199000000002 6.09148824876648
0.260299000000002 6.02961073594182
0.260399000000002 5.94844656632423
0.260499000000002 5.86535613650795
0.260599000000002 5.7842145660933
0.260699000000002 5.65583026270738
0.260799000000002 5.58732733278802
0.260899000000002 5.48069126519279
0.260999000000001 5.35249326540454
0.261099000000002 5.22677975048147
0.261199000000002 5.0899740402678
0.261299000000002 4.95548361275546
0.261399000000001 4.78447056115113
0.261499000000002 4.64151509376557
0.261599000000002 4.50592131353867
0.261699000000002 4.34123436411494
0.261799000000001 4.16966917771479
0.261899000000002 4.00962917701522
0.261999000000002 3.83003689531812
0.262099000000002 3.65499881879576
0.262199000000001 3.4979581566756
0.262299000000002 3.2820957064981
0.262399000000002 3.10802363513045
0.262499000000002 2.94133494301159
0.262599000000002 2.79520290577226
0.262699000000002 2.61532273238065
0.262799000000002 2.41535337755841
0.262899000000002 2.24110742594121
0.262999000000002 2.04614128317485
0.263099000000002 1.85586763427024
0.263199000000002 1.70225328080619
0.263299000000002 1.50334394395162
0.263399000000002 1.32047330507987
0.263499000000002 1.15669229091647
0.263599000000002 1.01151492055013
0.263699000000002 0.852591842293703
0.263799000000002 0.700912153432822
0.263899000000002 0.554521711479823
0.263999000000002 0.389635012550923
0.264099000000001 0.224770584388724
0.264199000000002 0.0629962252755413
0.264299000000002 -0.064536788394101
0.264399000000002 -0.220865045088826
0.264499000000001 -0.357316533095226
0.264599000000002 -0.510765881071345
0.264699000000002 -0.704267814882723
0.264799000000002 -0.868013991297752
0.264899000000001 -1.01030015443306
0.264999000000002 -1.18122501429955
0.265099000000002 -1.34503189669341
0.265199000000002 -1.50939885185006
0.265299000000002 -1.65387020348104
0.265399000000002 -1.79116929142707
0.265499000000002 -1.95934769086132
0.265599000000001 -2.07866348596175
0.265699000000002 -2.21976608617352
0.265799000000002 -2.38269739980788
0.265899000000002 -2.50985395583245
0.265999000000002 -2.64434839353792
0.266099000000002 -2.76554214763648
0.266199000000002 -2.89711281245098
0.266299000000002 -3.01409038844383
0.266399000000002 -3.11322185795906
0.266499000000002 -3.19474224281784
0.266599000000002 -3.27244421565299
0.266699000000002 -3.33492683214424
0.266799000000002 -3.36548728155736
0.266899000000002 -3.3788678749514
0.266999000000002 -3.39363823948739
0.267099000000002 -3.38481955337544
0.267199000000002 -3.37356242645657
0.267299000000002 -3.37536365373403
0.267399000000002 -3.39026942223134
0.267499000000002 -3.38048024083014
0.267599000000001 -3.36053151397875
0.267699000000002 -3.32929371845118
0.267799000000002 -3.26471892824935
0.267899000000001 -3.21053545593285
0.267999000000002 -3.15570058087807
0.268099000000002 -3.09245912166386
0.268199000000002 -3.01060092032259
0.268299000000001 -2.91932964098126
0.268399000000002 -2.84905797692509
0.268499000000002 -2.70741421954669
0.268599000000002 -2.65004605982942
0.268699000000002 -2.57030903870659
0.268799000000002 -2.48459765458163
0.268899000000002 -2.33335746439893
0.268999000000002 -2.23607477671587
0.269099000000002 -2.15370970745748
0.269199000000002 -2.02250663101584
0.269299000000002 -1.89858503034433
0.269399000000001 -1.76925308988976
0.269499000000002 -1.63292441559973
0.269599000000002 -1.50648145270845
0.269699000000002 -1.37675252311194
0.269799000000002 -1.23705869242838
0.269899000000002 -1.07634271160365
0.269999000000002 -0.936873633570403
0.270099000000002 -0.770269936468121
0.270199000000002 -0.655181791168314
0.270299000000001 -0.472518341851529
0.270399000000002 -0.290881040944515
0.270499000000002 -0.120195269367776
0.270599000000001 0.0305881754062901
0.270699000000002 0.211902758029033
0.270799000000002 0.384767180759677
0.270899000000002 0.555617866050218
0.270999000000001 0.718422319498955
0.271099000000002 0.863893692520624
0.271199000000002 1.04803744974124
0.271299000000002 1.15143602884397
0.271399000000001 1.28999701514179
0.271499000000002 1.41640023664224
0.271599000000002 1.54437684776401
0.271699000000002 1.64086170094136
0.271799000000002 1.80273280287285
0.271899000000002 1.87736060386823
0.271999000000002 1.96114607007826
0.272099000000002 2.05996729310465
0.272199000000002 2.15104357305574
0.272299000000002 2.20921589769752
0.272399000000002 2.27085482335961
0.272499000000002 2.33341610693462
0.272599000000002 2.41411985570583
0.272699000000002 2.45291793634702
0.272799000000002 2.48666358857855
0.272899000000002 2.47466316753357
0.272999000000002 2.50766171501301
0.273099000000002 2.54523184096432
0.273199000000002 2.5545318827756
0.273299000000002 2.56425735780486
0.273399000000002 2.53658067365622
0.273499000000002 2.51163540641713
0.273599000000002 2.52214918464383
0.273699000000002 2.51658860153333
0.273799000000002 2.43523215864813
0.273899000000002 2.40725544288802
0.273999000000001 2.36218663374225
0.274099000000001 2.30675612143822
0.274199000000002 2.27396216780848
0.274299000000002 2.21125555407686
0.274399000000002 2.13640000905776
0.274499000000002 2.07525995975904
0.274599000000002 2.02452819013078
0.274699000000002 1.9627959797632
0.274799000000002 1.88508569035707
0.274899000000002 1.803071295001
0.274999000000002 1.72970452769892
0.275099000000002 1.61353889155662
0.275199000000002 1.54572776773483
0.275299000000002 1.45421237284196
0.275399000000002 1.37571012040854
0.275499000000002 1.32574538769026
0.275599000000002 1.19884301410357
0.275699000000002 1.1184649634125
0.275799000000002 0.999492720344643
0.275899000000002 0.880227318226004
0.275999000000002 0.775149649893962
0.276099000000002 0.658655597397373
0.276199000000002 0.567654454251284
0.276299000000002 0.492606988925752
0.276399000000002 0.393343466842413
0.276499000000002 0.286878306885594
0.276599000000002 0.173324425067651
0.276699000000002 0.0446606562506976
0.276799000000001 -0.0678469007114112
0.276899000000002 -0.207553103512441
0.276999000000002 -0.296448749411925
0.277099000000001 -0.432259040240027
0.277199000000002 -0.523934108774251
0.277299000000002 -0.635872717115896
0.277399000000002 -0.732625363507459
0.277499000000001 -0.835490552103161
0.277599000000002 -0.939645771462024
0.277699000000002 -1.03548730877516
0.277799000000002 -1.12069931976844
0.277899000000002 -1.21648576718842
0.277999000000002 -1.28211841068563
0.278099000000002 -1.35263734888741
0.278199000000002 -1.4339840955739
0.278299000000002 -1.48555355946251
0.278399000000002 -1.54815305346656
0.278499000000002 -1.59142441691841
0.278599000000002 -1.64647701737666
0.278699000000002 -1.6361308465782
0.278799000000002 -1.66370214568546
0.278899000000002 -1.70774995484564
0.278999000000002 -1.71400327438324
0.279099000000002 -1.74077817909783
0.279199000000002 -1.73901398509747
0.279299000000002 -1.7200920033901
0.279399000000002 -1.72972947932705
0.279499000000002 -1.73122078673052
0.279599000000002 -1.75050055660623
0.279699000000002 -1.73434599330448
0.279799000000002 -1.7223827058612
0.279899000000002 -1.72620520930196
0.279999000000002 -1.69773378678445
0.280099000000002 -1.67552550837032
0.280199000000001 -1.63816822938477
0.280299000000002 -1.63543380110301
0.280399000000002 -1.60648354781224
0.280499000000002 -1.58464617529768
0.280599000000002 -1.52908036263274
0.280699000000002 -1.51925048328418
0.280799000000002 -1.48167682417483
0.280899000000002 -1.44944573973531
0.280999000000002 -1.40941936250856
0.281099000000002 -1.33704692567519
0.281199000000002 -1.28833811836724
0.281299000000001 -1.19669876699807
0.281399000000002 -1.20324356745209
0.281499000000002 -1.08858098803285
0.281599000000002 -1.03911047604647
0.281699000000002 -0.99462802476972
0.281799000000002 -0.921719889983829
0.281899000000002 -0.869870294875584
0.281999000000002 -0.784548981928594
0.282099000000002 -0.698504720592679
0.282199000000002 -0.619213484459198
0.282299000000002 -0.533573735233363
0.282399000000002 -0.454328541078833
0.282499000000002 -0.398687528249873
0.282599000000002 -0.313635480847219
0.282699000000002 -0.268145306392522
0.282799000000002 -0.167937609621094
0.282899000000001 -0.112290222640998
0.282999000000002 -0.0466056567299362
0.283099000000002 0.0639088864121776
0.283199000000002 0.084608223830147
0.283299000000001 0.211837103860421
0.283399000000002 0.226584387839712
0.283499000000002 0.307128964682781
0.283599000000001 0.371832858443454
0.283699000000002 0.476691284072745
0.283799000000002 0.53476669876749
0.283899000000002 0.584037117509326
0.283999000000002 0.661017297057337
0.284099000000002 0.722835102627843
0.284199000000002 0.753423610461199
0.284299000000002 0.834053452494487
0.284399000000002 0.896265307889512
0.284499000000002 0.925502064898196
0.284599000000002 0.947189205585929
0.284699000000002 0.986182904571434
0.284799000000002 1.0148198647009
0.284899000000002 1.03391640939996
0.284999000000002 1.08262274213299
0.285099000000002 1.08606650127281
0.285199000000002 1.12535194983455
0.285299000000002 1.18222347761814
0.285399000000002 1.24290060358673
0.285499000000002 1.22645072981297
0.285599000000002 1.29606191319263
0.285699000000002 1.29494131110282
0.285799000000002 1.31922030663022
0.285899000000002 1.32495862857536
0.285999000000002 1.34128485419285
0.286099000000002 1.35952232831388
0.286199000000002 1.37955866106125
0.286299000000002 1.38828778878841
0.286399000000002 1.38775835607075
0.286499000000002 1.40287276807769
0.286599000000002 1.38527809061319
0.286699000000001 1.43922896847516
0.286799000000002 1.43338348871245
0.286899000000002 1.41990500534363
0.286999000000002 1.39890153452837
0.287099000000002 1.38061953516977
0.287199000000002 1.3609605077458
0.287299000000002 1.30752402569592
0.287399000000002 1.28269754496145
0.287499000000002 1.22427010756461
0.287599000000002 1.19999269001009
0.287699000000002 1.11483173455535
0.287799000000002 1.08811595140985
0.287899000000002 1.04741070400473
0.287999000000002 1.02839374964732
0.288099000000002 0.96874567737113
0.288199000000002 0.902566292903091
0.288299000000002 0.841543592054167
0.288399000000002 0.774230393403172
0.288499000000002 0.736940296876855
0.288599000000002 0.65340351202985
0.288699000000002 0.624520106661308
0.288799000000002 0.530936038199198
0.288899000000002 0.475935723472222
0.288999000000001 0.413976528415818
0.289099000000002 0.348656823288399
0.289199000000002 0.319029463423296
0.289299000000002 0.227547059749222
0.289399000000001 0.179239993270849
0.289499000000002 0.153230418636691
0.289599000000002 0.104259018600231
0.289699000000002 0.0736074282465488
0.289799000000002 -0.000516553328973561
0.289899000000002 -0.0703670559449888
0.289999000000002 -0.11613418949542
0.290099000000001 -0.187125775651407
0.290199000000002 -0.241287343424478
0.290299000000002 -0.298203963381364
0.290399000000002 -0.348811804847352
0.290499000000002 -0.407450949129248
0.290599000000002 -0.4757180786135
0.290699000000002 -0.514299822240269
0.290799000000002 -0.566936372263144
0.290899000000002 -0.609389504900866
0.290999000000002 -0.684253526275736
0.291099000000002 -0.72574703825271
0.291199000000002 -0.81652783508617
0.291299000000002 -0.853235162398562
0.291399000000002 -0.947602681807255
0.291499000000002 -0.960234639960652
0.291599000000002 -0.989922884508337
0.291699000000002 -1.05289108271503
0.291799000000002 -1.10898509410689
0.291899000000002 -1.16491407498707
0.291999000000002 -1.21867760453069
0.292099000000002 -1.2160375002342
0.292199000000002 -1.24833290293714
0.292299000000002 -1.29555152575588
0.292399000000002 -1.33295131874942
0.292499000000002 -1.3342809782656
0.292599000000002 -1.38987745152287
0.292699000000002 -1.39556396150059
0.292799000000001 -1.42792575759661
0.292899000000002 -1.45275152558216
0.292999000000002 -1.44028382269616
0.293099000000002 -1.43144698615332
0.293199000000001 -1.43463382031379
0.293299000000002 -1.45957912061943
0.293399000000002 -1.45724490796833
0.293499000000002 -1.44912631414617
0.293599000000002 -1.42573253106664
0.293699000000002 -1.39349038704986
0.293799000000002 -1.36939702405506
0.293899000000002 -1.36643408499165
0.293999000000002 -1.33261490531398
0.294099000000002 -1.2796771191828
0.294199000000002 -1.25411025987999
0.294299000000002 -1.20207754148562
0.294399000000002 -1.18491574421811
0.294499000000002 -1.1243687479542
0.294599000000002 -1.09404585218922
0.294699000000002 -1.02818157113013
0.294799000000002 -0.9833784252176
0.294899000000002 -0.912400656677515
0.294999000000002 -0.836278002538661
0.295099000000002 -0.824878107922626
0.295199000000001 -0.74982012260024
0.295299000000002 -0.708402827870462
0.295399000000002 -0.624698539960931
0.295499000000001 -0.529871784985758
0.295599000000002 -0.463549363230773
0.295699000000002 -0.382489787185014
0.295799000000002 -0.284510052732454
0.295899000000001 -0.204732676641639
0.295999000000002 -0.122197217009627
0.296099000000002 -0.0483187375435551
0.296199000000002 0.0327545115996785
0.296299000000002 0.104650578037636
0.296399000000002 0.188944704539035
0.296499000000002 0.271262115961759
0.296599000000002 0.361511724415872
0.296699000000002 0.450435885255383
0.296799000000002 0.531986127752173
0.296899000000002 0.598845609208187
0.296999000000002 0.659590793487036
0.297099000000002 0.763056350025738
0.297199000000002 0.821642925730126
0.297299000000002 0.903100629423882
0.297399000000002 0.98422585917452
0.297499000000002 1.04774733123913
0.297599000000002 1.11282427812559
0.297699000000002 1.1621120544791
0.297799000000002 1.23035833859214
0.297899000000002 1.29122894750856
0.297999000000002 1.32482929624517
0.298099000000002 1.38862589171259
0.298199000000002 1.43496951986345
0.298299000000002 1.49547248857986
0.298399000000002 1.5146864660117
0.298499000000002 1.57633343936638
0.298599000000002 1.59587645997558
0.298699000000002 1.60238948300325
0.298799000000002 1.64412494774525
0.298899000000002 1.65818332702897
0.298999000000002 1.65781487518606
0.299099000000002 1.69100534957923
0.299199000000002 1.69174280582902
0.299299000000002 1.69151710971299
0.299399000000002 1.72448860704116
0.299499000000002 1.69634840721518
0.299599000000002 1.71426755178048
0.299699000000001 1.70008996319453
0.299799000000002 1.65142738065915
0.299899000000002 1.64498930335085
0.299999000000002 1.57925394183995
0.300099000000002 1.5464462990157
0.300199000000002 1.48914050822905
0.300299000000002 1.42634128481675
0.300399000000002 1.39718722560194
0.300499000000002 1.32634654425549
0.300599000000002 1.28957592119392
0.300699000000002 1.23122690471145
0.300799000000002 1.19070093451425
0.300899000000002 1.12550413596279
0.300999000000002 1.06130461630543
0.301099000000002 0.992676280665231
0.301199000000002 0.906270226024897
0.301299000000001 0.812864569176653
0.301399000000002 0.718090025303654
0.301499000000002 0.6193188871635
0.301599000000002 0.507104699214863
0.301699000000001 0.416833223793227
0.301799000000002 0.344731851835486
0.301899000000002 0.244764433883091
0.301999000000001 0.173031032558035
0.302099000000002 0.0727585765983771
0.302199000000002 -0.0481724694959346
0.302299000000002 -0.124874620419119
0.302399000000001 -0.179810446284416
0.302499000000002 -0.275283825074129
0.302599000000002 -0.368001146543571
0.302699000000002 -0.462373630924102
0.302799000000002 -0.577836933225536
0.302899000000002 -0.680950201349048
0.302999000000002 -0.786165126648263
0.303099000000002 -0.858329026229128
0.303199000000002 -0.968578068068738
0.303299000000002 -1.04853852103774
0.303399000000002 -1.14024911872249
0.303499000000002 -1.24052941004038
0.303599000000002 -1.3187111499771
0.303699000000002 -1.42374715888806
0.303799000000002 -1.47539068512429
0.303899000000002 -1.56470006312713
0.303999000000002 -1.62668511141101
0.304099000000002 -1.65100556810187
0.304199000000002 -1.70569600006373
0.304299000000002 -1.75287929168763
0.304399000000002 -1.82940001694424
0.304499000000002 -1.90206102852774
0.304599000000002 -1.93028815066698
0.304699000000002 -1.94364780007427
0.304799000000002 -1.99587808422506
0.304899000000002 -1.97505198373353
0.304999000000002 -1.96047754828751
0.305099000000001 -1.98758455686158
0.305199000000002 -1.94743029364592
0.305299000000002 -1.95384362871768
0.305399000000002 -1.92410508986256
0.305499000000002 -1.92460327632921
0.305599000000002 -1.83439960202432
0.305699000000002 -1.80848942988481
0.305799000000001 -1.75619039266557
0.305899000000002 -1.69894601065218
0.305999000000002 -1.64866588482558
0.306099000000002 -1.59504494945779
0.306199000000002 -1.56587233241182
0.306299000000002 -1.49805451328446
0.306399000000002 -1.45669421018621
0.306499000000002 -1.34284803148921
0.306599000000002 -1.28571266688151
0.306699000000002 -1.22277896644189
0.306799000000002 -1.13916755606482
0.306899000000002 -1.05671384396609
0.306999000000002 -0.967245856657934
0.307099000000002 -0.880809163588167
0.307199000000002 -0.785646184833802
0.307299000000002 -0.692641488874526
0.307399000000001 -0.590690042801613
0.307499000000002 -0.488709613588246
0.307599000000002 -0.393450073346196
0.307699000000002 -0.277212026123418
0.307799000000001 -0.18191596135134
0.307899000000002 -0.0906138572573239
0.307999000000002 0.0483187118959781
0.308099000000002 0.16030538927197
0.308199000000002 0.296742197575853
0.308299000000002 0.417624135243409
0.308399000000002 0.51654485791059
0.308499000000001 0.637279113613942
0.308599000000002 0.732904561730424
0.308699000000002 0.822707950740369
0.308799000000002 0.944838511956507
0.308899000000002 1.01167409682693
0.308999000000002 1.15262916991281
0.309099000000002 1.23595326989214
0.309199000000002 1.36568183132286
0.309299000000002 1.41452919272391
0.309399000000002 1.49914874578674
0.309499000000002 1.56601753732929
0.309599000000002 1.65317280210655
0.309699000000002 1.73258736596442
0.309799000000002 1.79525028611051
0.309899000000002 1.86393065916777
0.309999000000002 1.90703676812513
0.310099000000002 1.9232109256591
0.310199000000002 1.93908588086709
0.310299000000002 1.94349757288903
0.310399000000002 1.95300737982429
0.310499000000002 1.98056142396901
0.310599000000002 2.01276228571085
0.310699000000002 2.01073718534579
0.310799000000002 2.03431574391844
0.310899000000002 1.97254579721551
0.310999000000002 1.97470741789448
0.311099000000002 1.92793844116337
0.311199000000002 1.92087621814538
0.311299000000002 1.92005620881424
0.311399000000002 1.88757145139057
0.311499000000002 1.87026598439294
0.311599000000001 1.8051218876755
0.311699000000002 1.76031359718197
0.311799000000002 1.72243513377184
0.311899000000002 1.6460044661396
0.311999000000002 1.61218222562721
0.312099000000002 1.52727027698641
0.312199000000002 1.44633805876016
0.312299000000002 1.36872608722696
0.312399000000002 1.28833035315645
0.312499000000002 1.19479251348913
0.312599000000002 1.08035321012533
0.312699000000002 1.01634532417995
0.312799000000002 0.905004408522486
0.312899000000002 0.84648233477126
0.312999000000002 0.746283021761501
0.313099000000002 0.678437234120878
0.313199000000002 0.566194692474729
0.313299000000002 0.47630863513647
0.313399000000002 0.378467348179223
0.313499000000002 0.257278296366488
0.313599000000002 0.11447013040328
0.313699000000002 -0.00327560194179176
0.313799000000002 -0.100598401464385
0.313899000000001 -0.197688473483186
0.313999000000002 -0.33794792792978
0.314099000000002 -0.449551562174483
0.314199000000002 -0.587925612763616
0.314299000000001 -0.684675379999902
0.314399000000002 -0.807785500531672
0.314499000000002 -0.887311084216993
0.314599000000002 -0.976405334845644
0.314699000000002 -1.08394918226101
0.314799000000002 -1.14699379580358
0.314899000000002 -1.25177210202545
0.314999000000002 -1.34317056649443
0.315099000000002 -1.42386681253902
0.315199000000002 -1.51959556531393
0.315299000000002 -1.62554820139253
0.315399000000002 -1.68864816827053
0.315499000000002 -1.74926736876824
0.315599000000002 -1.79089818830738
0.315699000000002 -1.82770536397894
0.315799000000002 -1.87101994283557
0.315899000000002 -1.89838497390168
0.315999000000002 -1.94029863943803
0.316099000000002 -1.91725497205364
0.316199000000002 -1.9426407219776
0.316299000000002 -1.94031099304694
0.316399000000002 -1.97877800290374
0.316499000000002 -1.95563168861884
0.316599000000002 -1.95860697226606
0.316699000000002 -1.95000635202675
0.316799000000002 -1.92032059848138
0.316899000000002 -1.91133851586678
0.316999000000002 -1.85854082975724
0.317099000000002 -1.83442109963969
0.317199000000002 -1.78646094849744
0.317299000000002 -1.7454722191661
0.317399000000002 -1.72892972883181
0.317499000000002 -1.66088407985496
0.317599000000002 -1.60658906830719
0.317699000000002 -1.54172180632048
0.317799000000002 -1.4921744450626
0.317899000000002 -1.40741270683186
0.317999000000002 -1.34887114897352
0.318099000000002 -1.25031976941171
0.318199000000002 -1.17746575117966
0.318299000000002 -1.09945226802234
0.318399000000002 -0.973603954084199
0.318499000000002 -0.90206228309646
0.318599000000002 -0.796641828594434
0.318699000000002 -0.698982044472325
0.318799000000002 -0.607230697672731
0.318899000000002 -0.509477758704821
0.318999000000002 -0.444784124523963
0.319099000000002 -0.322572542369881
0.319199000000002 -0.242113278712721
0.319299000000002 -0.098110491874235
0.319399000000002 -0.00577152619230508
0.319499000000002 0.101388427458673
0.319599000000002 0.208949483891419
0.319699000000002 0.32164664443937
0.319799000000002 0.453669792199489
0.319899000000002 0.547684467934207
0.319999000000001 0.681134468769217
0.320099000000002 0.740682163023041
0.320199000000002 0.868893875765048
0.320299000000002 0.950634778893643
0.320399000000001 1.01430999530504
0.320499000000002 1.12658333953431
0.320599000000002 1.20216884609994
0.320699000000002 1.27261866959432
0.320799000000001 1.35036411291633
0.320899000000002 1.38243590271376
0.320999000000002 1.43872933798395
0.321099000000002 1.49387296718308
0.321199000000002 1.51923606092595
0.321299000000002 1.57340359422681
0.321399000000002 1.61167176350186
0.321499000000002 1.66351848804702
0.321599000000002 1.69907998994056
0.321699000000002 1.7373361742677
0.321799000000002 1.76535357498121
0.321899000000002 1.77681286981501
0.321999000000002 1.77979958430504
0.322099000000002 1.79189004959813
0.322199000000002 1.75836083085824
0.322299000000002 1.74691690767354
0.322399000000002 1.74726408965006
0.322499000000002 1.6962317196602
0.322599000000002 1.70218132813302
0.322699000000002 1.69298734079908
0.322799000000002 1.65600975077099
0.322899000000002 1.62502543951868
0.322999000000002 1.59544840960765
0.323099000000002 1.57495898093319
0.323199000000002 1.51992225467871
0.323299000000002 1.49414977858609
0.323399000000002 1.422081159574
0.323499000000002 1.38357153123658
0.323599000000002 1.29706158408196
0.323699000000002 1.2319826217103
0.323799000000002 1.14997812117438
0.323899000000002 1.09004191657901
0.323999000000002 0.961946994001581
0.324099000000002 0.891450518173784
0.324199000000002 0.805417534511313
0.324299000000002 0.760975807062655
0.324399000000002 0.660099203630646
0.324499000000002 0.561258133097558
0.324599000000002 0.466354623037651
0.324699000000002 0.360016081413292
0.324799000000002 0.279844840690127
0.324899000000002 0.17561147238436
0.324999000000002 0.112803594427003
0.325099000000002 -0.000130894863097389
0.325199000000002 -0.106886527050102
0.325299000000002 -0.166385893575616
0.325399000000002 -0.261080558490907
0.325499000000002 -0.359447322591086
0.325599000000002 -0.439059987787461
0.325699000000002 -0.5342458360931
0.325799000000002 -0.587806096382097
0.325899000000002 -0.67794081751507
0.325999000000002 -0.764901895779459
0.326099000000002 -0.827259213748283
0.326199000000002 -0.89499497634798
0.326299000000002 -0.929115892538131
0.326399000000002 -1.00242367970461
0.326499000000001 -1.05284106280185
0.326599000000002 -1.09569679464756
0.326699000000002 -1.15778945601174
0.326799000000002 -1.17712610790498
0.326899000000001 -1.23810526740704
0.326999000000002 -1.27971222293848
0.327099000000002 -1.29709759486109
0.327199000000002 -1.32333606269166
0.327299000000002 -1.36690503756846
0.327399000000002 -1.41667592385282
0.327499000000002 -1.41187224318124
0.327599000000002 -1.44792933294099
0.327699000000002 -1.42363716872981
0.327799000000002 -1.43936304590855
0.327899000000002 -1.44066150567878
0.327999000000002 -1.46718161453386
0.328099000000002 -1.46082158348284
0.328199000000002 -1.44117855554075
0.328299000000002 -1.45242158633455
0.328399000000002 -1.42834346385645
0.328499000000002 -1.40004645640492
0.328599000000002 -1.40628122448886
0.328699000000002 -1.33108379079401
0.328799000000002 -1.31086755212382
0.328899000000002 -1.27538987034012
0.328999000000002 -1.24788178502301
0.329099000000002 -1.1708386688764
0.329199000000002 -1.15509858818975
0.329299000000002 -1.07655737856307
0.329399000000002 -1.04785676082054
0.329499000000002 -0.996310057827622
0.329599000000002 -0.951980846992301
0.329699000000002 -0.877005988754698
0.329799000000002 -0.827012302180415
0.329899000000002 -0.739574795943499
0.329999000000001 -0.658010293190369
0.330099000000002 -0.610555541590654
0.330199000000002 -0.550087625998199
0.330299000000002 -0.474658443314311
0.330399000000002 -0.405769215853893
0.330499000000002 -0.339196672576849
0.330599000000002 -0.24342170096521
0.330699000000002 -0.181839969467284
0.330799000000002 -0.101026475823812
0.330899000000002 -0.0500174486112438
0.330999000000002 0.0278338669061287
0.331099000000002 0.0938750578992758
0.331199000000002 0.169732441002921
0.331299000000002 0.237558642656808
0.331399000000002 0.309230305206061
0.331499000000002 0.367723030170248
0.331599000000002 0.423591008830321
0.331699000000002 0.490149223467346
0.331799000000002 0.523165131651675
0.331899000000002 0.612597054934421
0.331999000000002 0.634872360819711
0.332099000000002 0.685450498971162
0.332199000000002 0.733482895745534
0.332299000000002 0.785149152997442
0.332399000000002 0.8117560545986
0.332499000000002 0.861431258302833
0.332599000000002 0.920918698009655
0.332699000000002 0.974619154478479
0.332799000000002 0.9495373924413
0.332899000000002 1.03580403385685
0.332999000000002 1.03494871141158
0.333099000000002 1.06871434772978
0.333199000000002 1.10193273057643
0.333299000000002 1.09957186303068
0.333399000000001 1.13178948243143
0.333499000000002 1.15079858958949
0.333599000000002 1.16797898397933
0.333699000000002 1.16664887981844
0.333799000000002 1.16077924227852
0.333899000000002 1.15518083603015
0.333999000000002 1.14872991350363
0.334099000000002 1.1460256000215
0.334199000000002 1.14535694269616
0.334299000000002 1.12709662915889
0.334399000000002 1.10766779236505
0.334499000000002 1.07954388366566
0.334599000000002 1.05838830019921
0.334699000000002 1.04498057748043
0.334799000000002 1.00229729123274
0.334899000000002 0.941136442046824
0.334999000000002 0.885841053307168
0.335099000000002 0.855864226342591
0.335199000000002 0.808888548414758
0.335299000000002 0.781104315387783
0.335399000000002 0.749209168227495
0.335499000000002 0.719623532880383
0.335599000000002 0.665342976818261
0.335699000000002 0.631916122084477
0.335799000000002 0.562981112600129
0.335899000000002 0.536051625731984
0.335999000000002 0.459811394266992
0.336099000000002 0.437220765191991
0.336199000000002 0.382417695619255
0.336299000000002 0.36233603171922
0.336399000000002 0.32547421325118
0.336499000000002 0.29119855918908
0.336599000000002 0.234289197776514
0.336699000000002 0.19190103001988
0.336799000000002 0.156460433876751
0.336899000000002 0.0954112489262578
0.336999000000002 0.0436048251169597
0.337099000000002 -0.0137085984800607
0.337199000000002 -0.0494874249872139
0.337299000000002 -0.0797303466595915
0.337399000000002 -0.128550959098446
0.337499000000002 -0.168705379121188
0.337599000000002 -0.234799242397972
0.337699000000002 -0.279412218210395
0.337799000000002 -0.318132926341886
0.337899000000002 -0.378299324680865
0.337999000000002 -0.430624555449951
0.338099000000002 -0.471763423940644
0.338199000000002 -0.498793344228319
0.338299000000002 -0.549456500895946
0.338399000000002 -0.561954871123407
0.338499000000002 -0.599605560697199
0.338599000000002 -0.623680862794252
0.338699000000002 -0.635114660909128
0.338799000000002 -0.669231381431042
0.338899000000002 -0.729416850340938
0.338999000000002 -0.710440337582622
0.339099000000002 -0.739746780128317
0.339199000000001 -0.788114825590739
0.339299000000002 -0.803633007788266
0.339399000000002 -0.806239506231883
0.339499000000002 -0.840154974931107
0.339599000000002 -0.846704486298122
0.339699000000002 -0.842124851069045
0.339799000000002 -0.857573356725036
0.339899000000002 -0.867189987663876
0.339999000000002 -0.864462741336384
0.340099000000002 -0.8549525562248
0.340199000000002 -0.855140959154981
0.340299000000002 -0.889696432859125
0.340399000000002 -0.868783119398115
0.340499000000002 -0.852534871791278
0.340599000000002 -0.81825463847567
0.340699000000002 -0.781390033637257
0.340799000000002 -0.785035275106088
0.340899000000002 -0.739725916723689
0.340999000000002 -0.761243901218568
0.341099000000002 -0.718949421830804
0.341199000000002 -0.720817537227151
0.341299000000002 -0.679295081913236
0.341399000000002 -0.678896872254773
0.341499000000002 -0.663671292057667
0.341599000000002 -0.643513299697233
0.341699000000002 -0.621981621306839
0.341799000000002 -0.6175551100663
0.341899000000002 -0.578840198117665
0.341999000000002 -0.554859683246441
0.342099000000002 -0.519416727902951
0.342199000000002 -0.485918593510704
0.342299000000002 -0.450826943058114
0.342399000000002 -0.430211155415087
0.342499000000002 -0.394038964471458
0.342599000000001 -0.364750105345258
0.342699000000002 -0.339552336140162
0.342799000000002 -0.3147496272707
0.342899000000002 -0.284469300781657
0.342999000000002 -0.207545501332847
0.343099000000002 -0.180100632787592
0.343199000000002 -0.122507244695826
0.343299000000002 -0.0784653256777517
0.343399000000002 -0.0355847410797171
0.343499000000002 -0.0327721661411937
0.343599000000002 0.0313111219141648
0.343699000000002 0.0603412350733068
0.343799000000002 0.110777473295076
0.343899000000002 0.115212960378548
0.343999000000002 0.173425494146751
0.344099000000002 0.201777382586855
0.344199000000002 0.204926812338755
0.344299000000002 0.240491391653957
0.344399000000002 0.273701532804501
0.344499000000002 0.333394291139492
0.344599000000002 0.335606006012639
0.344699000000002 0.377380583712081
0.344799000000002 0.399953824946207
0.344899000000002 0.453890960098151
0.344999000000002 0.465670986367385
0.345099000000002 0.495748035608992
0.345199000000002 0.533793537740608
0.345299000000001 0.542947726769783
0.345399000000002 0.562773408424306
0.345499000000002 0.588296201453682
0.345599000000002 0.629477003819622
0.345699000000002 0.640215791899294
0.345799000000002 0.672939718009332
0.345899000000002 0.688229939683644
0.345999000000002 0.720949694822629
0.346099000000002 0.720457587348947
0.346199000000002 0.750626348124755
0.346299000000002 0.742269248713978
0.346399000000002 0.753559509949246
0.346499000000002 0.747141804414457
0.346599000000002 0.784258208034212
0.346699000000002 0.755783179343751
0.346799000000002 0.805024965852692
0.346899000000002 0.777258440413442
0.346999000000002 0.801706310385237
0.347099000000002 0.82141752569958
0.347199000000002 0.82363136624458
0.347299000000002 0.842408153102822
0.347399000000002 0.810947385919844
0.347499000000002 0.807697150334788
0.347599000000002 0.782615939872932
0.347699000000002 0.796680684474718
0.347799000000002 0.768794807966571
0.347899000000002 0.753455734405895
0.347999000000002 0.728206995745195
0.348099000000002 0.717081084670115
0.348199000000002 0.688306865733342
0.348299000000002 0.682966156516919
0.348399000000002 0.667205191730122
0.348499000000002 0.648160800673601
0.348599000000002 0.603316147676144
0.348699000000002 0.545951492229533
0.348799000000002 0.524395163381914
0.348899000000002 0.478341686333523
0.348999000000002 0.438940696603189
0.349099000000002 0.392587235097999
0.349199000000002 0.382500851804764
0.349299000000002 0.331123790013353
0.349399000000002 0.308155266069296
0.349499000000002 0.276439062274483
0.349599000000002 0.266577834821872
0.349699000000002 0.227506808799672
0.349799000000002 0.165343629554011
0.349899000000002 0.102089563891828
0.349999000000002 0.0528906934669157
0.350099000000002 0.00684809166687461
0.350199000000002 -0.0245269993418471
0.350299000000002 -0.0774322195779988
0.350399000000002 -0.103350670876635
0.350499000000002 -0.155303381185548
0.350599000000002 -0.195054559079259
0.350699000000002 -0.25564827927562
0.350799000000002 -0.294850555263855
0.350899000000002 -0.328000528881493
0.350999000000002 -0.398854275256443
0.351099000000002 -0.436626324280702
0.351199000000002 -0.521409879270201
0.351299000000002 -0.528395891017714
0.351399000000002 -0.608081534750627
0.351499000000002 -0.631994059162041
0.351599000000002 -0.702140046125448
0.351699000000002 -0.738135919140075
0.351799000000001 -0.762654277988952
0.351899000000002 -0.784652408284378
0.351999000000002 -0.818346258462298
0.352099000000002 -0.832089285741595
0.352199000000002 -0.861566202977378
0.352299000000002 -0.876836652394734
0.352399000000002 -0.883227204576731
0.352499000000002 -0.932499164778077
0.352599000000002 -0.961230230748142
0.352699000000002 -0.976221751572563
0.352799000000002 -1.00221980253556
0.352899000000002 -1.034427327038
0.352999000000002 -1.03795935271447
0.353099000000002 -1.02929701984749
0.353199000000002 -1.04246120277339
0.353299000000002 -1.03476971771453
0.353399000000002 -1.03345952874955
0.353499000000002 -0.98748071863166
0.353599000000002 -1.0121281995934
0.353699000000002 -0.976063813549052
0.353799000000002 -1.00113723112371
0.353899000000002 -0.979614770074552
0.353999000000002 -0.961445263929806
0.354099000000002 -0.948918560556677
0.354199000000002 -0.921700815379083
0.354299000000002 -0.905936226620367
0.354399000000002 -0.880932208674132
0.354499000000002 -0.844605423108243
0.354599000000002 -0.753554006103729
0.354699000000002 -0.724840589686627
0.354799000000002 -0.699044551805478
0.354899000000002 -0.648425161319136
0.354999000000002 -0.630098855231809
0.355099000000002 -0.562288806228574
0.355199000000002 -0.501353771236229
0.355299000000002 -0.449885346930855
0.355399000000002 -0.409508483587426
0.355499000000002 -0.368395235932095
0.355599000000002 -0.314816152369711
0.355699000000002 -0.278921222588346
0.355799000000002 -0.201150014649343
0.355899000000002 -0.179454327489156
0.355999000000002 -0.111992952187866
0.356099000000002 -0.0574154313636644
0.356199000000002 -0.000303528630790511
0.356299000000002 0.0850723255388737
0.356399000000002 0.142760943009933
0.356499000000002 0.228706534891256
0.356599000000002 0.255595384338948
0.356699000000002 0.354677399023809
0.356799000000002 0.38621076933517
0.356899000000002 0.463916921648196
0.356999000000002 0.510714286604734
0.357099000000002 0.569673334062676
0.357199000000002 0.628141421737391
0.357299000000002 0.704273922553158
0.357399000000002 0.750188958451245
0.357499000000002 0.787747936316463
0.357599000000001 0.853729667902939
0.357699000000002 0.858020083437296
0.357799000000002 0.956903395716256
0.357899000000002 0.969658096231847
0.357999000000002 1.0354598479515
0.358099000000002 1.06644495432293
0.358199000000002 1.1187008833589
0.358299000000002 1.13897299179312
0.358399000000002 1.16477461158168
0.358499000000002 1.18097521993922
0.358599000000002 1.18694418889299
0.358699000000002 1.19466121218655
0.358799000000002 1.19730962505342
0.358899000000002 1.23567841745983
0.358999000000002 1.23278071896087
0.359099000000002 1.2400833617544
0.359199000000002 1.25105161475248
0.359299000000002 1.24070733031079
0.359399000000002 1.22464623564987
0.359499000000002 1.23830767121606
0.359599000000002 1.20256241641015
0.359699000000002 1.18873817869266
0.359799000000002 1.13546599685309
0.359899000000002 1.11594904021629
0.359999000000002 1.10953134668166
0.360099000000002 1.05422452868025
0.360199000000002 1.02597611045798
0.360299000000002 0.989846888426152
0.360399000000002 0.925880727906214
0.360499000000002 0.897280213831745
0.360599000000002 0.820199923309143
0.360699000000002 0.792466310176437
0.360799000000002 0.728859541812882
0.360899000000002 0.677972743453174
0.360999000000002 0.608868888082353
0.361099000000002 0.533320570073184
0.361199000000002 0.479920371586658
0.361299000000002 0.39535033354962
0.361399000000002 0.360889169077272
0.361499000000002 0.299652744675554
0.361599000000002 0.261330652625407
0.361699000000002 0.158161128680596
0.361799000000002 0.124136893067663
0.361899000000002 0.0628005612957467
0.361999000000002 -0.0147503325345021
0.362099000000002 -0.0941000639485662
0.362199000000002 -0.165620164945332
0.362299000000002 -0.241077650522248
0.362399000000002 -0.292818118962858
0.362499000000002 -0.39302787973408
0.362599000000002 -0.454938489422443
0.362699000000002 -0.532470289414141
0.362799000000002 -0.610288954551443
0.362899000000002 -0.676515601222461
0.362999000000002 -0.725762539270163
0.363099000000002 -0.814839385662803
0.363199000000002 -0.875729496657874
0.363299000000002 -0.872381312758003
0.363399000000002 -0.943868869019968
0.363499000000002 -1.01167817317042
0.363599000000002 -1.07271974165231
0.363699000000001 -1.11718182811499
0.363799000000002 -1.1319996869695
0.363899000000002 -1.19639017660407
0.363999000000002 -1.20240685834452
0.364099000000002 -1.26626297247945
0.364199000000002 -1.28092370327264
0.364299000000002 -1.34059830670732
0.364399000000002 -1.35290192752946
0.364499000000002 -1.39473497341722
0.364599000000002 -1.39947213629913
0.364699000000002 -1.39060908538035
0.364799000000002 -1.38081268493773
0.364899000000002 -1.37757071633051
0.364999000000002 -1.35039105925687
0.365099000000002 -1.33967719473356
0.365199000000002 -1.3159213685004
0.365299000000002 -1.29571398918731
0.365399000000002 -1.28742796023015
0.365499000000002 -1.26013278155333
0.365599000000002 -1.25044999913836
0.365699000000002 -1.20295230094291
0.365799000000002 -1.18383659770325
0.365899000000002 -1.14080139518409
0.365999000000002 -1.10196205931112
0.366099000000002 -1.08548279478675
0.366199000000002 -1.03358220548124
0.366299000000002 -0.993425121694197
0.366399000000002 -0.922525291991383
0.366499000000002 -0.845724310522452
0.366599000000002 -0.767877453009804
0.366699000000002 -0.719901311415234
0.366799000000002 -0.61620402264339
0.366899000000002 -0.562487514052265
0.366999000000002 -0.51990398758043
0.367099000000002 -0.454842103382545
0.367199000000002 -0.357506264641588
0.367299000000002 -0.296197144541393
0.367399000000002 -0.193932738526
0.367499000000002 -0.108905250241342
0.367599000000002 -0.0333999857663578
0.367699000000002 0.0481918362287817
0.367799000000002 0.135339656100446
0.367899000000002 0.251276727263757
0.367999000000002 0.319652045307379
0.368099000000002 0.393485257215561
0.368199000000002 0.472478065020737
0.368299000000002 0.538441213347678
0.368399000000002 0.627882319802751
0.368499000000002 0.66508201770871
0.368599000000002 0.760146864051517
0.368699000000002 0.822674982794366
0.368799000000002 0.901938982784773
0.368899000000002 0.945002731795938
0.368999000000002 0.992981316639204
0.369099000000002 1.06855933440762
0.369199000000002 1.11627829226123
0.369299000000002 1.16749470500039
0.369399000000002 1.17901434105609
0.369499000000002 1.22995314397996
0.369599000000002 1.218036780708
0.369699000000002 1.24772495449585
0.369799000000002 1.27169313538909
0.369899000000002 1.32660001946718
0.369999000000002 1.32598759724024
0.370099000000002 1.35101581427076
0.370199000000001 1.35692947284783
0.370299000000002 1.37995444239621
0.370399000000002 1.38248793379455
0.370499000000002 1.34551546061072
0.370599000000002 1.35934586305841
0.370699000000002 1.32521018125209
0.370799000000002 1.33119687040298
0.370899000000002 1.31414726685514
0.370999000000002 1.32138892918322
0.371099000000002 1.28906763357742
0.371199000000002 1.26115971077128
0.371299000000002 1.21987054199741
0.371399000000002 1.18480098145333
0.371499000000002 1.15622427483996
0.371599000000002 1.13148847601591
0.371699000000002 1.08751268451103
0.371799000000002 1.01962828561516
0.371899000000002 1.017449022851
0.371999000000002 0.916557741224752
0.372099000000002 0.883886910229012
0.372199000000002 0.795154373908568
0.372299000000002 0.750302595393562
0.372399000000002 0.682750082903321
0.372499000000002 0.597642599395191
0.372599000000002 0.542839026724658
0.372699000000002 0.466712494508223
0.372799000000002 0.387775399770528
0.372899000000002 0.31371615720268
0.372999000000002 0.235055439906853
0.373099000000002 0.137482660954248
0.373199000000002 0.0954978168015944
0.373299000000002 -0.0196844427970546
0.373399000000002 -0.0443439976594242
0.373499000000002 -0.16108446098474
0.373599000000002 -0.217506526233755
0.373699000000002 -0.312311507256061
0.373799000000002 -0.392546083070625
0.373899000000002 -0.47488653039934
0.373999000000002 -0.546488732780083
0.374099000000002 -0.593312015135846
0.374199000000002 -0.677398416215339
0.374299000000002 -0.735105734513657
0.374399000000002 -0.803619121148393
0.374499000000002 -0.867137251912257
0.374599000000002 -0.896484445765192
0.374699000000002 -0.964586374446013
0.374799000000002 -0.984948330492199
0.374899000000002 -1.04907289902978
0.374999000000002 -1.08305274263507
0.375099000000002 -1.1487225391074
0.375199000000002 -1.16720919431688
0.375299000000002 -1.16817952327207
0.375399000000002 -1.17440220176628
0.375499000000002 -1.19758847629742
0.375599000000002 -1.24465613245877
0.375699000000002 -1.25644275062016
0.375799000000002 -1.29339656414248
0.375899000000002 -1.30235172845152
0.375999000000002 -1.30300948857125
0.376099000000002 -1.34177539925989
0.376199000000002 -1.2961113389247
0.376299000000002 -1.32362616525947
0.376399000000002 -1.2910021571386
0.376499000000002 -1.28743050359534
0.376599000000002 -1.27092002723044
0.376699000000002 -1.21038990922274
0.376799000000002 -1.21733208123538
0.376899000000002 -1.17533296642059
0.376999000000002 -1.14355431764265
0.377099000000002 -1.10248689871175
0.377199000000002 -1.09146294439026
0.377299000000002 -1.02638594384878
0.377399000000002 -1.00501528217825
0.377499000000002 -0.939256213521546
0.377599000000002 -0.875444384139105
0.377699000000002 -0.804563812317534
0.377799000000002 -0.735336664587135
0.377899000000002 -0.6957046805096
0.377999000000002 -0.637902099016021
0.378099000000002 -0.585204218825431
0.378199000000002 -0.505903876432707
0.378299000000002 -0.437891586811103
0.378399000000002 -0.380350139984986
0.378499000000002 -0.308006453240175
0.378599000000002 -0.234307738100466
0.378699000000002 -0.193481184310221
0.378799000000002 -0.12070969128883
0.378899000000002 -0.064450598933035
0.378999000000002 0.0138997920480186
0.379099000000002 0.104612131374861
0.379199000000002 0.172157855802194
0.379299000000002 0.224388087069097
0.379399000000002 0.297453054383031
0.379499000000002 0.364099176597467
0.379599000000002 0.423987603671782
0.379699000000002 0.470988168596245
0.379799000000002 0.529306944274454
0.379899000000002 0.594715260834655
0.379999000000002 0.620991760669553
0.380099000000002 0.677827748873302
0.380199000000002 0.752314907507246
0.380299000000002 0.820512474141915
0.380399000000002 0.848855512350226
0.380499000000002 0.925835550997565
0.380599000000002 0.923476981942534
0.380699000000002 0.982302558043193
0.380799000000002 0.990599464576553
0.380899000000002 1.04173230333388
0.380999000000002 1.06030487955986
0.381099000000002 1.07187277410907
0.381199000000002 1.11798182133828
0.381299000000002 1.11510996681833
0.381399000000002 1.12049586881969
0.381499000000002 1.11645581480095
0.381599000000002 1.13069161871593
0.381699000000002 1.12637596049967
0.381799000000002 1.11491494424764
0.381899000000002 1.12819143008125
0.381999000000002 1.11866380343657
0.382099000000002 1.09261084724153
0.382199000000002 1.09725091054126
0.382299000000002 1.08817314409843
0.382399000000002 1.04615603155016
0.382499000000002 1.02115377794637
0.382599000000002 1.02037726562871
0.382699000000002 0.962637160484344
0.382799000000001 0.95943081499558
0.382899000000002 0.91921363312468
0.382999000000002 0.859916579615691
0.383099000000002 0.834311041858673
0.383199000000002 0.762982055234879
0.383299000000002 0.718061293436321
0.383399000000002 0.670231999309644
0.383499000000002 0.631813475590314
0.383599000000002 0.574983557877215
0.383699000000002 0.527550177814478
0.383799000000002 0.494300206787197
0.383899000000002 0.439609685420888
0.383999000000002 0.384239612397017
0.384099000000002 0.2977787185616
0.384199000000002 0.257173719555058
0.384299000000002 0.217296610060887
0.384399000000002 0.136602076050068
0.384499000000002 0.0804104020687802
0.384599000000002 0.0397457281647727
0.384699000000002 -0.0109789282466412
0.384799000000002 -0.0770882758035448
0.384899000000002 -0.152156177862242
0.384999000000002 -0.199147381700367
0.385099000000002 -0.213254908301349
0.385199000000002 -0.288186332519462
0.385299000000002 -0.316178072311532
0.385399000000002 -0.363825924495555
0.385499000000002 -0.444076960509232
0.385599000000002 -0.45879918518003
0.385699000000002 -0.542077588678354
0.385799000000002 -0.556518484855894
0.385899000000002 -0.588432778775993
0.385999000000002 -0.602548998786606
0.386099000000002 -0.619127672791509
0.386199000000002 -0.670740343525429
0.386299000000002 -0.672447314887897
0.386399000000002 -0.70523671492664
0.386499000000002 -0.739057405705512
0.386599000000002 -0.729372671997129
0.386699000000002 -0.79672523559747
0.386799000000002 -0.829551959136696
0.386899000000002 -0.83674160253099
0.386999000000002 -0.845900933445629
0.387099000000002 -0.870073977758485
0.387199000000002 -0.883207930251902
0.387299000000002 -0.870154766381868
0.387399000000002 -0.895599895758812
0.387499000000002 -0.891014624348333
0.387599000000002 -0.89400892260242
0.387699000000002 -0.853404161982601
0.387799000000002 -0.874731833267353
0.387899000000002 -0.874975823458247
0.387999000000002 -0.842922183759014
0.388099000000002 -0.835257483428182
0.388199000000002 -0.814249274340179
0.388299000000002 -0.787764167071556
0.388399000000002 -0.776653126372825
0.388499000000002 -0.735158944823233
0.388599000000002 -0.704798323850756
0.388699000000002 -0.691257173481215
0.388799000000002 -0.639200343176363
0.388899000000002 -0.598032248930465
0.388999000000002 -0.579623140160216
0.389099000000002 -0.556318306687995
0.389199000000002 -0.502653228654386
0.389299000000002 -0.495982822370985
0.389399000000002 -0.42025310944856
0.389499000000002 -0.404285545772764
0.389599000000002 -0.372461098620816
0.389699000000002 -0.368762315984532
0.389799000000002 -0.34301921699819
0.389899000000002 -0.292259417058652
0.389999000000002 -0.225898403987319
0.390099000000002 -0.18016206397061
0.390199000000002 -0.162342556409293
0.390299000000002 -0.137125866986194
0.390399000000002 -0.0946787369861384
0.390499000000002 -0.0559790560932102
0.390599000000002 -0.0467608925077439
0.390699000000002 0.0154929233548667
0.390799000000002 0.0567784262516778
0.390899000000002 0.0907846734519249
0.390999000000002 0.136421419833722
0.391099000000002 0.158945201342283
0.391199000000002 0.173341416612979
0.391299000000002 0.208950516154906
0.391399000000002 0.26802270578037
0.391499000000002 0.295006977500025
0.391599000000002 0.325082808632763
0.391699000000002 0.369757641447386
0.391799000000002 0.405637733117192
0.391899000000002 0.459560647855722
0.391999000000002 0.460366723120224
0.392099000000002 0.503998210839839
0.392199000000002 0.496356683983246
0.392299000000002 0.530000203595724
0.392399000000002 0.551072588793075
0.392499000000002 0.583854802263159
0.392599000000002 0.583951018598008
0.392699000000002 0.651174962319267
0.392799000000002 0.631976733537691
0.392899000000002 0.651741743863442
0.392999000000002 0.665928378780874
0.393099000000002 0.64965972144569
0.393199000000002 0.630097389085817
0.393299000000002 0.629419246804933
0.393399000000002 0.653531743732641
0.393499000000002 0.627167797750627
0.393599000000002 0.635181938804547
0.393699000000002 0.634407952367102
0.393799000000002 0.629853865214916
0.393899000000002 0.590540101721724
0.393999000000002 0.590088920456995
0.394099000000002 0.596532425506436
0.394199000000002 0.573000179051897
0.394299000000002 0.56178598673007
0.394399000000002 0.559251679264422
0.394499000000002 0.537334011657698
0.394599000000002 0.515533629271501
0.394699000000002 0.511577615054156
0.394799000000002 0.486683887093066
0.394899000000002 0.489146323048042
0.394999000000002 0.502753983626675
0.395099000000002 0.46955236668263
0.395199000000002 0.425694051378995
0.395299000000002 0.433000895773775
0.395399000000002 0.384750034086638
0.395499000000002 0.328295019381947
0.395599000000002 0.344806041613793
0.395699000000002 0.301565147917269
0.395799000000002 0.277803071570263
0.395899000000002 0.251577019817056
0.395999000000002 0.233975469344294
0.396099000000002 0.241037535201751
0.396199000000002 0.161887424103703
0.396299000000002 0.147453434892316
0.396399000000002 0.135542962430192
0.396499000000002 0.141857161538066
0.396599000000002 0.0947670831948414
0.396699000000002 0.0763400259094297
0.396799000000002 0.0407455197266607
0.396899000000002 0.00181235572662675
0.396999000000002 -0.0265696661315733
0.397099000000002 -0.0676531045120097
0.397199000000002 -0.0874957204334336
0.397299000000002 -0.0761303945073423
0.397399000000002 -0.126391513056451
0.397499000000002 -0.136828723673487
0.397599000000002 -0.149903767229399
0.397699000000002 -0.170678713606075
0.397799000000002 -0.216928666829137
0.397899000000002 -0.225155616546705
0.397999000000002 -0.264240720820801
0.398099000000002 -0.288393592560944
0.398199000000002 -0.304859552270608
0.398299000000002 -0.328205424022215
0.398399000000002 -0.321418301480066
0.398499000000002 -0.326018244765938
0.398599000000002 -0.325301157154568
0.398699000000002 -0.346438205486694
0.398799000000002 -0.382471661770532
0.398899000000002 -0.376172927345348
0.398999000000002 -0.399354150329488
0.399099000000002 -0.442400479676174
0.399199000000002 -0.433861351133919
0.399299000000002 -0.471387181795825
0.399399000000002 -0.455856097008746
0.399499000000002 -0.475411941789889
0.399599000000002 -0.466956779117398
0.399699000000002 -0.480528893484964
0.399799000000002 -0.469618712223716
0.399899000000002 -0.486633540208731
0.399999000000002 -0.488881884490185
0.400099000000002 -0.516939709412541
0.400199000000002 -0.513513207029612
0.400299000000002 -0.500055045854795
0.400399000000002 -0.531848733709332
0.400499000000002 -0.538261417368976
0.400599000000002 -0.541632039447326
0.400699000000002 -0.53169043992598
0.400799000000002 -0.538642770290666
0.400899000000002 -0.524832264308003
0.400999000000002 -0.528662766386257
0.401099000000002 -0.500715887497367
0.401199000000002 -0.517139355460885
0.401299000000002 -0.454028062544368
0.401399000000002 -0.452332657503218
0.401499000000002 -0.444484912982667
0.401599000000002 -0.425511947801841
0.401699000000002 -0.408237539916037
0.401799000000002 -0.400567747194091
0.401899000000002 -0.371970053506278
0.401999000000002 -0.383910580921873
0.402099000000002 -0.340254182282233
0.402199000000002 -0.304373474996632
0.402299000000002 -0.306262250536999
0.402399000000002 -0.301820242563674
0.402499000000002 -0.298920605974452
0.402599000000002 -0.26405935539301
0.402699000000002 -0.245097460502089
0.402799000000002 -0.214738534638505
0.402899000000002 -0.201440780938937
0.402999000000002 -0.17170007294655
0.403099000000002 -0.146341520555496
0.403199000000002 -0.145199911622177
0.403299000000002 -0.116011905876832
0.403399000000002 -0.0706567819018796
0.403499000000002 -0.050931519347034
0.403599000000002 -0.0439136987097926
0.403699000000002 0.00800081447044263
0.403799000000002 0.0313138666164367
0.403899000000002 0.0641033633623445
0.403999000000002 0.0874812664160368
0.404099000000002 0.0965341806033064
0.404199000000002 0.141666977857068
0.404299000000002 0.126320596528821
0.404399000000002 0.178707091412935
0.404499000000002 0.21060027599159
0.404599000000002 0.241202407644084
0.404699000000002 0.263944530913879
0.404799000000002 0.284974398800459
0.404899000000002 0.307836804516921
0.404999000000002 0.350800120684165
0.405099000000002 0.373928500722469
0.405199000000002 0.367655274227217
0.405299000000002 0.394129796216481
0.405399000000002 0.4054154448992
0.405499000000002 0.424031499675549
0.405599000000002 0.444535719501799
0.405699000000002 0.471285486062225
0.405799000000002 0.483334543648644
0.405899000000002 0.509115216638938
0.405999000000002 0.552252770435519
0.406099000000002 0.566236564935598
0.406199000000002 0.595274904658589
0.406299000000002 0.612211286193008
0.406399000000002 0.619142015447333
0.406499000000002 0.610091876004737
0.406599000000002 0.632601989834088
0.406699000000002 0.632037358966829
0.406799000000002 0.637410307041069
0.406899000000002 0.6319831989273
0.406999000000002 0.634349323854535
0.407099000000002 0.601289146982665
0.407199000000002 0.642645610334674
0.407299000000002 0.629450940131238
0.407399000000002 0.651326992192601
0.407499000000002 0.637991287283369
0.407599000000002 0.613714218128128
0.407699000000002 0.643101317984878
0.407799000000002 0.611646750682271
0.407899000000002 0.60657356236182
0.407999000000002 0.565571722589103
0.408099000000002 0.596459361891403
0.408199000000002 0.542750918967076
0.408299000000002 0.532894170814404
0.408399000000002 0.509173315646189
0.408499000000002 0.494980214939558
0.408599000000002 0.463660968510464
0.408699000000002 0.438033337720105
0.408799000000002 0.41227175825604
0.408899000000002 0.358714390955632
0.408999000000002 0.344053138557334
0.409099000000002 0.321382053414353
0.409199000000002 0.291693104411662
0.409299000000002 0.23742862772175
0.409399000000002 0.212952650255609
0.409499000000002 0.147376064810067
0.409599000000002 0.126304678245039
0.409699000000002 0.0983073531310867
0.409799000000002 0.0474815944976981
0.409899000000002 0.0179989432701856
0.409999000000002 -0.0286859268026104
0.410099000000002 -0.0621477794018863
0.410199000000002 -0.0975094388327394
0.410299000000002 -0.146351361281152
0.410399000000002 -0.187953075532749
0.410499000000002 -0.221891645825825
0.410599000000002 -0.262900257436636
0.410699000000002 -0.299845600292125
0.410799000000002 -0.339612046073944
0.410899000000002 -0.362710656628505
0.410999000000002 -0.406931762666806
0.411099000000002 -0.460088410473277
0.411199000000002 -0.480027407233535
0.411299000000002 -0.537497925847688
0.411399000000002 -0.568269388331733
0.411499000000002 -0.606724171978088
0.411599000000002 -0.632808085608361
0.411699000000002 -0.63412818383404
0.411799000000002 -0.648466672297785
0.411899000000002 -0.66736995901663
0.411999000000002 -0.706051899249259
0.412099000000002 -0.751734037701025
0.412199000000002 -0.750284806857007
0.412299000000002 -0.772445218901329
0.412399000000002 -0.800914276181811
0.412499000000002 -0.826951023443874
0.412599000000002 -0.835338700443813
0.412699000000002 -0.837534557374196
0.412799000000002 -0.853498804949373
0.412899000000002 -0.863048476711422
0.412999000000002 -0.874469810024243
0.413099000000002 -0.826050548861072
0.413199000000002 -0.850673040646693
0.413299000000002 -0.818559252863041
0.413399000000002 -0.81836437966427
0.413499000000002 -0.785967681491209
0.413599000000002 -0.770473879272501
0.413699000000002 -0.771322060063238
0.413799000000002 -0.740398329924454
0.413899000000002 -0.738274255674083
0.413999000000002 -0.716643612739
0.414099000000002 -0.663529284343909
0.414199000000002 -0.688583139976421
0.414299000000002 -0.634863098810963
0.414399000000002 -0.641905551794476
0.414499000000002 -0.560929945624194
0.414599000000002 -0.531939600631156
0.414699000000002 -0.501960277660295
0.414799000000002 -0.446938767880868
0.414899000000002 -0.402744380667594
0.414999000000002 -0.362936429993557
0.415099000000002 -0.336361806859465
0.415199000000002 -0.279917090599921
0.415299000000002 -0.232022054950605
0.415399000000002 -0.185070865981566
0.415499000000002 -0.145728187894704
0.415599000000002 -0.123133294751243
0.415699000000002 -0.052070139676311
0.415799000000002 -0.000898978762742827
0.415899000000002 0.0418468416737732
0.415999000000002 0.0850134033413864
0.416099000000002 0.156113456039928
0.416199000000002 0.214766921277919
0.416299000000002 0.278959917373031
0.416399000000002 0.296205909710997
0.416499000000002 0.392127154616693
0.416599000000002 0.410406728989722
0.416699000000002 0.483840575693472
0.416799000000002 0.500975814758773
0.416899000000002 0.563910254765452
0.416999000000002 0.589909697764787
0.417099000000002 0.645463737862342
0.417199000000002 0.677608232760149
0.417299000000002 0.733967002415936
0.417399000000002 0.794047056553708
0.417499000000002 0.807509354656867
0.417599000000002 0.835551990319357
0.417699000000002 0.87792393925176
0.417799000000002 0.880509937075725
0.417899000000002 0.912482302286569
0.417999000000002 0.892791288207304
0.418099000000002 0.925093058982861
0.418199000000002 0.941936680590535
0.418299000000002 0.943588438877482
0.418399000000002 0.97096837187785
0.418499000000002 0.976206174958806
0.418599000000002 0.935046862517562
0.418699000000002 0.95934632025786
0.418799000000002 0.954405953977279
0.418899000000002 0.960711359331357
0.418999000000002 0.933976210520477
0.419099000000002 0.945011966055796
0.419199000000002 0.94408144589552
0.419299000000002 0.946739571318217
0.419399000000002 0.908128342547274
0.419499000000002 0.904586556181594
0.419599000000002 0.874164454500698
0.419699000000002 0.825899048269615
0.419799000000002 0.829674462926202
0.419899000000002 0.768892022225279
0.419999000000002 0.754042254200072
0.420099000000002 0.713858036009903
0.420199000000002 0.67287605457555
0.420299000000002 0.6435488573564
0.420399000000002 0.610837205935735
0.420499000000002 0.553496107541498
0.420599000000002 0.498855697006005
0.420699000000002 0.446251932881453
0.420799000000002 0.375430623696382
0.420899000000002 0.323463122124127
0.420999000000002 0.269486044388623
0.421099000000002 0.189836210429214
0.421199000000002 0.144205165874028
0.421299000000002 0.0900672775166659
0.421399000000002 0.0387866005504445
0.421499000000002 -0.0270111033291049
0.421599000000002 -0.0726899197845024
0.421699000000002 -0.128444522471782
0.421799000000002 -0.190717055547206
0.421899000000002 -0.24689509458084
0.421999000000002 -0.306233610404894
0.422099000000002 -0.365859136896375
0.422199000000002 -0.421729458713245
0.422299000000002 -0.478229556857662
0.422399000000002 -0.515575650526014
0.422499000000002 -0.571128440977891
0.422599000000002 -0.616900739644445
0.422699000000002 -0.679758442112553
0.422799000000002 -0.699473834451815
0.422899000000002 -0.751565765452987
0.422999000000002 -0.788062484192387
0.423099000000002 -0.815816875247785
0.423199000000002 -0.852909010507662
0.423299000000002 -0.886508774170129
0.423399000000002 -0.901898413504522
0.423499000000002 -0.948098576858721
0.423599000000002 -0.950262839732327
0.423699000000002 -0.96231455356858
0.423799000000002 -0.990949080754167
0.423899000000002 -1.02115752378324
0.423999000000002 -1.02614914804889
0.424099000000002 -1.01823081094232
0.424199000000002 -1.04505241093925
0.424299000000002 -1.07510465187651
0.424399000000002 -1.06799103721062
0.424499000000002 -1.04262937079035
0.424599000000002 -1.05692917035896
0.424699000000002 -1.01757142689662
0.424799000000002 -1.00300667015183
0.424899000000002 -0.968678521231656
0.424999000000002 -0.983696221938307
0.425099000000002 -0.948170405120084
0.425199000000002 -0.935580805632732
0.425299000000002 -0.933422971324688
0.425399000000002 -0.850260368053657
0.425499000000002 -0.853485919251721
0.425599000000002 -0.825518809051257
0.425699000000002 -0.773599100283316
0.425799000000002 -0.709076192252519
0.425899000000002 -0.666980017585573
0.425999000000002 -0.611209384686294
0.426099000000002 -0.563784919590238
0.426199000000002 -0.511124543632137
0.426299000000002 -0.452811093117743
0.426399000000002 -0.393757372319271
0.426499000000002 -0.366112648430085
0.426599000000002 -0.303352184764981
0.426699000000002 -0.252185922435939
0.426799000000002 -0.181026231812629
0.426899000000002 -0.0996622961844189
0.426999000000002 -0.0563914790549405
0.427099000000002 0.0204994957443437
0.427199000000002 0.0773079620187474
0.427299000000002 0.104602194056695
0.427399000000002 0.202235705803344
0.427499000000002 0.244832114679146
0.427599000000002 0.29168189190646
0.427699000000002 0.355262980180283
0.427799000000002 0.399188099593947
0.427899000000002 0.460799655832053
0.427999000000002 0.476070499666114
0.428099000000002 0.527231687646664
0.428199000000002 0.570274157878787
0.428299000000002 0.628503686798351
0.428399000000002 0.677262127030272
0.428499000000002 0.717926108226664
0.428599000000002 0.763359151565012
0.428699000000002 0.796952913545572
0.428799000000002 0.83462136008314
0.428899000000002 0.865529762439444
0.428999000000002 0.904685328179646
0.429099000000002 0.922868010398931
0.429199000000002 0.95581147753524
0.429299000000002 0.943269464474395
0.429399000000002 0.993716012179468
0.429499000000002 0.982416112582453
0.429599000000002 1.02500980484696
0.429699000000002 1.03016637903268
0.429799000000002 1.04903203938539
0.429899000000002 1.05018745275304
0.429999000000002 1.04381649180022
0.430099000000002 1.04434573846299
0.430199000000002 1.0271216720345
0.430299000000002 1.05884681189375
0.430399000000002 1.00740708694499
0.430499000000002 0.978102085034987
0.430599000000002 0.934706388134578
0.430699000000002 0.944807347406043
0.430799000000002 0.889162312063301
0.430899000000002 0.873331099178573
0.430999000000002 0.83777058942481
0.431099000000002 0.841416020738321
0.431199000000002 0.791422531982056
0.431299000000002 0.741065724903376
0.431399000000002 0.714463068933417
0.431499000000002 0.659037779613623
0.431599000000002 0.618136940612334
0.431699000000002 0.543637676313862
0.431799000000002 0.502842717180214
0.431899000000002 0.414166385935207
0.431999000000002 0.390996498482809
0.432099000000002 0.299592429785479
0.432199000000002 0.271150345151714
0.432299000000002 0.206610250730508
0.432399000000002 0.144219434539442
0.432499000000002 0.0981765942140436
0.432599000000002 0.0346562397897861
0.432699000000002 0.0156836352901715
0.432799000000002 -0.0672789225926487
0.432899000000002 -0.0881163542306815
0.432999000000002 -0.197026899717166
0.433099000000002 -0.207624609413627
0.433199000000002 -0.26310233308226
0.433299000000002 -0.306627848396095
0.433399000000002 -0.359366468715516
0.433499000000002 -0.378130936768234
0.433599000000002 -0.411662254176695
0.433699000000002 -0.444933554368327
0.433799000000002 -0.482740007064266
0.433899000000002 -0.540835870215801
0.433999000000002 -0.566954359981305
0.434099000000002 -0.629204337171789
0.434199000000002 -0.647264517872221
0.434299000000002 -0.683413895778433
0.434399000000002 -0.712056655098931
0.434499000000002 -0.74963250797269
0.434599000000002 -0.775045302022905
0.434699000000002 -0.845776302557768
0.434799000000002 -0.833252522144339
0.434899000000002 -0.851762999830655
0.434999000000002 -0.871094182576274
0.435099000000002 -0.858668213597508
0.435199000000002 -0.914456600873695
0.435299000000002 -0.898340816948833
0.435399000000002 -0.878134107736644
0.435499000000002 -0.918667954909195
0.435599000000002 -0.90533209043868
0.435699000000002 -0.921297969257852
0.435799000000002 -0.899620817612734
0.435899000000002 -0.905347024619558
0.435999000000002 -0.890258898798558
0.436099000000002 -0.882419398149755
0.436199000000002 -0.880714402096071
0.436299000000002 -0.830877452477291
0.436399000000002 -0.810617795617041
0.436499000000002 -0.773088284083504
0.436599000000002 -0.760953366979504
0.436699000000002 -0.703408333162917
0.436799000000002 -0.674367578999259
0.436899000000002 -0.609863284733851
0.436999000000002 -0.586303539611672
0.437099000000002 -0.549405150347795
0.437199000000002 -0.522133601620606
0.437299000000002 -0.485759474339387
0.437399000000002 -0.469854146767963
0.437499000000002 -0.437898381700489
0.437599000000002 -0.380221804500173
0.437699000000002 -0.332720574135071
0.437799000000002 -0.298318117061016
0.437899000000002 -0.22978368559399
0.437999000000002 -0.189065498518914
0.438099000000002 -0.158542005725251
0.438199000000002 -0.114725198295627
0.438299000000002 -0.0756584242700897
0.438399000000002 -0.0100415466500091
0.438499000000002 0.0289316484524387
0.438599000000002 0.0282694990841877
0.438699000000002 0.0975859275526451
0.438799000000002 0.140926674174701
0.438899000000002 0.178800047539202
0.438999000000002 0.238701521912066
0.439099000000002 0.277633852257576
0.439199000000002 0.309265147969665
0.439299000000002 0.323215776516898
0.439399000000002 0.39245712572931
0.439499000000002 0.429605002611725
0.439599000000002 0.488311649003819
0.439699000000002 0.523506094835823
0.439799000000002 0.578961377937081
0.439899000000002 0.596936956288337
0.439999000000002 0.608979182405536
0.440099000000002 0.635748015783279
0.440199000000002 0.616056265275471
0.440299000000002 0.647596035950565
0.440399000000002 0.65896078291975
0.440499000000002 0.68164419417049
0.440599000000002 0.672599991536467
0.440699000000002 0.724933297574791
0.440799000000002 0.724323630612191
0.440899000000002 0.760499250089496
0.440999000000002 0.735666619816709
0.441099000000002 0.750998867190833
0.441199000000002 0.75325269673072
0.441299000000002 0.761894847013664
0.441399000000002 0.727524522251213
0.441499000000002 0.729543951832418
0.441599000000002 0.739837345900743
0.441699000000002 0.721820154409209
0.441799000000002 0.689654822578547
0.441899000000002 0.682880083723796
0.441999000000002 0.679295913655324
0.442099000000002 0.649965343829149
0.442199000000002 0.660373957639099
0.442299000000002 0.610273307706183
0.442399000000002 0.581785519790296
0.442499000000002 0.539101502917676
0.442599000000002 0.524235957705379
0.442699000000002 0.489792405444216
0.442799000000002 0.477728030664884
0.442899000000002 0.416254383985097
0.442999000000002 0.397671638575562
0.443099000000002 0.342920799132361
0.443199000000002 0.322469892493194
0.443299000000002 0.278350305325414
0.443399000000002 0.260055012892292
0.443499000000002 0.21764222561292
0.443599000000002 0.191924340497184
0.443699000000002 0.165779206133285
0.443799000000002 0.149766677101583
0.443899000000002 0.118125782262114
0.443999000000002 0.0353698787560688
0.444099000000002 0.0162435557675458
0.444199000000002 -0.0242900693925089
0.444299000000002 -0.0543626450221205
0.444399000000002 -0.0581331472445671
0.444499000000002 -0.0979165933950049
0.444599000000002 -0.124312120361067
0.444699000000002 -0.133458779330787
0.444799000000002 -0.15668178747333
0.444899000000002 -0.188605396028381
0.444999000000002 -0.224110698894986
0.445099000000002 -0.224697241480875
0.445199000000002 -0.266318102517001
0.445299000000002 -0.295552572712969
0.445399000000002 -0.349520199012244
0.445499000000002 -0.360457503210946
0.445599000000002 -0.389259718678604
0.445699000000002 -0.427851998128702
0.445799000000002 -0.436920990797071
0.445899000000002 -0.463881721333434
0.445999000000002 -0.477038892626264
0.446099000000002 -0.503141190594919
0.446199000000002 -0.502418187134167
0.446299000000002 -0.540464407046899
0.446399000000002 -0.542917542481432
0.446499000000002 -0.555099832049127
0.446599000000002 -0.568951410521524
0.446699000000002 -0.574652782464192
0.446799000000002 -0.597681699434379
0.446899000000002 -0.572361475815728
0.446999000000002 -0.560198762172692
0.447099000000002 -0.561852593058243
0.447199000000002 -0.566165448387316
0.447299000000002 -0.553096126157023
0.447399000000002 -0.524606454941534
0.447499000000002 -0.532687110572936
0.447599000000002 -0.520848908570043
0.447699000000002 -0.496391996091235
0.447799000000002 -0.492958274241474
0.447899000000002 -0.4848518539144
0.447999000000002 -0.492212918362896
0.448099000000002 -0.448841977540425
0.448199000000002 -0.425522250929131
0.448299000000002 -0.414874082150511
0.448399000000002 -0.373292876442344
0.448499000000002 -0.393091480080297
0.448599000000002 -0.320143181555926
0.448699000000002 -0.309408596813292
0.448799000000002 -0.282843600705709
0.448899000000002 -0.250029308381531
0.448999000000002 -0.271385173991114
0.449099000000002 -0.216168865032951
0.449199000000002 -0.239616934363542
0.449299000000002 -0.208135057883257
0.449399000000002 -0.21994384163435
0.449499000000002 -0.177973980995545
0.449599000000002 -0.187035425515956
0.449699000000002 -0.126644913752939
0.449799000000002 -0.114703167281547
0.449899000000002 -0.116624947514611
0.449999000000002 -0.0839943394093145
0.450099000000002 -0.0451340372972092
0.450199000000002 -0.0160330810110405
0.450299000000002 -0.00248911757761172
0.450399000000002 0.0283809698401883
0.450499000000002 0.0555286190974427
0.450599000000002 0.0651029071566045
0.450699000000002 0.0961994351155936
0.450799000000002 0.116889505192762
0.450899000000002 0.140029488182385
0.450999000000002 0.155942602856116
0.451099000000002 0.157692352504634
0.451199000000002 0.22619554804771
0.451299000000002 0.206402113641926
0.451399000000002 0.226525494492928
0.451499000000002 0.252258223075362
0.451599000000002 0.26680890011361
0.451699000000002 0.280589470968599
0.451799000000002 0.281468749877092
0.451899000000002 0.298266444710996
0.451999000000002 0.324210393702797
0.452099000000002 0.326627943396029
0.452199000000002 0.350832379509605
0.452299000000002 0.368737925199205
0.452399000000002 0.370371556715418
0.452499000000002 0.368814886751907
0.452599000000002 0.360848064264656
0.452699000000002 0.378967559596018
0.452799000000002 0.352615738943687
0.452899000000002 0.379182809660573
0.452999000000002 0.351843673829185
0.453099000000002 0.361236177353691
0.453199000000002 0.35416535329042
0.453299000000002 0.363828295952137
0.453399000000002 0.36263736120919
0.453499000000002 0.364129762940994
0.453599000000002 0.385799264457579
0.453699000000002 0.380186060544006
0.453799000000002 0.375838631402233
0.453899000000002 0.332423717357833
0.453999000000002 0.352470384774499
0.454099000000002 0.330132503184581
0.454199000000002 0.358901938874381
0.454299000000002 0.361092144155963
0.454399000000002 0.366530509949926
0.454499000000002 0.333254661200819
0.454599000000002 0.318723498712678
0.454699000000002 0.336671208539121
0.454799000000002 0.286638897135012
0.454899000000002 0.329184051283731
0.454999000000002 0.297054937398444
0.455099000000002 0.302373854756083
0.455199000000002 0.282981346571208
0.455299000000002 0.302877848497277
0.455399000000002 0.267461737070156
0.455499000000002 0.252230263176588
0.455599000000002 0.234096451285481
0.455699000000002 0.188990888414213
0.455799000000002 0.182897918846103
0.455899000000002 0.153659737017856
0.455999000000002 0.160830027610092
0.456099000000002 0.120825667132828
0.456199000000002 0.0806297697034239
0.456299000000002 0.0904260543837245
0.456399000000002 0.073066060598224
0.456499000000002 0.0839400573968564
0.456599000000002 0.0344752266968876
0.456699000000002 0.0217310004898065
0.456799000000002 0.0131616040326798
0.456899000000002 0.0173452457795705
0.456999000000002 -0.0111416824246958
0.457099000000002 -0.0396184002333445
0.457199000000002 -0.0315698246500267
0.457299000000002 -0.0522855989738192
0.457399000000002 -0.0565982385452127
0.457499000000002 -0.0999479477040869
0.457599000000002 -0.0902628433876156
0.457699000000002 -0.105887921037092
0.457799000000002 -0.113786575423535
0.457899000000002 -0.138658453641277
0.457999000000002 -0.161862082575109
0.458099000000002 -0.158473335384544
0.458199000000002 -0.199317479649337
0.458299000000002 -0.192091070552136
0.458399000000002 -0.203000652675492
0.458499000000002 -0.242280813843873
0.458599000000002 -0.264829621404215
0.458699000000002 -0.272642478930616
0.458799000000002 -0.302033114358696
0.458899000000002 -0.316661643100733
0.458999000000002 -0.310311731977408
0.459099000000002 -0.323857959891954
0.459199000000002 -0.322071691210829
0.459299000000002 -0.329003202936255
0.459399000000002 -0.333869825872551
0.459499000000002 -0.375434735536525
0.459599000000002 -0.369290113615282
0.459699000000002 -0.386107234055544
0.459799000000002 -0.37548700288056
0.459899000000002 -0.407581012334576
0.459999000000002 -0.423971872844731
0.460099000000002 -0.387317651470425
0.460199000000002 -0.418807640785598
0.460299000000002 -0.396447888265308
0.460399000000002 -0.433497323076583
0.460499000000002 -0.408578927362249
0.460599000000002 -0.426465989263589
0.460699000000002 -0.403092321697211
0.460799000000002 -0.396962467304584
0.460899000000002 -0.383626211130388
0.460999000000002 -0.410153220280198
0.461099000000002 -0.398353278787033
0.461199000000002 -0.400224976386943
0.461299000000002 -0.377904209807304
0.461399000000002 -0.391137433231952
0.461499000000002 -0.373347460866298
0.461599000000002 -0.341221778314363
0.461699000000002 -0.350630069197236
0.461799000000002 -0.353314753402903
0.461899000000002 -0.319577143149192
0.461999000000002 -0.332112895572721
0.462099000000002 -0.294062995218238
0.462199000000002 -0.295047930021832
0.462299000000002 -0.248251090014722
0.462399000000002 -0.250009606207452
0.462499000000002 -0.223977359274434
0.462599000000002 -0.215023341977473
0.462699000000002 -0.207090805694186
0.462799000000002 -0.177957283162646
0.462899000000002 -0.182700743236214
0.462999000000002 -0.124422195870944
0.463099000000002 -0.120116046093312
0.463199000000002 -0.0995641035173444
0.463299000000002 -0.0632263005276521
0.463399000000002 -0.0445966070177552
0.463499000000002 -0.0143427793203527
0.463599000000002 -0.0202475421037663
0.463699000000002 0.022963811879577
0.463799000000002 0.0472680566329246
0.463899000000002 0.1070541367471
0.463999000000002 0.0928292070835358
0.464099000000002 0.149618513123806
0.464199000000002 0.153666456521578
0.464299000000002 0.18190279631199
0.464399000000002 0.211500877586296
0.464499000000002 0.237452720010609
0.464599000000002 0.242572813692746
0.464699000000002 0.281459777432863
0.464799000000002 0.311509202339504
0.464899000000002 0.353682410170737
0.464999000000002 0.38011328703394
0.465099000000002 0.368916344058974
0.465199000000002 0.41250953866186
0.465299000000002 0.397495796711149
0.465399000000002 0.432308287945295
0.465499000000002 0.435019544234714
0.465599000000002 0.47289730436519
0.465699000000002 0.505279262402885
0.465799000000002 0.541442355900748
0.465899000000002 0.528649366813193
0.465999000000002 0.520578777622365
0.466099000000002 0.550777464024132
0.466199000000002 0.535176991018455
0.466299000000002 0.521169895183399
0.466399000000002 0.522216776009715
0.466499000000002 0.546544155804719
0.466599000000002 0.560499649563522
0.466699000000002 0.528177918196098
0.466799000000002 0.559376265777693
0.466899000000002 0.563002071611595
0.466999000000002 0.561068039472426
0.467099000000002 0.558668001640901
0.467199000000002 0.568911435469336
0.467299000000002 0.547724992568565
0.467399000000002 0.529874857991564
0.467499000000002 0.529668355099939
0.467599000000002 0.468809232672854
0.467699000000002 0.484615219904122
0.467799000000002 0.47476902319448
0.467899000000002 0.453327681618522
0.467999000000002 0.449750823411353
0.468099000000002 0.434977461635177
0.468199000000002 0.416591676638083
0.468299000000002 0.384118304436126
0.468399000000002 0.370438373498875
0.468499000000002 0.330715007691976
0.468599000000002 0.273895618271127
0.468699000000002 0.263933410052337
0.468799000000002 0.251521975109765
0.468899000000002 0.191298231835506
0.468999000000002 0.181472938181846
0.469099000000002 0.153322680815901
0.469199000000002 0.125158460514252
0.469299000000002 0.0770550116962975
0.469399000000002 0.0118714073485415
0.469499000000002 -0.018963272358824
0.469599000000002 -0.036960269551303
0.469699000000002 -0.0511426474705039
0.469799000000002 -0.116900708155896
0.469899000000002 -0.154978472807102
0.469999000000002 -0.186364802326011
0.470099000000002 -0.215981042159321
0.470199000000002 -0.248860580597876
0.470299000000002 -0.281363761371064
0.470399000000002 -0.319930646305295
0.470499000000002 -0.335004099209712
0.470599000000002 -0.359986134424271
0.470699000000002 -0.393416612672419
0.470799000000002 -0.434053766751683
0.470899000000002 -0.4611968563021
0.470999000000002 -0.48350382173581
0.471099000000002 -0.513455222450425
0.471199000000002 -0.516262854581512
0.471299000000002 -0.576235411085246
0.471399000000002 -0.571795642734928
0.471499000000002 -0.615061328833171
0.471599000000002 -0.580821001353839
0.471699000000002 -0.624234758761137
0.471799000000002 -0.646223099242254
0.471899000000002 -0.645953638494588
0.471999000000002 -0.692345719261325
0.472099000000002 -0.692416262111611
0.472199000000002 -0.713447445000489
0.472299000000002 -0.700601086096809
0.472399000000002 -0.717148869075872
0.472499000000002 -0.721562747866108
0.472599000000002 -0.740420513926191
0.472699000000002 -0.740605072206437
0.472799000000002 -0.713561717810939
0.472899000000002 -0.689587022599284
0.472999000000002 -0.672739538352161
0.473099000000002 -0.648392857186565
0.473199000000002 -0.635986779871038
0.473299000000002 -0.607271995368026
0.473399000000002 -0.594853924125451
0.473499000000002 -0.606966293080401
0.473599000000002 -0.543059025997076
0.473699000000002 -0.532332953928163
0.473799000000002 -0.532668632362646
0.473899000000002 -0.494122160197193
0.473999000000002 -0.472326180842904
0.474099000000002 -0.440006776679835
0.474199000000002 -0.427558100035377
0.474299000000002 -0.372896579577676
0.474399000000002 -0.367976216212745
0.474499000000002 -0.330552665000255
0.474599000000002 -0.273955034121213
0.474699000000002 -0.213895173929787
0.474799000000002 -0.156312894612881
0.474899000000002 -0.147786522713445
0.474999000000002 -0.0795896560794362
0.475099000000002 -0.0737940090953228
0.475199000000002 -0.00666854049522863
0.475299000000002 0.0184588021795837
0.475399000000002 0.074458647540962
0.475499000000002 0.0807642805158578
0.475599000000002 0.142647318221046
0.475699000000002 0.182822828280863
0.475799000000002 0.229683171580236
0.475899000000002 0.282627558080344
0.475999000000002 0.31639343713311
0.476099000000002 0.350672177805644
0.476199000000002 0.368816794991094
0.476299000000002 0.42727726891974
0.476399000000002 0.470572495362512
0.476499000000002 0.484572424197771
0.476599000000002 0.522097333714875
0.476699000000002 0.530597594322038
0.476799000000002 0.577186975875468
0.476899000000002 0.595447542864429
0.476999000000002 0.62750262366479
0.477099000000002 0.649660174827872
0.477199000000002 0.651304238567564
0.477299000000002 0.688022821183911
0.477399000000002 0.698092608558741
0.477499000000002 0.730305809218144
0.477599000000002 0.740772442627548
0.477699000000003 0.750884863644688
0.477799000000001 0.754715894263444
0.477899000000003 0.75115582239242
0.477999000000001 0.745394487692706
0.478099000000004 0.779793220869438
0.478199000000002 0.746604020765769
0.478299 0.761667478649009
0.478399000000003 0.739298923594997
0.478499000000001 0.747199506686626
0.478599000000003 0.720971946440129
0.478699000000001 0.722039927570029
0.478799000000004 0.725922453074567
0.478899000000002 0.693811728382684
0.478999 0.68929151145774
0.479099000000003 0.659492655161971
0.479199000000001 0.657837369660691
0.479299000000004 0.648742649448283
0.479399000000001 0.60397814801429
0.479499000000004 0.595041304979784
0.479599000000002 0.538696073355802
0.479699 0.515813689647044
0.479799000000003 0.46607092702119
0.479899000000001 0.432054300880151
0.479999000000004 0.399241151980218
0.480099000000002 0.357084759149453
0.480199 0.334832374196966
0.480299000000002 0.279986665942704
0.480399 0.240762673118585
0.480499000000003 0.192068902269683
0.480599000000001 0.122921024072831
0.480699000000004 0.100618684497022
0.480799000000002 0.0436179353662463
0.480899 -0.00609588694973378
0.480999000000002 -0.0460626884826482
0.481099 -0.104746228882794
0.481199000000003 -0.129481318428066
0.481299000000001 -0.203868455570049
0.481399000000004 -0.209894902063071
0.481499000000002 -0.279000056291032
0.481599 -0.293056341565809
0.481699000000002 -0.332852875293053
0.481799 -0.387572515992599
0.481899000000003 -0.398803975934581
0.481999000000001 -0.453956350258674
0.482099000000004 -0.495254873032289
0.482199000000002 -0.543822053406762
0.482299 -0.559996110532713
0.482399000000003 -0.609216766695845
0.482499 -0.619159000124328
0.482599000000003 -0.640524867468112
0.482699000000001 -0.659245353055608
0.482799000000004 -0.691994614085119
0.482899000000002 -0.694439155908245
0.482999 -0.701986763942712
0.483099000000003 -0.725080865010902
0.483199000000001 -0.738883916283039
0.483299000000003 -0.76562399208543
0.483399000000001 -0.780210547882263
0.483499000000004 -0.80908992032613
0.483599000000002 -0.8145400423708
0.483699 -0.831654316426764
0.483799000000003 -0.777692076812563
0.483899000000001 -0.803089136048342
0.483999000000003 -0.783340761216296
0.484099000000001 -0.797609620965806
0.484199000000004 -0.762229015539497
0.484299000000002 -0.783082563128062
0.484399 -0.723165648749974
0.484499000000003 -0.702553078282026
0.484599000000001 -0.669369282704172
0.484699000000003 -0.668604319799451
0.484799000000001 -0.629969186104498
0.484899000000004 -0.612991684383616
0.484999000000002 -0.592447499083127
0.485099 -0.551394415165931
0.485199000000003 -0.528783628959813
0.485299000000001 -0.488347058251679
0.485399000000004 -0.466326018093986
0.485499000000002 -0.418955451318415
0.485599000000004 -0.380612441570702
0.485699000000002 -0.340433818541355
0.485799 -0.296674538363409
0.485899000000003 -0.289947284465936
0.485999000000001 -0.207137550761868
0.486099000000004 -0.212120615726059
0.486199000000002 -0.12286377642411
0.486299 -0.07815900158546
0.486399000000002 -0.0623818707809303
0.486499 -0.00826105706744432
0.486599000000003 0.00805221838871817
0.486699000000001 0.0762067263943757
0.486799000000004 0.110243055660779
0.486899000000002 0.141562344296637
0.486999 0.207113471348716
0.487099000000002 0.26018503599101
0.487199 0.28795938953064
0.487299000000003 0.321828979965356
0.487399000000001 0.36687572953744
0.487499000000004 0.410138884507467
0.487599000000002 0.438648829230741
0.487699 0.480687652562167
0.487799000000002 0.509809337927845
0.487899 0.518826721641603
0.487999000000003 0.543563974821598
0.488099000000001 0.563907600425887
0.488199000000004 0.59195936401749
0.488299000000002 0.655451294058726
0.488399 0.665020383229185
0.488499000000003 0.679500887584839
0.488599000000001 0.677900325930064
0.488699000000003 0.67944993426524
0.488799000000001 0.692472403672551
0.488899000000004 0.691750538168408
0.488999000000002 0.70175704372522
0.489099 0.72779052599098
0.489199000000003 0.725487899293341
0.489299000000001 0.728713129955632
0.489399000000003 0.713507165748436
0.489499000000001 0.736020672567879
0.489599000000004 0.706899901060762
0.489699000000002 0.708722756821374
0.489799 0.701617977524152
0.489899000000003 0.678726902476034
0.489999000000001 0.667459887528895
0.490099000000003 0.645833595339187
0.490199000000001 0.627928912567691
0.490299000000004 0.61073382851253
0.490399000000002 0.594739755566183
0.490499 0.574451761720595
0.490599000000003 0.558634357444168
0.490699000000001 0.533528246502649
0.490799000000004 0.489934978961834
0.490899000000001 0.456414329545218
0.490999000000004 0.436466936291003
0.491099000000002 0.396553425154362
0.491199 0.347136487908897
0.491299000000003 0.30991215959592
0.491399000000001 0.283480913601005
0.491499000000004 0.249296816599963
0.491599000000002 0.196980613156104
0.491699000000004 0.18050487364061
0.491799000000002 0.0959053856587118
0.491899 0.0565064956247723
0.491999000000003 0.0452242811231221
0.492099000000001 -0.00832465816671348
0.492199000000004 -0.0433336167696633
0.492299000000002 -0.0555922701163813
0.492399 -0.118955783291099
0.492499000000002 -0.158827586434535
0.492599 -0.18182806699159
0.492699000000003 -0.224320693997046
0.492799000000001 -0.267272535392228
0.492899000000004 -0.29890817303285
0.492999000000002 -0.302735207744268
0.493099 -0.349502811080777
0.493199000000002 -0.360223704473084
0.493299 -0.383188454376587
0.493399000000003 -0.37662247763177
0.493499000000001 -0.426002700532416
0.493599000000004 -0.455237390336734
0.493699000000002 -0.515624873980972
0.493799 -0.496629331311693
0.493899000000002 -0.562268467382567
0.493999 -0.556439438798191
0.494099000000003 -0.595673795170169
0.494199000000001 -0.586265621356286
0.494299000000004 -0.593407948314021
0.494399000000002 -0.604618455337078
0.494499 -0.588381798404615
0.494599000000003 -0.624118693810726
0.494699000000001 -0.603294684060243
0.494799000000003 -0.588262409878106
0.494899000000001 -0.601132495531242
0.494999000000004 -0.607424489792332
0.495099000000002 -0.62432422407339
0.495199 -0.620835626631259
0.495299000000003 -0.64285136588708
0.495399000000001 -0.595999551508841
0.495499000000003 -0.608351276940546
0.495599000000001 -0.600404341890804
0.495699000000004 -0.555574894415149
0.495799000000002 -0.548863971848222
0.495899 -0.545482854441087
0.495999000000003 -0.519151900139767
0.496099000000001 -0.505622399408139
0.496199000000003 -0.49278024967489
0.496299000000001 -0.453637237245324
0.496399000000004 -0.423461106682761
0.496499000000002 -0.379184724553238
0.496599 -0.35415383781842
0.496699000000003 -0.343965188839458
0.496799000000001 -0.319793790827918
0.496899000000004 -0.279640008650096
0.496999000000001 -0.268664019220793
0.497099000000004 -0.236024212061858
0.497199000000002 -0.199576549948763
0.497299 -0.162602964802103
0.497399000000003 -0.111485517789447
0.497499000000001 -0.110106645830326
0.497599000000004 -0.0717393174694887
0.497699000000002 -0.0415098850644332
0.497799000000004 -0.0140690745393067
0.497899000000002 0.0260982485326768
0.497999 0.0657272390699803
0.498099000000003 0.0976053268517363
0.498199000000001 0.123951656491036
0.498299000000004 0.137703091351336
0.498399000000002 0.193950472591658
0.498499000000004 0.227418351409237
0.498599000000002 0.244954927284144
0.498699 0.282563288292385
0.498799000000003 0.323551599393607
0.498899000000001 0.330819618107631
0.498999000000004 0.34788898904858
0.499099000000002 0.37196519418773
0.499199 0.366743049532228
0.499299000000002 0.383942734780583
0.499399 0.39571416846207
0.499499000000003 0.391155426000756
0.499599000000001 0.400201581980211
0.499699000000004 0.428794205896209
0.499799000000002 0.445281690517381
0.499899 0.471185895786888
0.499999000000003 0.480768635829982
